{
	"credit": "Made with Blockbench",
	"elements": [
		{
			"name": "speed1_0",
			"from": [2, 0, 7.5],
			"to": [14, 16, 8.5],
			"rotation": {"angle": 0, "axis": "y", "origin": [0, 0, 7.5]},
			"faces": {
				"north": {"uv": [14, 0, 2, 16], "texture": "#0"},
				"east": {"uv": [13, 0, 14, 16], "texture": "#0"},
				"south": {"uv": [2, 0, 14, 16], "texture": "#0"},
				"west": {"uv": [2, 0, 3, 16], "texture": "#0"},
				"up": {"uv": [2, 0, 14, 1], "texture": "#0"},
				"down": {"uv": [2, 15, 14, 16], "texture": "#0"}
			}
		},
		{
			"name": "speed1_1",
			"from": [1, 1, 7.5],
			"to": [2, 15, 8.5],
			"rotation": {"angle": 0, "axis": "y", "origin": [0, 0, 7.5]},
			"faces": {
				"north": {"uv": [2, 1, 1, 15], "texture": "#0"},
				"east": {"uv": [1, 1, 2, 15], "texture": "#0"},
				"south": {"uv": [1, 1, 2, 15], "texture": "#0"},
				"west": {"uv": [1, 1, 2, 15], "texture": "#0"},
				"up": {"uv": [1, 1, 2, 2], "texture": "#0"},
				"down": {"uv": [1, 14, 2, 15], "texture": "#0"}
			}
		},
		{
			"name": "speed1_2",
			"from": [14, 1, 7.5],
			"to": [15, 15, 8.5],
			"rotation": {"angle": 0, "axis": "y", "origin": [0, 0, 7.5]},
			"faces": {
				"north": {"uv": [15, 1, 14, 15], "texture": "#0"},
				"east": {"uv": [14, 1, 15, 15], "texture": "#0"},
				"south": {"uv": [14, 1, 15, 15], "texture": "#0"},
				"west": {"uv": [14, 1, 15, 15], "texture": "#0"},
				"up": {"uv": [14, 1, 15, 2], "texture": "#0"},
				"down": {"uv": [14, 14, 15, 15], "texture": "#0"}
			}
		},
		{
			"name": "speed1_3",
			"from": [0, 2, 7.5],
			"to": [1, 14, 8.5],
			"rotation": {"angle": 0, "axis": "y", "origin": [0, 0, 7.5]},
			"faces": {
				"north": {"uv": [1, 2, 0, 14], "texture": "#0"},
				"east": {"uv": [0, 2, 1, 14], "texture": "#0"},
				"south": {"uv": [0, 2, 1, 14], "texture": "#0"},
				"west": {"uv": [0, 2, 1, 14], "texture": "#0"},
				"up": {"uv": [0, 2, 1, 3], "texture": "#0"},
				"down": {"uv": [0, 13, 1, 14], "texture": "#0"}
			}
		},
		{
			"name": "speed1_4",
			"from": [15, 2, 7.5],
			"to": [16, 14, 8.5],
			"rotation": {"angle": 0, "axis": "y", "origin": [0, 0, 7.5]},
			"faces": {
				"north": {"uv": [16, 2, 15, 14], "texture": "#0"},
				"east": {"uv": [15, 2, 16, 14], "texture": "#0"},
				"south": {"uv": [15, 2, 16, 14], "texture": "#0"},
				"west": {"uv": [15, 2, 16, 14], "texture": "#0"},
				"up": {"uv": [15, 2, 16, 3], "texture": "#0"},
				"down": {"uv": [15, 13, 16, 14], "texture": "#0"}
			}
		}
	],
	"gui_light": "front",
	"display": {
		"thirdperson_righthand": {
			"translation": [0, 3, 1],
			"scale": [0.55, 0.55, 0.55]
		},
		"thirdperson_lefthand": {
			"translation": [0, 3, 1],
			"scale": [0.55, 0.55, 0.55]
		},
		"firstperson_righthand": {
			"rotation": [0, -90, 25],
			"translation": [1.13, 3.2, 1.13],
			"scale": [0.68, 0.68, 0.68]
		},
		"firstperson_lefthand": {
			"rotation": [0, -90, 25],
			"translation": [1.13, 3.2, 1.13],
			"scale": [0.68, 0.68, 0.68]
		},
		"ground": {
			"translation": [0, 2, 0],
			"scale": [0.5, 0.5, 0.5]
		},
		"head": {
			"rotation": [90, 0, 0],
			"translation": [0, -42.4, 0],
			"scale": [1.6, 1.6, 1.6]
		},
		"fixed": {
			"rotation": [0, 180, 0]
		}
	},
	"groups": [
		{
			"name": "speed1",
			"origin": [8, 8, 8],
			"color": 0,
			"nbt": "{}",
			"armAnimationEnabled": false,
			"children": [0, 1, 2, 3, 4]
		}
	]
}