{
	"credit": "Made with Blockbench",
	"texture_size": [128, 128],
	"textures": {
		"0": "expansion:mobs/drone",
		"particle": "expansion:mobs/drone"
	},
	"elements": [
		{
			"from": [1, 7.5, 4],
			"to": [3.5, 8.5, 10],
			"rotation": {"angle": 0, "axis": "z", "origin": [-7, 22, 3]},
			"faces": {
				"north": {"uv": [9.625, 3.75, 10, 3.875], "texture": "#0"},
				"east": {"uv": [8.75, 4.75, 9.5, 4.875], "texture": "#0"},
				"south": {"uv": [9.625, 4.5, 10, 4.625], "texture": "#0"},
				"west": {"uv": [8.75, 5, 9.5, 5.125], "texture": "#0"},
				"up": {"uv": [4.875, 7, 4.5, 6.25], "texture": "#0"},
				"down": {"uv": [5.375, 6.25, 5, 7], "texture": "#0"}
			}
		},
		{
			"from": [2, 6.5, 5],
			"to": [3, 7.5, 7],
			"rotation": {"angle": 0, "axis": "z", "origin": [-7, 22, 3]},
			"faces": {
				"north": {"uv": [6.375, 10.125, 6.5, 10.25], "texture": "#0"},
				"east": {"uv": [9.875, 2.125, 10.125, 2.25], "texture": "#0"},
				"south": {"uv": [10.125, 6.625, 10.25, 6.75], "texture": "#0"},
				"west": {"uv": [9.875, 2.375, 10.125, 2.5], "texture": "#0"},
				"up": {"uv": [7.625, 10, 7.5, 9.75], "texture": "#0"},
				"down": {"uv": [10, 2.625, 9.875, 2.875], "texture": "#0"}
			}
		},
		{
			"from": [2, 5.5, -2],
			"to": [3, 6.5, 9],
			"rotation": {"angle": 0, "axis": "z", "origin": [-7, 22, 3]},
			"faces": {
				"north": {"uv": [10.125, 6, 10.25, 6.125], "texture": "#0"},
				"east": {"uv": [7.75, 2.75, 9.125, 2.875], "texture": "#0"},
				"south": {"uv": [6.125, 10.125, 6.25, 10.25], "texture": "#0"},
				"west": {"uv": [7.75, 5.375, 9.125, 5.5], "texture": "#0"},
				"up": {"uv": [4.25, 8.875, 4.125, 7.5], "texture": "#0"},
				"down": {"uv": [6.125, 7.625, 6, 9], "texture": "#0"}
			}
		},
		{
			"from": [12.5, 7.5, 4],
			"to": [15, 8.5, 10],
			"rotation": {"angle": 0, "axis": "z", "origin": [23, 22, 3]},
			"faces": {
				"north": {"uv": [9.625, 4.75, 10, 4.875], "texture": "#0"},
				"east": {"uv": [6.75, 8.75, 7.5, 8.875], "texture": "#0"},
				"south": {"uv": [4.875, 9.625, 5.25, 9.75], "texture": "#0"},
				"west": {"uv": [7.625, 8.75, 8.375, 8.875], "texture": "#0"},
				"up": {"uv": [5.875, 7, 5.5, 6.25], "texture": "#0"},
				"down": {"uv": [6.75, 2.625, 6.375, 3.375], "texture": "#0"}
			}
		},
		{
			"from": [13, 6.5, 5],
			"to": [14, 7.5, 7],
			"rotation": {"angle": 0, "axis": "z", "origin": [23, 22, 3]},
			"faces": {
				"north": {"uv": [10.125, 7.375, 10.25, 7.5], "texture": "#0"},
				"east": {"uv": [4.5, 9.875, 4.75, 10], "texture": "#0"},
				"south": {"uv": [7.5, 10.125, 7.625, 10.25], "texture": "#0"},
				"west": {"uv": [4.875, 9.875, 5.125, 10], "texture": "#0"},
				"up": {"uv": [10, 5.5, 9.875, 5.25], "texture": "#0"},
				"down": {"uv": [10, 6, 9.875, 6.25], "texture": "#0"}
			}
		},
		{
			"from": [13, 5.5, -2],
			"to": [14, 6.5, 9],
			"rotation": {"angle": 0, "axis": "z", "origin": [23, 22, 3]},
			"faces": {
				"north": {"uv": [10.125, 6.875, 10.25, 7], "texture": "#0"},
				"east": {"uv": [7.75, 5.625, 9.125, 5.75], "texture": "#0"},
				"south": {"uv": [10.125, 7.125, 10.25, 7.25], "texture": "#0"},
				"west": {"uv": [7.625, 7.75, 9, 7.875], "texture": "#0"},
				"up": {"uv": [6.375, 9, 6.25, 7.625], "texture": "#0"},
				"down": {"uv": [1.625, 7.75, 1.5, 9.125], "texture": "#0"}
			}
		},
		{
			"from": [1.30133, 10.04224, 0],
			"to": [2.30133, 12.04224, 13],
			"rotation": {"angle": -22.5, "axis": "z", "origin": [1.80133, 13.54224, 6]},
			"faces": {
				"north": {"uv": [2.625, 5.875, 2.75, 6.125], "texture": "#0"},
				"east": {"uv": [5.375, 4, 7, 4.25], "texture": "#0"},
				"south": {"uv": [8.125, 9.625, 8.25, 9.875], "texture": "#0"},
				"west": {"uv": [5.375, 4.375, 7, 4.625], "texture": "#0"},
				"up": {"uv": [5.625, 8.75, 5.5, 7.125], "texture": "#0"},
				"down": {"uv": [5.875, 7.125, 5.75, 8.75], "texture": "#0"}
			}
		},
		{
			"from": [0, 5.5, 0],
			"to": [1, 10.5, 13],
			"rotation": {"angle": 0, "axis": "z", "origin": [-7, 22.5, 3]},
			"faces": {
				"north": {"uv": [5.125, 0.5, 5.25, 1.125], "texture": "#0"},
				"east": {"uv": [3.125, 2, 4.75, 2.625], "texture": "#0"},
				"south": {"uv": [4.75, 7.875, 4.875, 8.5], "texture": "#0"},
				"west": {"uv": [3.125, 2.75, 4.75, 3.375], "texture": "#0"},
				"up": {"uv": [5.125, 8.75, 5, 7.125], "texture": "#0"},
				"down": {"uv": [5.375, 7.125, 5.25, 8.75], "texture": "#0"}
			}
		},
		{
			"from": [0.53596, 5.5, -0.69448],
			"to": [1.53596, 10.5, 0.30552],
			"rotation": {"angle": -22.5, "axis": "y", "origin": [1.03596, 8, -1.19448]},
			"faces": {
				"north": {"uv": [8.75, 8.75, 8.875, 9.375], "texture": "#0"},
				"east": {"uv": [1.125, 8.875, 1.25, 9.5], "texture": "#0"},
				"south": {"uv": [8.875, 3, 9, 3.625], "texture": "#0"},
				"west": {"uv": [5, 8.875, 5.125, 9.5], "texture": "#0"},
				"up": {"uv": [5.25, 1.375, 5.125, 1.25], "texture": "#0"},
				"down": {"uv": [1.375, 8, 1.25, 8.125], "texture": "#0"}
			}
		},
		{
			"from": [1.30133, 3.95776, 0],
			"to": [2.30133, 5.95776, 13],
			"rotation": {"angle": 22.5, "axis": "z", "origin": [1.80133, 2.45776, 6]},
			"faces": {
				"north": {"uv": [0.375, 9.75, 0.5, 10], "texture": "#0"},
				"east": {"uv": [5.375, 4.75, 7, 5], "texture": "#0"},
				"south": {"uv": [9.75, 0.75, 9.875, 1], "texture": "#0"},
				"west": {"uv": [5.375, 5.125, 7, 5.375], "texture": "#0"},
				"up": {"uv": [7.375, 2.875, 7.25, 1.25], "texture": "#0"},
				"down": {"uv": [2.375, 7.375, 2.25, 9], "texture": "#0"}
			}
		},
		{
			"from": [0.53596, 5.5, 12.69448],
			"to": [1.53596, 10.5, 15.69448],
			"rotation": {"angle": 22.5, "axis": "y", "origin": [1.03596, 8, 14.19448]},
			"faces": {
				"north": {"uv": [4.75, 8.625, 4.875, 9.25], "texture": "#0"},
				"east": {"uv": [6.875, 6.75, 7.25, 7.375], "texture": "#0"},
				"south": {"uv": [8.5, 8.75, 8.625, 9.375], "texture": "#0"},
				"west": {"uv": [7.125, 0, 7.5, 0.625], "texture": "#0"},
				"up": {"uv": [4.75, 1.875, 4.625, 1.5], "texture": "#0"},
				"down": {"uv": [1.5, 9.25, 1.375, 9.625], "texture": "#0"}
			}
		},
		{
			"from": [13.69867, 10.04224, 0],
			"to": [14.69867, 12.04224, 13],
			"rotation": {"angle": 22.5, "axis": "z", "origin": [14.19867, 13.54224, 6]},
			"faces": {
				"north": {"uv": [1.875, 9.75, 2, 10], "texture": "#0"},
				"east": {"uv": [5.875, 3.5, 7.5, 3.75], "texture": "#0"},
				"south": {"uv": [2.125, 9.75, 2.25, 10], "texture": "#0"},
				"west": {"uv": [4.375, 5.875, 6, 6.125], "texture": "#0"},
				"up": {"uv": [3.75, 9.125, 3.625, 7.5], "texture": "#0"},
				"down": {"uv": [4, 7.5, 3.875, 9.125], "texture": "#0"}
			}
		},
		{
			"from": [14.46404, 5.5, -0.69448],
			"to": [15.46404, 10.5, 0.30552],
			"rotation": {"angle": 22.5, "axis": "y", "origin": [14.96404, 8, -1.19448]},
			"faces": {
				"north": {"uv": [2, 9, 2.125, 9.625], "texture": "#0"},
				"east": {"uv": [4.125, 9, 4.25, 9.625], "texture": "#0"},
				"south": {"uv": [6.75, 9, 6.875, 9.625], "texture": "#0"},
				"west": {"uv": [7, 9, 7.125, 9.625], "texture": "#0"},
				"up": {"uv": [10.125, 5.125, 10, 5], "texture": "#0"},
				"down": {"uv": [10.125, 8.25, 10, 8.375], "texture": "#0"}
			}
		},
		{
			"from": [15, 5.5, 0],
			"to": [16, 10.5, 13],
			"rotation": {"angle": 0, "axis": "z", "origin": [23, 22.5, 3]},
			"faces": {
				"north": {"uv": [5.75, 8.875, 5.875, 9.5], "texture": "#0"},
				"east": {"uv": [0.875, 3.5, 2.5, 4.125], "texture": "#0"},
				"south": {"uv": [1.75, 9, 1.875, 9.625], "texture": "#0"},
				"west": {"uv": [2.625, 3.5, 4.25, 4.125], "texture": "#0"},
				"up": {"uv": [7.625, 2.875, 7.5, 1.25], "texture": "#0"},
				"down": {"uv": [3.5, 7.5, 3.375, 9.125], "texture": "#0"}
			}
		},
		{
			"from": [13.69867, 3.95776, 0],
			"to": [14.69867, 5.95776, 13],
			"rotation": {"angle": -22.5, "axis": "z", "origin": [14.19867, 2.45776, 6]},
			"faces": {
				"north": {"uv": [1.375, 9.75, 1.5, 10], "texture": "#0"},
				"east": {"uv": [4.375, 5.5, 6, 5.75], "texture": "#0"},
				"south": {"uv": [1.625, 9.75, 1.75, 10], "texture": "#0"},
				"west": {"uv": [0.5, 5.875, 2.125, 6.125], "texture": "#0"},
				"up": {"uv": [6.625, 9, 6.5, 7.375], "texture": "#0"},
				"down": {"uv": [7.5, 6.75, 7.375, 8.375], "texture": "#0"}
			}
		},
		{
			"from": [14.46404, 5.5, 12.69448],
			"to": [15.46404, 10.5, 15.69448],
			"rotation": {"angle": -22.5, "axis": "y", "origin": [14.96404, 8, 14.19448]},
			"faces": {
				"north": {"uv": [5.25, 8.875, 5.375, 9.5], "texture": "#0"},
				"east": {"uv": [7.125, 3.875, 7.5, 4.5], "texture": "#0"},
				"south": {"uv": [5.5, 8.875, 5.625, 9.5], "texture": "#0"},
				"west": {"uv": [4.5, 7.125, 4.875, 7.75], "texture": "#0"},
				"up": {"uv": [4, 9.625, 3.875, 9.25], "texture": "#0"},
				"down": {"uv": [4.75, 9.375, 4.625, 9.75], "texture": "#0"}
			}
		},
		{
			"from": [10.76777, 9.02513, 2],
			"to": [13.76777, 10.02513, 14],
			"rotation": {"angle": -45, "axis": "z", "origin": [13.76777, 9.52513, 3]},
			"faces": {
				"north": {"uv": [9, 9.25, 9.375, 9.375], "texture": "#0"},
				"east": {"uv": [7.125, 4.625, 8.625, 4.75], "texture": "#0"},
				"south": {"uv": [9.375, 0, 9.75, 0.125], "texture": "#0"},
				"west": {"uv": [7.125, 4.875, 8.625, 5], "texture": "#0"},
				"up": {"uv": [1.25, 5.75, 0.875, 4.25], "texture": "#0"},
				"down": {"uv": [1.75, 4.25, 1.375, 5.75], "texture": "#0"}
			}
		},
		{
			"from": [4, 11, 2],
			"to": [12, 12, 14],
			"rotation": {"angle": 0, "axis": "y", "origin": [0, 1, 2]},
			"faces": {
				"north": {"uv": [8.125, 6.5, 9.125, 6.625], "texture": "#0"},
				"east": {"uv": [7.25, 3.25, 8.75, 3.375], "texture": "#0"},
				"south": {"uv": [0, 8.25, 1, 8.375], "texture": "#0"},
				"west": {"uv": [7.5, 6, 9, 6.125], "texture": "#0"},
				"up": {"uv": [1, 1.5, 0, 0], "texture": "#0"},
				"down": {"uv": [2.125, 0, 1.125, 1.5], "texture": "#0"}
			}
		},
		{
			"from": [6, 9, 2],
			"to": [10, 10, 3],
			"rotation": {"angle": 0, "axis": "y", "origin": [0, -1, 2]},
			"faces": {
				"north": {"uv": [9.25, 2.5, 9.75, 2.625], "texture": "#0"},
				"east": {"uv": [10.125, 9.5, 10.25, 9.625], "texture": "#0"},
				"south": {"uv": [9.25, 2.75, 9.75, 2.875], "texture": "#0"},
				"west": {"uv": [10.125, 9.75, 10.25, 9.875], "texture": "#0"},
				"up": {"uv": [3.75, 9.375, 3.25, 9.25], "texture": "#0"},
				"down": {"uv": [9.75, 5.25, 9.25, 5.375], "texture": "#0"}
			}
		},
		{
			"from": [6, 6, 2],
			"to": [10, 7, 3],
			"rotation": {"angle": 0, "axis": "y", "origin": [0, -4, 2]},
			"faces": {
				"north": {"uv": [9.25, 5.5, 9.75, 5.625], "texture": "#0"},
				"east": {"uv": [10.125, 10, 10.25, 10.125], "texture": "#0"},
				"south": {"uv": [9.25, 6.125, 9.75, 6.25], "texture": "#0"},
				"west": {"uv": [0, 10.25, 0.125, 10.375], "texture": "#0"},
				"up": {"uv": [9.75, 6.5, 9.25, 6.375], "texture": "#0"},
				"down": {"uv": [7.75, 9.25, 7.25, 9.375], "texture": "#0"}
			}
		},
		{
			"from": [9, 7, 2],
			"to": [10, 9, 3],
			"rotation": {"angle": 0, "axis": "y", "origin": [0, -2, 2]},
			"faces": {
				"north": {"uv": [4.125, 10, 4.25, 10.25], "texture": "#0"},
				"east": {"uv": [6.75, 10, 6.875, 10.25], "texture": "#0"},
				"south": {"uv": [7, 10, 7.125, 10.25], "texture": "#0"},
				"west": {"uv": [7.25, 10, 7.375, 10.25], "texture": "#0"},
				"up": {"uv": [10.375, 0.125, 10.25, 0], "texture": "#0"},
				"down": {"uv": [10.375, 0.25, 10.25, 0.375], "texture": "#0"}
			}
		},
		{
			"from": [6, 7, 2],
			"to": [7, 9, 3],
			"rotation": {"angle": 0, "axis": "y", "origin": [-3, -2, 2]},
			"faces": {
				"north": {"uv": [10, 7.875, 10.125, 8.125], "texture": "#0"},
				"east": {"uv": [8.125, 10, 8.25, 10.25], "texture": "#0"},
				"south": {"uv": [8.375, 10, 8.5, 10.25], "texture": "#0"},
				"west": {"uv": [8.625, 10, 8.75, 10.25], "texture": "#0"},
				"up": {"uv": [10.375, 0.625, 10.25, 0.5], "texture": "#0"},
				"down": {"uv": [10.375, 0.75, 10.25, 0.875], "texture": "#0"}
			}
		},
		{
			"from": [2.23223, 9.02513, 2],
			"to": [5.23223, 10.02513, 14],
			"rotation": {"angle": 45, "axis": "z", "origin": [2.23223, 9.52513, 3]},
			"faces": {
				"north": {"uv": [9.375, 0.25, 9.75, 0.375], "texture": "#0"},
				"east": {"uv": [7.125, 5.125, 8.625, 5.25], "texture": "#0"},
				"south": {"uv": [6, 9.375, 6.375, 9.5], "texture": "#0"},
				"west": {"uv": [7.25, 3, 8.75, 3.125], "texture": "#0"},
				"up": {"uv": [2.25, 5.75, 1.875, 4.25], "texture": "#0"},
				"down": {"uv": [2.75, 4.25, 2.375, 5.75], "texture": "#0"}
			}
		},
		{
			"from": [10.76777, 4.97487, 2],
			"to": [12.76777, 5.97487, 13],
			"rotation": {"angle": 45, "axis": "z", "origin": [13.76777, 5.47487, 3]},
			"faces": {
				"north": {"uv": [2.5, 9.25, 2.75, 9.375], "texture": "#0"},
				"east": {"uv": [7.625, 0.5, 9, 0.625], "texture": "#0"},
				"south": {"uv": [9.625, 5, 9.875, 5.125], "texture": "#0"},
				"west": {"uv": [7.625, 4, 9, 4.125], "texture": "#0"},
				"up": {"uv": [2.5, 7.25, 2.25, 5.875], "texture": "#0"},
				"down": {"uv": [0.25, 6.125, 0, 7.5], "texture": "#0"}
			}
		},
		{
			"from": [4, 3, 2],
			"to": [12, 4, 13],
			"rotation": {"angle": 0, "axis": "y", "origin": [0, 14, 2]},
			"faces": {
				"north": {"uv": [7.625, 8, 8.625, 8.125], "texture": "#0"},
				"east": {"uv": [7.625, 4.25, 9, 4.375], "texture": "#0"},
				"south": {"uv": [8.125, 6.25, 9.125, 6.375], "texture": "#0"},
				"west": {"uv": [7.625, 6.75, 9, 6.875], "texture": "#0"},
				"up": {"uv": [1, 3, 0, 1.625], "texture": "#0"},
				"down": {"uv": [2.125, 1.625, 1.125, 3], "texture": "#0"}
			}
		},
		{
			"from": [3.23223, 4.97487, 2],
			"to": [5.23223, 5.97487, 13],
			"rotation": {"angle": -45, "axis": "z", "origin": [2.23223, 5.47487, 3]},
			"faces": {
				"north": {"uv": [7.75, 9.625, 8, 9.75], "texture": "#0"},
				"east": {"uv": [7.625, 7, 9, 7.125], "texture": "#0"},
				"south": {"uv": [0, 9.75, 0.25, 9.875], "texture": "#0"},
				"west": {"uv": [7.625, 7.25, 9, 7.375], "texture": "#0"},
				"up": {"uv": [6.375, 7.5, 6.125, 6.125], "texture": "#0"},
				"down": {"uv": [0.625, 6.25, 0.375, 7.625], "texture": "#0"}
			}
		},
		{
			"from": [9, 2.11836, 3.73828],
			"to": [11, 3.11836, 12.23828],
			"rotation": {"angle": 0, "axis": "x", "origin": [8, 2.61836, 5.73828]},
			"faces": {
				"north": {"uv": [6.375, 9.875, 6.625, 10], "texture": "#0"},
				"east": {"uv": [7.875, 1, 9, 1.125], "texture": "#0"},
				"south": {"uv": [9.875, 6.375, 10.125, 6.5], "texture": "#0"},
				"west": {"uv": [0, 8, 1.125, 8.125], "texture": "#0"},
				"up": {"uv": [6.75, 7.25, 6.5, 6.125], "texture": "#0"},
				"down": {"uv": [7, 0, 6.75, 1.125], "texture": "#0"}
			}
		},
		{
			"from": [5, 2.11836, 3.73828],
			"to": [7, 3.11836, 12.23828],
			"rotation": {"angle": 0, "axis": "x", "origin": [8, 2.61836, 5.73828]},
			"faces": {
				"north": {"uv": [9.75, 3.25, 10, 3.375], "texture": "#0"},
				"east": {"uv": [0.875, 3.125, 2, 3.25], "texture": "#0"},
				"south": {"uv": [9.75, 3.5, 10, 3.625], "texture": "#0"},
				"west": {"uv": [7.875, 0.75, 9, 0.875], "texture": "#0"},
				"up": {"uv": [0.75, 5.75, 0.5, 4.625], "texture": "#0"},
				"down": {"uv": [4.375, 6.25, 4.125, 7.375], "texture": "#0"}
			}
		},
		{
			"from": [5, 2.75, 0.31283],
			"to": [7, 3.75, 4.06283],
			"rotation": {"angle": 22.5, "axis": "x", "origin": [4, 3.25, 2.31283]},
			"faces": {
				"north": {"uv": [9.75, 3, 10, 3.125], "texture": "#0"},
				"east": {"uv": [9.125, 3.5, 9.625, 3.625], "texture": "#0"},
				"south": {"uv": [3.125, 9.75, 3.375, 9.875], "texture": "#0"},
				"west": {"uv": [9.125, 4, 9.625, 4.125], "texture": "#0"},
				"up": {"uv": [2.75, 8.5, 2.5, 8], "texture": "#0"},
				"down": {"uv": [3.125, 8, 2.875, 8.5], "texture": "#0"}
			}
		},
		{
			"from": [9, 2.75, 0.31283],
			"to": [11, 3.75, 4.06283],
			"rotation": {"angle": 22.5, "axis": "x", "origin": [8, 3.25, 2.31283]},
			"faces": {
				"north": {"uv": [2.375, 9.75, 2.625, 9.875], "texture": "#0"},
				"east": {"uv": [9.125, 3, 9.625, 3.125], "texture": "#0"},
				"south": {"uv": [2.75, 9.75, 3, 9.875], "texture": "#0"},
				"west": {"uv": [9.125, 3.25, 9.625, 3.375], "texture": "#0"},
				"up": {"uv": [2, 8.25, 1.75, 7.75], "texture": "#0"},
				"down": {"uv": [4.625, 7.875, 4.375, 8.375], "texture": "#0"}
			}
		},
		{
			"from": [7, 2.75, 0.31283],
			"to": [9, 3.75, 2.16283],
			"rotation": {"angle": 22.5, "axis": "x", "origin": [6, 3.25, 2.31283]},
			"faces": {
				"north": {"uv": [3.75, 9.75, 4, 9.875], "texture": "#0"},
				"east": {"uv": [9.75, 4, 10, 4.125], "texture": "#0"},
				"south": {"uv": [4.125, 9.75, 4.375, 9.875], "texture": "#0"},
				"west": {"uv": [9.75, 4.25, 10, 4.375], "texture": "#0"},
				"up": {"uv": [8.25, 9.25, 8, 9], "texture": "#0"},
				"down": {"uv": [3.125, 9.125, 2.875, 9.375], "texture": "#0"}
			}
		},
		{
			"from": [5.01, 2.4, 1],
			"to": [10.99, 3.75, 5],
			"rotation": {"angle": -22.5, "axis": "x", "origin": [8, 3.25, -1]},
			"faces": {
				"north": {"uv": [5.375, 2.75, 6.125, 2.875], "texture": "#0"},
				"east": {"uv": [9.125, 0.75, 9.625, 0.875], "texture": "#0"},
				"south": {"uv": [8.75, 4.5, 9.5, 4.625], "texture": "#0"},
				"west": {"uv": [9.125, 1, 9.625, 1.125], "texture": "#0"},
				"up": {"uv": [6.75, 2.5, 6, 2], "texture": "#0"},
				"down": {"uv": [6.875, 5.5, 6.125, 6], "texture": "#0"}
			}
		},
		{
			"from": [10.5, 9.5, 2.20711],
			"to": [11.5, 11.5, 3.20711],
			"rotation": {"angle": -45, "axis": "x", "origin": [10.5, 11, 2.70711]},
			"faces": {
				"north": {"uv": [10, 0.75, 10.125, 1], "texture": "#0"},
				"east": {"uv": [2.375, 10, 2.5, 10.25], "texture": "#0"},
				"south": {"uv": [2.625, 10, 2.75, 10.25], "texture": "#0"},
				"west": {"uv": [2.875, 10, 3, 10.25], "texture": "#0"},
				"up": {"uv": [10.25, 8.625, 10.125, 8.5], "texture": "#0"},
				"down": {"uv": [10.25, 8.75, 10.125, 8.875], "texture": "#0"}
			}
		},
		{
			"from": [4.5, 9.5, 2.20711],
			"to": [5.5, 11.5, 3.20711],
			"rotation": {"angle": -45, "axis": "x", "origin": [5.5, 11, 2.70711]},
			"faces": {
				"north": {"uv": [3.125, 10, 3.25, 10.25], "texture": "#0"},
				"east": {"uv": [3.375, 10, 3.5, 10.25], "texture": "#0"},
				"south": {"uv": [3.625, 10, 3.75, 10.25], "texture": "#0"},
				"west": {"uv": [3.875, 10, 4, 10.25], "texture": "#0"},
				"up": {"uv": [10.25, 9.125, 10.125, 9], "texture": "#0"},
				"down": {"uv": [10.25, 9.25, 10.125, 9.375], "texture": "#0"}
			}
		},
		{
			"from": [4.99, 5.06551, 10.60332],
			"to": [6.99, 6.06551, 14.85332],
			"rotation": {"angle": -45, "axis": "x", "origin": [6, 5.56551, 14.97832]},
			"faces": {
				"north": {"uv": [9.875, 1.625, 10.125, 1.75], "texture": "#0"},
				"east": {"uv": [9.25, 1.5, 9.75, 1.625], "texture": "#0"},
				"south": {"uv": [9.875, 1.875, 10.125, 2], "texture": "#0"},
				"west": {"uv": [9.25, 1.75, 9.75, 1.875], "texture": "#0"},
				"up": {"uv": [1.375, 8.75, 1.125, 8.25], "texture": "#0"},
				"down": {"uv": [2, 8.375, 1.75, 8.875], "texture": "#0"}
			}
		},
		{
			"from": [9.01, 5.06551, 10.60332],
			"to": [11.01, 6.06551, 14.85332],
			"rotation": {"angle": -45, "axis": "x", "origin": [10, 5.56551, 14.97832]},
			"faces": {
				"north": {"uv": [7.75, 9.875, 8, 10], "texture": "#0"},
				"east": {"uv": [9.25, 2, 9.75, 2.125], "texture": "#0"},
				"south": {"uv": [0, 10, 0.25, 10.125], "texture": "#0"},
				"west": {"uv": [9.25, 2.25, 9.75, 2.375], "texture": "#0"},
				"up": {"uv": [4.625, 9, 4.375, 8.5], "texture": "#0"},
				"down": {"uv": [2.75, 8.625, 2.5, 9.125], "texture": "#0"}
			}
		},
		{
			"from": [6, 11.43934, 12.35355],
			"to": [10, 12.43934, 16.35355],
			"rotation": {"angle": 45, "axis": "x", "origin": [8, 11.93934, 13.35355]},
			"faces": {
				"north": {"uv": [9.125, 7, 9.625, 7.125], "texture": "#0"},
				"east": {"uv": [9.125, 7.25, 9.625, 7.375], "texture": "#0"},
				"south": {"uv": [9.125, 7.5, 9.625, 7.625], "texture": "#0"},
				"west": {"uv": [9.125, 7.75, 9.625, 7.875], "texture": "#0"},
				"up": {"uv": [3.875, 7.375, 3.375, 6.875], "texture": "#0"},
				"down": {"uv": [7.375, 6.125, 6.875, 6.625], "texture": "#0"}
			}
		},
		{
			"from": [6, 12, 5],
			"to": [10, 13, 13],
			"rotation": {"angle": 0, "axis": "y", "origin": [0, 2, 2]},
			"faces": {
				"north": {"uv": [9.125, 4.25, 9.625, 4.375], "texture": "#0"},
				"east": {"uv": [8.25, 0, 9.25, 0.125], "texture": "#0"},
				"south": {"uv": [9.125, 5.875, 9.625, 6], "texture": "#0"},
				"west": {"uv": [8.25, 0.25, 9.25, 0.375], "texture": "#0"},
				"up": {"uv": [5.875, 1.5, 5.375, 0.5], "texture": "#0"},
				"down": {"uv": [5.875, 1.625, 5.375, 2.625], "texture": "#0"}
			}
		},
		{
			"from": [5.87868, 9.67157, 5],
			"to": [7.37868, 10.67157, 13],
			"rotation": {"angle": 45, "axis": "z", "origin": [3.87868, 10.17157, 10]},
			"faces": {
				"north": {"uv": [7.125, 9.75, 7.375, 9.875], "texture": "#0"},
				"east": {"uv": [6.75, 8.5, 7.75, 8.625], "texture": "#0"},
				"south": {"uv": [9.75, 7.125, 10, 7.25], "texture": "#0"},
				"west": {"uv": [7.875, 8.5, 8.875, 8.625], "texture": "#0"},
				"up": {"uv": [2.875, 7.875, 2.625, 6.875], "texture": "#0"},
				"down": {"uv": [3.25, 6.875, 3, 7.875], "texture": "#0"}
			}
		},
		{
			"from": [6, 13, 11],
			"to": [7, 16, 12],
			"rotation": {"angle": 0, "axis": "y", "origin": [0, 3, 8]},
			"faces": {
				"north": {"uv": [5.375, 9.625, 5.5, 10], "texture": "#0"},
				"east": {"uv": [5.625, 9.625, 5.75, 10], "texture": "#0"},
				"south": {"uv": [5.875, 9.625, 6, 10], "texture": "#0"},
				"west": {"uv": [6.125, 9.625, 6.25, 10], "texture": "#0"},
				"up": {"uv": [10.25, 7.75, 10.125, 7.625], "texture": "#0"},
				"down": {"uv": [7.875, 10.125, 7.75, 10.25], "texture": "#0"}
			}
		},
		{
			"from": [8.62132, 9.67157, 5],
			"to": [10.12132, 10.67157, 13],
			"rotation": {"angle": -45, "axis": "z", "origin": [12.12132, 10.17157, 10]},
			"faces": {
				"north": {"uv": [6.75, 9.75, 7, 9.875], "texture": "#0"},
				"east": {"uv": [7.625, 8.25, 8.625, 8.375], "texture": "#0"},
				"south": {"uv": [9.75, 6.875, 10, 7], "texture": "#0"},
				"west": {"uv": [0, 8.5, 1, 8.625], "texture": "#0"},
				"up": {"uv": [7.125, 2.25, 6.875, 1.25], "texture": "#0"},
				"down": {"uv": [7.125, 2.375, 6.875, 3.375], "texture": "#0"}
			}
		},
		{
			"from": [6, 9.67157, 4.87868],
			"to": [10, 10.67157, 6.37868],
			"rotation": {"angle": -45, "axis": "x", "origin": [8, 10.17157, 2.87868]},
			"faces": {
				"north": {"uv": [6, 9.125, 6.5, 9.25], "texture": "#0"},
				"east": {"uv": [9.75, 5.75, 10, 5.875], "texture": "#0"},
				"south": {"uv": [9.125, 6.75, 9.625, 6.875], "texture": "#0"},
				"west": {"uv": [9.75, 6.625, 10, 6.75], "texture": "#0"},
				"up": {"uv": [7.25, 8.25, 6.75, 8], "texture": "#0"},
				"down": {"uv": [8.75, 3.5, 8.25, 3.75], "texture": "#0"}
			}
		},
		{
			"from": [3.92214, 5.9948, 13.57967],
			"to": [4.92214, 8.9948, 17.57967],
			"rotation": {"angle": 22.5, "axis": "y", "origin": [4.72214, 7.4948, 15.07967]},
			"faces": {
				"north": {"uv": [6.5, 9.375, 6.625, 9.75], "texture": "#0"},
				"east": {"uv": [7.5, 6.25, 8, 6.625], "texture": "#0"},
				"south": {"uv": [3.5, 9.5, 3.625, 9.875], "texture": "#0"},
				"west": {"uv": [6.75, 7.5, 7.25, 7.875], "texture": "#0"},
				"up": {"uv": [2.375, 9.625, 2.25, 9.125], "texture": "#0"},
				"down": {"uv": [4.5, 9.125, 4.375, 9.625], "texture": "#0"}
			}
		},
		{
			"from": [4.18934, 7.81802, 14],
			"to": [6.18934, 8.81802, 15.25],
			"rotation": {"angle": 45, "axis": "z", "origin": [3.93934, 8.81802, 14]},
			"faces": {
				"north": {"uv": [9.75, 7.375, 10, 7.5], "texture": "#0"},
				"east": {"uv": [8.875, 10, 9, 10.125], "texture": "#0"},
				"south": {"uv": [9.75, 7.625, 10, 7.75], "texture": "#0"},
				"west": {"uv": [9.125, 10, 9.25, 10.125], "texture": "#0"},
				"up": {"uv": [8.625, 9.875, 8.375, 9.75], "texture": "#0"},
				"down": {"uv": [10, 8.5, 9.75, 8.625], "texture": "#0"}
			}
		},
		{
			"from": [4.68934, 7.31802, 15.25],
			"to": [5.68934, 8.31802, 16.5],
			"rotation": {"angle": 45, "axis": "z", "origin": [3.93934, 8.81802, 14]},
			"faces": {
				"north": {"uv": [9.375, 10, 9.5, 10.125], "texture": "#0"},
				"east": {"uv": [9.625, 10, 9.75, 10.125], "texture": "#0"},
				"south": {"uv": [9.875, 10, 10, 10.125], "texture": "#0"},
				"west": {"uv": [0.375, 10.125, 0.5, 10.25], "texture": "#0"},
				"up": {"uv": [0.75, 10.25, 0.625, 10.125], "texture": "#0"},
				"down": {"uv": [1, 10.125, 0.875, 10.25], "texture": "#0"}
			}
		},
		{
			"from": [5.5, 7.92379, 13.43783],
			"to": [10.5, 8.92379, 17.43783],
			"rotation": {"angle": 22.5, "axis": "x", "origin": [8, 8.54879, 18.93783]},
			"faces": {
				"north": {"uv": [8.75, 8, 9.375, 8.125], "texture": "#0"},
				"east": {"uv": [0, 9.25, 0.5, 9.375], "texture": "#0"},
				"south": {"uv": [8.75, 8.25, 9.375, 8.375], "texture": "#0"},
				"west": {"uv": [9.25, 1.25, 9.75, 1.375], "texture": "#0"},
				"up": {"uv": [3.25, 6.75, 2.625, 6.25], "texture": "#0"},
				"down": {"uv": [4, 6.25, 3.375, 6.75], "texture": "#0"}
			}
		},
		{
			"from": [5.5, 6, 15.5],
			"to": [10.5, 9, 16.5],
			"rotation": {"angle": 0, "axis": "y", "origin": [0, 22, 3]},
			"faces": {
				"north": {"uv": [7, 5.5, 7.625, 5.875], "texture": "#0"},
				"east": {"uv": [9.5, 9.25, 9.625, 9.625], "texture": "#0"},
				"south": {"uv": [7.125, 0.75, 7.75, 1.125], "texture": "#0"},
				"west": {"uv": [1.125, 9.625, 1.25, 10], "texture": "#0"},
				"up": {"uv": [9.625, 9.125, 9, 9], "texture": "#0"},
				"down": {"uv": [9.75, 0.5, 9.125, 0.625], "texture": "#0"}
			}
		},
		{
			"from": [5.5, 6.07621, 12.18783],
			"to": [10.5, 7.07621, 17.43783],
			"rotation": {"angle": -22.5, "axis": "x", "origin": [8, 6.45121, 18.93783]},
			"faces": {
				"north": {"uv": [8.875, 3.75, 9.5, 3.875], "texture": "#0"},
				"east": {"uv": [7.25, 9, 7.875, 9.125], "texture": "#0"},
				"south": {"uv": [9, 8.5, 9.625, 8.625], "texture": "#0"},
				"west": {"uv": [9, 8.75, 9.625, 8.875], "texture": "#0"},
				"up": {"uv": [6.625, 1.125, 6, 0.5], "texture": "#0"},
				"down": {"uv": [6.625, 1.25, 6, 1.875], "texture": "#0"}
			}
		},
		{
			"from": [4.18934, 6.18198, 14],
			"to": [6.18934, 7.18198, 15.25],
			"rotation": {"angle": -45, "axis": "z", "origin": [3.93934, 6.18198, 14]},
			"faces": {
				"north": {"uv": [9.75, 9.5, 10, 9.625], "texture": "#0"},
				"east": {"uv": [4.625, 10.125, 4.75, 10.25], "texture": "#0"},
				"south": {"uv": [9.75, 9.75, 10, 9.875], "texture": "#0"},
				"west": {"uv": [10.125, 4.625, 10.25, 4.75], "texture": "#0"},
				"up": {"uv": [10.125, 0.125, 9.875, 0], "texture": "#0"},
				"down": {"uv": [10.125, 0.25, 9.875, 0.375], "texture": "#0"}
			}
		},
		{
			"from": [4.68934, 6.68198, 15.25],
			"to": [5.68934, 7.68198, 16.5],
			"rotation": {"angle": -45, "axis": "z", "origin": [3.93934, 6.18198, 14]},
			"faces": {
				"north": {"uv": [10.125, 3.375, 10.25, 3.5], "texture": "#0"},
				"east": {"uv": [10.125, 3.625, 10.25, 3.75], "texture": "#0"},
				"south": {"uv": [10.125, 3.875, 10.25, 4], "texture": "#0"},
				"west": {"uv": [10.125, 4.125, 10.25, 4.25], "texture": "#0"},
				"up": {"uv": [4.5, 10.25, 4.375, 10.125], "texture": "#0"},
				"down": {"uv": [10.25, 4.375, 10.125, 4.5], "texture": "#0"}
			}
		},
		{
			"from": [9.81066, 7.81802, 14],
			"to": [11.81066, 8.81802, 15.25],
			"rotation": {"angle": -45, "axis": "z", "origin": [12.06066, 8.81802, 14]},
			"faces": {
				"north": {"uv": [9.75, 8.75, 10, 8.875], "texture": "#0"},
				"east": {"uv": [1.125, 10.125, 1.25, 10.25], "texture": "#0"},
				"south": {"uv": [9.75, 9, 10, 9.125], "texture": "#0"},
				"west": {"uv": [1.375, 10.125, 1.5, 10.25], "texture": "#0"},
				"up": {"uv": [10, 9.375, 9.75, 9.25], "texture": "#0"},
				"down": {"uv": [9.625, 9.75, 9.375, 9.875], "texture": "#0"}
			}
		},
		{
			"from": [10.31066, 7.31802, 15.25],
			"to": [11.31066, 8.31802, 16.5],
			"rotation": {"angle": -45, "axis": "z", "origin": [12.06066, 8.81802, 14]},
			"faces": {
				"north": {"uv": [1.625, 10.125, 1.75, 10.25], "texture": "#0"},
				"east": {"uv": [1.875, 10.125, 2, 10.25], "texture": "#0"},
				"south": {"uv": [2.125, 10.125, 2.25, 10.25], "texture": "#0"},
				"west": {"uv": [10.125, 2.625, 10.25, 2.75], "texture": "#0"},
				"up": {"uv": [10.25, 3, 10.125, 2.875], "texture": "#0"},
				"down": {"uv": [10.25, 3.125, 10.125, 3.25], "texture": "#0"}
			}
		},
		{
			"from": [11.07786, 5.9948, 13.57967],
			"to": [12.07786, 8.9948, 17.57967],
			"rotation": {"angle": -22.5, "axis": "y", "origin": [11.27786, 7.4948, 15.07967]},
			"faces": {
				"north": {"uv": [8.875, 9.5, 9, 9.875], "texture": "#0"},
				"east": {"uv": [7.625, 0, 8.125, 0.375], "texture": "#0"},
				"south": {"uv": [9.125, 9.5, 9.25, 9.875], "texture": "#0"},
				"west": {"uv": [7.625, 3.5, 8.125, 3.875], "texture": "#0"},
				"up": {"uv": [0.75, 9.75, 0.625, 9.25], "texture": "#0"},
				"down": {"uv": [1, 9.25, 0.875, 9.75], "texture": "#0"}
			}
		},
		{
			"from": [9.81066, 6.18198, 14],
			"to": [11.81066, 7.18198, 15.25],
			"rotation": {"angle": 45, "axis": "z", "origin": [12.06066, 6.18198, 14]},
			"faces": {
				"north": {"uv": [9.875, 0.5, 10.125, 0.625], "texture": "#0"},
				"east": {"uv": [4.875, 10.125, 5, 10.25], "texture": "#0"},
				"south": {"uv": [0.625, 9.875, 0.875, 10], "texture": "#0"},
				"west": {"uv": [5.125, 10.125, 5.25, 10.25], "texture": "#0"},
				"up": {"uv": [10.125, 1.25, 9.875, 1.125], "texture": "#0"},
				"down": {"uv": [10.125, 1.375, 9.875, 1.5], "texture": "#0"}
			}
		},
		{
			"from": [10.31066, 6.68198, 15.25],
			"to": [11.31066, 7.68198, 16.5],
			"rotation": {"angle": 45, "axis": "z", "origin": [12.06066, 6.18198, 14]},
			"faces": {
				"north": {"uv": [10.125, 5.25, 10.25, 5.375], "texture": "#0"},
				"east": {"uv": [5.375, 10.125, 5.5, 10.25], "texture": "#0"},
				"south": {"uv": [10.125, 5.5, 10.25, 5.625], "texture": "#0"},
				"west": {"uv": [5.625, 10.125, 5.75, 10.25], "texture": "#0"},
				"up": {"uv": [10.25, 5.875, 10.125, 5.75], "texture": "#0"},
				"down": {"uv": [6, 10.125, 5.875, 10.25], "texture": "#0"}
			}
		},
		{
			"from": [9.31066, 5.68198, 3.01],
			"to": [12.31066, 6.93198, 13.99],
			"rotation": {"angle": 45, "axis": "z", "origin": [12.06066, 6.18198, 3]},
			"faces": {
				"north": {"uv": [7.25, 9.5, 7.625, 9.625], "texture": "#0"},
				"east": {"uv": [7.75, 1.75, 9.125, 1.875], "texture": "#0"},
				"south": {"uv": [9.5, 8, 9.875, 8.125], "texture": "#0"},
				"west": {"uv": [7.75, 2, 9.125, 2.125], "texture": "#0"},
				"up": {"uv": [3.75, 6.125, 3.375, 4.75], "texture": "#0"},
				"down": {"uv": [4.25, 4.75, 3.875, 6.125], "texture": "#0"}
			}
		},
		{
			"from": [3.68934, 8.06802, 3.01],
			"to": [6.68934, 9.31802, 14],
			"rotation": {"angle": 45, "axis": "z", "origin": [3.93934, 8.81802, 3]},
			"faces": {
				"north": {"uv": [7.875, 9.375, 8.25, 9.5], "texture": "#0"},
				"east": {"uv": [7.625, 7.5, 9, 7.625], "texture": "#0"},
				"south": {"uv": [0, 9.5, 0.375, 9.625], "texture": "#0"},
				"west": {"uv": [0, 7.75, 1.375, 7.875], "texture": "#0"},
				"up": {"uv": [4.75, 5.375, 4.375, 4], "texture": "#0"},
				"down": {"uv": [0.375, 4.625, 0, 6], "texture": "#0"}
			}
		},
		{
			"from": [3.68934, 5.68198, 3.01],
			"to": [6.68934, 6.93198, 13.99],
			"rotation": {"angle": -45, "axis": "z", "origin": [3.93934, 6.18198, 3]},
			"faces": {
				"north": {"uv": [2.5, 9.5, 2.875, 9.625], "texture": "#0"},
				"east": {"uv": [7.75, 1.25, 9.125, 1.375], "texture": "#0"},
				"south": {"uv": [3, 9.5, 3.375, 9.625], "texture": "#0"},
				"west": {"uv": [7.75, 1.5, 9.125, 1.625], "texture": "#0"},
				"up": {"uv": [5, 1.375, 4.625, 0], "texture": "#0"},
				"down": {"uv": [3.25, 4.75, 2.875, 6.125], "texture": "#0"}
			}
		},
		{
			"from": [5, 4, 3],
			"to": [11, 11, 14],
			"rotation": {"angle": 0, "axis": "y", "origin": [0, 21.5, 3]},
			"faces": {
				"north": {"uv": [3.75, 0, 4.5, 0.875], "texture": "#0"},
				"east": {"uv": [2.25, 0, 3.625, 0.875], "texture": "#0"},
				"south": {"uv": [3.75, 1, 4.5, 1.875], "texture": "#0"},
				"west": {"uv": [2.25, 1, 3.625, 1.875], "texture": "#0"},
				"up": {"uv": [3, 3.375, 2.25, 2], "texture": "#0"},
				"down": {"uv": [0.75, 3.125, 0, 4.5], "texture": "#0"}
			}
		},
		{
			"from": [3.40901, 5.9948, 3],
			"to": [5.00901, 8.9948, 14],
			"rotation": {"angle": 0, "axis": "y", "origin": [-5.09099, 21.9948, 3]},
			"faces": {
				"north": {"uv": [2.875, 8.625, 3.125, 9], "texture": "#0"},
				"east": {"uv": [2.875, 4.25, 4.25, 4.625], "texture": "#0"},
				"south": {"uv": [0, 8.75, 0.25, 9.125], "texture": "#0"},
				"west": {"uv": [4.375, 3.5, 5.75, 3.875], "texture": "#0"},
				"up": {"uv": [1, 7.625, 0.75, 6.25], "texture": "#0"},
				"down": {"uv": [1.375, 6.25, 1.125, 7.625], "texture": "#0"}
			}
		},
		{
			"from": [10.99099, 5.9948, 3],
			"to": [12.59099, 8.9948, 14],
			"rotation": {"angle": 0, "axis": "y", "origin": [21.09099, 21.9948, 3]},
			"faces": {
				"north": {"uv": [0.375, 8.75, 0.625, 9.125], "texture": "#0"},
				"east": {"uv": [4.875, 3, 6.25, 3.375], "texture": "#0"},
				"south": {"uv": [0.75, 8.75, 1, 9.125], "texture": "#0"},
				"west": {"uv": [5.125, 0, 6.5, 0.375], "texture": "#0"},
				"up": {"uv": [1.75, 7.625, 1.5, 6.25], "texture": "#0"},
				"down": {"uv": [2.125, 6.25, 1.875, 7.625], "texture": "#0"}
			}
		},
		{
			"from": [9.31066, 8.06802, 3.01],
			"to": [12.31066, 9.31802, 13.99],
			"rotation": {"angle": -45, "axis": "z", "origin": [12.06066, 8.81802, 3]},
			"faces": {
				"north": {"uv": [9.5, 8.25, 9.875, 8.375], "texture": "#0"},
				"east": {"uv": [7.75, 2.25, 9.125, 2.375], "texture": "#0"},
				"south": {"uv": [8.375, 9.5, 8.75, 9.625], "texture": "#0"},
				"west": {"uv": [7.75, 2.5, 9.125, 2.625], "texture": "#0"},
				"up": {"uv": [5.25, 2.875, 4.875, 1.5], "texture": "#0"},
				"down": {"uv": [5.25, 4, 4.875, 5.375], "texture": "#0"}
			}
		}
	],
	"display": {
		"gui": {
			"rotation": [30, 225, 0],
			"scale": [0.625, 0.625, 0.625]
		},
		"head": {
			"translation": [0, -3, 0],
			"scale": [2.5, 2.5, 2.5]
		}
	},
	"groups": [
		{
			"name": "group",
			"origin": [23, 22, 3],
			"color": 3,
			"nbt": "{}",
			"armAnimationEnabled": false,
			"children": [0, 1, 2, 3, 4, 5]
		},
		{
			"name": "group",
			"origin": [14.96404, 7.5, 14.19448],
			"color": 5,
			"nbt": "{}",
			"armAnimationEnabled": false,
			"children": [6, 7, 8, 9, 10, 11, 12, 13, 14, 15]
		},
		{
			"name": "group",
			"origin": [12.12132, 10.17157, 10],
			"color": 6,
			"nbt": "{}",
			"armAnimationEnabled": false,
			"children": [16, 17, 18, 19, 20, 21, 22, 23, 24, 25, 26, 27, 28, 29, 30, 31, 32, 33, 34, 35, 36, 37, 38, 39, 40, 41]
		},
		{
			"name": "group",
			"origin": [12.06066, 6.18198, 14],
			"color": 8,
			"nbt": "{}",
			"armAnimationEnabled": false,
			"children": [42, 43, 44, 45, 46, 47, 48, 49, 50, 51, 52, 53, 54]
		},
		{
			"name": "group",
			"origin": [12.06066, 8.81802, 3],
			"color": 2,
			"nbt": "{}",
			"armAnimationEnabled": false,
			"children": [55, 56, 57, 58, 59, 60, 61]
		}
	]
}