{
	"credit": "Made with Blockbench",
	"elements": [
		{
			"name": "octagon",
			"from": [4.5, 10.81802, 8.37513],
			"to": [5.5, 13.96016, 10.37513],
			"rotation": {"angle": 0, "axis": "x", "origin": [5.25, 11.88909, 8.87513]},
			"color": 3,
			"faces": {
				"north": {"uv": [0, 0, 1, 1], "texture": "#missing"},
				"east": {"uv": [0, 0, 1, 1], "texture": "#missing"},
				"south": {"uv": [0, 0, 1, 1], "texture": "#missing"},
				"west": {"uv": [0, 0, 1, 1], "texture": "#missing"},
				"up": {"uv": [0, 0, 1, 1], "texture": "#missing"},
				"down": {"uv": [0, 0, 1, 1], "texture": "#missing"}
			}
		},
		{
			"name": "octagon",
			"from": [4.5, 14.01185, 11.77853],
			"to": [5.5, 18.40399, 13.77853],
			"rotation": {"angle": 22.5, "axis": "x", "origin": [5.25, 15.33292, 12.27853]},
			"color": 3,
			"faces": {
				"north": {"uv": [0, 0, 1, 1], "texture": "#missing"},
				"east": {"uv": [0, 0, 1, 1], "texture": "#missing"},
				"south": {"uv": [0, 0, 1, 1], "texture": "#missing"},
				"west": {"uv": [0, 0, 1, 1], "texture": "#missing"},
				"up": {"uv": [0, 0, 1, 1], "texture": "#missing"},
				"down": {"uv": [0, 0, 1, 1], "texture": "#missing"}
			}
		},
		{
			"name": "octagon",
			"from": [4.5, 11.10641, 9.42656],
			"to": [5.5, 15.49854, 11.42656],
			"rotation": {"angle": 45, "axis": "x", "origin": [5.25, 12.42748, 9.92656]},
			"color": 3,
			"faces": {
				"north": {"uv": [0, 0, 1, 1], "texture": "#missing"},
				"east": {"uv": [0, 0, 1, 1], "texture": "#missing"},
				"south": {"uv": [0, 0, 1, 1], "texture": "#missing"},
				"west": {"uv": [0, 0, 1, 1], "texture": "#missing"},
				"up": {"uv": [0, 0, 1, 1], "texture": "#missing"},
				"down": {"uv": [0, 0, 1, 1], "texture": "#missing"}
			}
		},
		{
			"name": "octagon",
			"from": [4.5, 13.29289, 8.98604],
			"to": [5.5, 20.43503, 10.98604],
			"rotation": {"angle": 45, "axis": "x", "origin": [5.25, 14.36396, 9.48604]},
			"color": 3,
			"faces": {
				"north": {"uv": [0, 0, 1, 1], "texture": "#missing"},
				"east": {"uv": [0, 0, 1, 1], "texture": "#missing"},
				"south": {"uv": [0, 0, 1, 1], "texture": "#missing"},
				"west": {"uv": [0, 0, 1, 1], "texture": "#missing"},
				"up": {"uv": [0, 0, 1, 1], "texture": "#missing"},
				"down": {"uv": [0, 0, 1, 1], "texture": "#missing"}
			}
		},
		{
			"name": "octagon",
			"from": [7.5, -3.43503, 8.48604],
			"to": [8.5, 3.70711, 10.48604],
			"rotation": {"angle": -45, "axis": "x", "origin": [8.25, 2.63604, 8.98604]},
			"color": 3,
			"faces": {
				"north": {"uv": [0, 1, 1, 0], "texture": "#missing"},
				"east": {"uv": [0, 1, 1, 0], "texture": "#missing"},
				"south": {"uv": [0, 1, 1, 0], "texture": "#missing"},
				"west": {"uv": [0, 1, 1, 0], "texture": "#missing"},
				"up": {"uv": [0, 1, 1, 0], "texture": "#missing"},
				"down": {"uv": [0, 1, 1, 0], "texture": "#missing"}
			}
		},
		{
			"name": "octagon",
			"from": [7.5, -1.40399, 11.17853],
			"to": [8.5, 4.73815, 13.27853],
			"rotation": {"angle": -22.5, "axis": "x", "origin": [8.25, 1.66708, 11.77853]},
			"color": 3,
			"faces": {
				"north": {"uv": [0, 1, 1, 0], "texture": "#missing"},
				"east": {"uv": [0, 1, 1, 0], "texture": "#missing"},
				"south": {"uv": [0, 1, 1, 0], "texture": "#missing"},
				"west": {"uv": [0, 1, 1, 0], "texture": "#missing"},
				"up": {"uv": [0, 1, 1, 0], "texture": "#missing"},
				"down": {"uv": [0, 1, 1, 0], "texture": "#missing"}
			}
		},
		{
			"name": "octagon",
			"from": [7.5, 3.03984, 7.87513],
			"to": [8.5, 6.18198, 9.87513],
			"rotation": {"angle": 0, "axis": "x", "origin": [8.25, 5.11091, 8.37513]},
			"color": 0,
			"faces": {
				"north": {"uv": [0, 1, 1, 0], "texture": "#missing"},
				"east": {"uv": [0, 1, 1, 0], "texture": "#missing"},
				"south": {"uv": [0, 1, 1, 0], "texture": "#missing"},
				"west": {"uv": [0, 1, 1, 0], "texture": "#missing"},
				"up": {"uv": [0, 1, 1, 0], "texture": "#missing"},
				"down": {"uv": [0, 1, 1, 0], "texture": "#missing"}
			}
		},
		{
			"name": "octagon",
			"from": [10.5, 10.81802, 8.37513],
			"to": [11.5, 13.96016, 10.37513],
			"rotation": {"angle": 0, "axis": "x", "origin": [11.25, 11.88909, 8.87513]},
			"color": 3,
			"faces": {
				"north": {"uv": [0, 0, 1, 1], "texture": "#missing"},
				"east": {"uv": [0, 0, 1, 1], "texture": "#missing"},
				"south": {"uv": [0, 0, 1, 1], "texture": "#missing"},
				"west": {"uv": [0, 0, 1, 1], "texture": "#missing"},
				"up": {"uv": [0, 0, 1, 1], "texture": "#missing"},
				"down": {"uv": [0, 0, 1, 1], "texture": "#missing"}
			}
		},
		{
			"name": "octagon",
			"from": [10.5, 13.29289, 8.98604],
			"to": [11.5, 20.43503, 10.98604],
			"rotation": {"angle": 45, "axis": "x", "origin": [11.25, 14.36396, 9.48604]},
			"color": 3,
			"faces": {
				"north": {"uv": [0, 0, 1, 1], "texture": "#missing"},
				"east": {"uv": [0, 0, 1, 1], "texture": "#missing"},
				"south": {"uv": [0, 0, 1, 1], "texture": "#missing"},
				"west": {"uv": [0, 0, 1, 1], "texture": "#missing"},
				"up": {"uv": [0, 0, 1, 1], "texture": "#missing"},
				"down": {"uv": [0, 0, 1, 1], "texture": "#missing"}
			}
		},
		{
			"name": "octagon",
			"from": [10.5, 14.01185, 11.77853],
			"to": [11.5, 18.40399, 13.77853],
			"rotation": {"angle": 22.5, "axis": "x", "origin": [11.25, 15.33292, 12.27853]},
			"color": 3,
			"faces": {
				"north": {"uv": [0, 0, 1, 1], "texture": "#missing"},
				"east": {"uv": [0, 0, 1, 1], "texture": "#missing"},
				"south": {"uv": [0, 0, 1, 1], "texture": "#missing"},
				"west": {"uv": [0, 0, 1, 1], "texture": "#missing"},
				"up": {"uv": [0, 0, 1, 1], "texture": "#missing"},
				"down": {"uv": [0, 0, 1, 1], "texture": "#missing"}
			}
		},
		{
			"name": "octagon",
			"from": [10.5, 11.10641, 9.42656],
			"to": [11.5, 15.49854, 11.42656],
			"rotation": {"angle": 45, "axis": "x", "origin": [11.25, 12.42748, 9.92656]},
			"color": 3,
			"faces": {
				"north": {"uv": [0, 0, 1, 1], "texture": "#missing"},
				"east": {"uv": [0, 0, 1, 1], "texture": "#missing"},
				"south": {"uv": [0, 0, 1, 1], "texture": "#missing"},
				"west": {"uv": [0, 0, 1, 1], "texture": "#missing"},
				"up": {"uv": [0, 0, 1, 1], "texture": "#missing"},
				"down": {"uv": [0, 0, 1, 1], "texture": "#missing"}
			}
		},
		{
			"name": "octagon",
			"from": [5, 5.92893, 3],
			"to": [11, 10.07107, 4],
			"rotation": {"angle": 0, "axis": "x", "origin": [8, 8, 8]},
			"color": 0,
			"faces": {
				"north": {"uv": [0, 0, 1, 1], "texture": "#missing"},
				"east": {"uv": [0, 0, 1, 1], "texture": "#missing"},
				"south": {"uv": [0, 0, 1, 1], "texture": "#missing"},
				"west": {"uv": [0, 0, 1, 1], "texture": "#missing"},
				"up": {"uv": [0, 0, 1, 1], "texture": "#missing"},
				"down": {"uv": [0, 0, 1, 1], "texture": "#missing"}
			}
		},
		{
			"name": "octagon",
			"from": [5, 5.92893, 12],
			"to": [11, 10.07107, 13],
			"rotation": {"angle": 0, "axis": "x", "origin": [8, 8, 8]},
			"color": 0,
			"faces": {
				"north": {"uv": [0, 0, 1, 1], "texture": "#missing"},
				"east": {"uv": [0, 0, 1, 1], "texture": "#missing"},
				"south": {"uv": [0, 0, 1, 1], "texture": "#missing"},
				"west": {"uv": [0, 0, 1, 1], "texture": "#missing"},
				"up": {"uv": [0, 0, 1, 1], "texture": "#missing"},
				"down": {"uv": [0, 0, 1, 1], "texture": "#missing"}
			}
		},
		{
			"name": "octagon",
			"from": [5, 3, 5.92893],
			"to": [11, 4, 10.07107],
			"rotation": {"angle": 45, "axis": "x", "origin": [8, 8, 8]},
			"color": 0,
			"faces": {
				"north": {"uv": [0, 0, 1, 1], "texture": "#missing"},
				"east": {"uv": [0, 0, 1, 1], "texture": "#missing"},
				"south": {"uv": [0, 0, 1, 1], "texture": "#missing"},
				"west": {"uv": [0, 0, 1, 1], "texture": "#missing"},
				"up": {"uv": [0, 0, 1, 1], "texture": "#missing"},
				"down": {"uv": [0, 0, 1, 1], "texture": "#missing"}
			}
		},
		{
			"name": "octagon",
			"from": [1.95, 7.94291, 7.21299],
			"to": [6.95, 8.94291, 8.21299],
			"rotation": {"angle": -22.5, "axis": "z", "origin": [4.075, 9.19291, 7.71299]},
			"color": 7,
			"faces": {
				"north": {"uv": [0, 0, 1, 1], "texture": "#missing"},
				"east": {"uv": [0, 0, 1, 1], "texture": "#missing"},
				"south": {"uv": [0, 0, 1, 1], "texture": "#missing"},
				"west": {"uv": [0, 0, 1, 1], "texture": "#missing"},
				"up": {"uv": [0, 0, 1, 1], "texture": "#missing"},
				"down": {"uv": [0, 0, 1, 1], "texture": "#missing"}
			}
		},
		{
			"name": "octagon",
			"from": [1.7, 9.94291, 7.21299],
			"to": [6.7, 10.94291, 8.21299],
			"rotation": {"angle": 22.5, "axis": "z", "origin": [3.825, 11.19291, 7.71299]},
			"color": 7,
			"faces": {
				"north": {"uv": [0, 0, 1, 1], "texture": "#missing"},
				"east": {"uv": [0, 0, 1, 1], "texture": "#missing"},
				"south": {"uv": [0, 0, 1, 1], "texture": "#missing"},
				"west": {"uv": [0, 0, 1, 1], "texture": "#missing"},
				"up": {"uv": [0, 0, 1, 1], "texture": "#missing"},
				"down": {"uv": [0, 0, 1, 1], "texture": "#missing"}
			}
		},
		{
			"name": "octagon",
			"from": [0.95, 9.69291, 7.21299],
			"to": [2.2, 11.69291, 8.21299],
			"rotation": {"angle": 0, "axis": "x", "origin": [1.5, 12.19291, 7.46299]},
			"color": 7,
			"faces": {
				"north": {"uv": [0, 0, 1, 1], "texture": "#missing"},
				"east": {"uv": [0, 0, 1, 1], "texture": "#missing"},
				"south": {"uv": [0, 0, 1, 1], "texture": "#missing"},
				"west": {"uv": [0, 0, 1, 1], "texture": "#missing"},
				"up": {"uv": [0, 0, 1, 1], "texture": "#missing"},
				"down": {"uv": [0, 0, 1, 1], "texture": "#missing"}
			}
		},
		{
			"name": "octagon",
			"from": [2.2, 5.94291, 6.71299],
			"to": [2.7, 9.19291, 8.71299],
			"rotation": {"angle": 0, "axis": "x", "origin": [1.5, 9.69291, 7.46299]},
			"color": 7,
			"faces": {
				"north": {"uv": [0, 0, 1, 1], "texture": "#missing"},
				"east": {"uv": [0, 0, 1, 1], "texture": "#missing"},
				"south": {"uv": [0, 0, 1, 1], "texture": "#missing"},
				"west": {"uv": [0, 0, 1, 1], "texture": "#missing"},
				"up": {"uv": [0, 0, 1, 1], "texture": "#missing"},
				"down": {"uv": [0, 0, 1, 1], "texture": "#missing"}
			}
		},
		{
			"name": "octagon",
			"from": [1.7, 6.44291, 6.71299],
			"to": [2.2, 9.69291, 8.71299],
			"rotation": {"angle": 0, "axis": "x", "origin": [1, 10.19291, 7.46299]},
			"color": 7,
			"faces": {
				"north": {"uv": [0, 0, 1, 1], "texture": "#missing"},
				"east": {"uv": [0, 0, 1, 1], "texture": "#missing"},
				"south": {"uv": [0, 0, 1, 1], "texture": "#missing"},
				"west": {"uv": [0, 0, 1, 1], "texture": "#missing"},
				"up": {"uv": [0, 0, 1, 1], "texture": "#missing"},
				"down": {"uv": [0, 0, 1, 1], "texture": "#missing"}
			}
		},
		{
			"name": "octagon",
			"from": [1.2, 6.94291, 6.71299],
			"to": [1.7, 10.19291, 8.71299],
			"rotation": {"angle": 0, "axis": "x", "origin": [0.5, 10.69291, 7.46299]},
			"color": 7,
			"faces": {
				"north": {"uv": [0, 0, 1, 1], "texture": "#missing"},
				"east": {"uv": [0, 0, 1, 1], "texture": "#missing"},
				"south": {"uv": [0, 0, 1, 1], "texture": "#missing"},
				"west": {"uv": [0, 0, 1, 1], "texture": "#missing"},
				"up": {"uv": [0, 0, 1, 1], "texture": "#missing"},
				"down": {"uv": [0, 0, 1, 1], "texture": "#missing"}
			}
		},
		{
			"name": "octagon",
			"from": [0.7, 7.44291, 6.71299],
			"to": [1.2, 10.69291, 8.71299],
			"rotation": {"angle": 0, "axis": "x", "origin": [0, 11.19291, 7.46299]},
			"color": 7,
			"faces": {
				"north": {"uv": [0, 0, 1, 1], "texture": "#missing"},
				"east": {"uv": [0, 0, 1, 1], "texture": "#missing"},
				"south": {"uv": [0, 0, 1, 1], "texture": "#missing"},
				"west": {"uv": [0, 0, 1, 1], "texture": "#missing"},
				"up": {"uv": [0, 0, 1, 1], "texture": "#missing"},
				"down": {"uv": [0, 0, 1, 1], "texture": "#missing"}
			}
		},
		{
			"name": "octagon",
			"from": [0.2, 7.94291, 6.71299],
			"to": [0.7, 11.19291, 8.71299],
			"rotation": {"angle": 0, "axis": "x", "origin": [0.95, 8.69291, 7.71299]},
			"color": 7,
			"faces": {
				"north": {"uv": [0, 0, 1, 1], "texture": "#missing"},
				"east": {"uv": [0, 0, 1, 1], "texture": "#missing"},
				"south": {"uv": [0, 0, 1, 1], "texture": "#missing"},
				"west": {"uv": [0, 0, 1, 1], "texture": "#missing"},
				"up": {"uv": [0, 0, 1, 1], "texture": "#missing"},
				"down": {"uv": [0, 0, 1, 1], "texture": "#missing"}
			}
		},
		{
			"name": "octagon",
			"from": [0.84762, 5.50743, 8.21299],
			"to": [1.34762, 8.33543, 8.71299],
			"rotation": {"angle": 45, "axis": "z", "origin": [0.99762, 7.35743, 7.46299]},
			"color": 7,
			"faces": {
				"north": {"uv": [0, 0, 1, 1], "texture": "#missing"},
				"east": {"uv": [0, 0, 1, 1], "texture": "#missing"},
				"south": {"uv": [0, 0, 1, 1], "texture": "#missing"},
				"west": {"uv": [0, 0, 1, 1], "texture": "#missing"},
				"up": {"uv": [0, 0, 1, 1], "texture": "#missing"},
				"down": {"uv": [0, 0, 1, 1], "texture": "#missing"}
			}
		},
		{
			"name": "octagon",
			"from": [0.84762, 5.50743, 6.71299],
			"to": [1.34762, 8.33543, 7.21299],
			"rotation": {"angle": 45, "axis": "z", "origin": [0.99762, 7.35743, 7.46299]},
			"color": 7,
			"faces": {
				"north": {"uv": [0, 0, 1, 1], "texture": "#missing"},
				"east": {"uv": [0, 0, 1, 1], "texture": "#missing"},
				"south": {"uv": [0, 0, 1, 1], "texture": "#missing"},
				"west": {"uv": [0, 0, 1, 1], "texture": "#missing"},
				"up": {"uv": [0, 0, 1, 1], "texture": "#missing"},
				"down": {"uv": [0, 0, 1, 1], "texture": "#missing"}
			}
		},
		{
			"name": "octagon",
			"from": [0.92114, 8.58035, 6.71299],
			"to": [1.42114, 11.40835, 8.71299],
			"rotation": {"angle": 45, "axis": "z", "origin": [1.32114, 10.43035, 7.46299]},
			"color": 7,
			"faces": {
				"north": {"uv": [0, 0, 1, 1], "texture": "#missing"},
				"east": {"uv": [0, 0, 1, 1], "texture": "#missing"},
				"south": {"uv": [0, 0, 1, 1], "texture": "#missing"},
				"west": {"uv": [0, 0, 1, 1], "texture": "#missing"},
				"up": {"uv": [0, 0, 1, 1], "texture": "#missing"},
				"down": {"uv": [0, 0, 1, 1], "texture": "#missing"}
			}
		},
		{
			"name": "octagon",
			"from": [0.92114, 8.58035, 6.96299],
			"to": [1.17114, 8.90835, 8.46299],
			"rotation": {"angle": 45, "axis": "z", "origin": [1.07114, 10.43035, 7.46299]},
			"color": 7,
			"faces": {
				"north": {"uv": [0, 0, 1, 1], "texture": "#missing"},
				"east": {"uv": [0, 0, 1, 1], "texture": "#missing"},
				"south": {"uv": [0, 0, 1, 1], "texture": "#missing"},
				"west": {"uv": [0, 0, 1, 1], "texture": "#missing"},
				"up": {"uv": [0, 0, 1, 1], "texture": "#missing"},
				"down": {"uv": [0, 0, 1, 1], "texture": "#missing"}
			}
		},
		{
			"name": "octagon",
			"from": [0.92114, 11.08035, 6.96299],
			"to": [1.17114, 11.40835, 8.46299],
			"rotation": {"angle": 45, "axis": "z", "origin": [1.07114, 10.43035, 7.46299]},
			"color": 7,
			"faces": {
				"north": {"uv": [0, 0, 1, 1], "texture": "#missing"},
				"east": {"uv": [0, 0, 1, 1], "texture": "#missing"},
				"south": {"uv": [0, 0, 1, 1], "texture": "#missing"},
				"west": {"uv": [0, 0, 1, 1], "texture": "#missing"},
				"up": {"uv": [0, 0, 1, 1], "texture": "#missing"},
				"down": {"uv": [0, 0, 1, 1], "texture": "#missing"}
			}
		},
		{
			"name": "octagon",
			"from": [9.05, 7.94291, 7.21299],
			"to": [14.05, 8.94291, 8.21299],
			"rotation": {"angle": 22.5, "axis": "z", "origin": [11.925, 9.19291, 7.71299]},
			"color": 7,
			"faces": {
				"north": {"uv": [1, 0, 0, 1], "texture": "#missing"},
				"east": {"uv": [1, 0, 0, 1], "texture": "#missing"},
				"south": {"uv": [1, 0, 0, 1], "texture": "#missing"},
				"west": {"uv": [1, 0, 0, 1], "texture": "#missing"},
				"up": {"uv": [1, 0, 0, 1], "texture": "#missing"},
				"down": {"uv": [1, 0, 0, 1], "texture": "#missing"}
			}
		},
		{
			"name": "octagon",
			"from": [9.3, 9.94291, 7.21299],
			"to": [14.3, 10.94291, 8.21299],
			"rotation": {"angle": -22.5, "axis": "z", "origin": [12.175, 11.19291, 7.71299]},
			"color": 7,
			"faces": {
				"north": {"uv": [1, 0, 0, 1], "texture": "#missing"},
				"east": {"uv": [1, 0, 0, 1], "texture": "#missing"},
				"south": {"uv": [1, 0, 0, 1], "texture": "#missing"},
				"west": {"uv": [1, 0, 0, 1], "texture": "#missing"},
				"up": {"uv": [1, 0, 0, 1], "texture": "#missing"},
				"down": {"uv": [1, 0, 0, 1], "texture": "#missing"}
			}
		},
		{
			"name": "octagon",
			"from": [13.8, 9.69291, 7.21299],
			"to": [15.05, 11.69291, 8.21299],
			"rotation": {"angle": 0, "axis": "x", "origin": [14.5, 12.19291, 7.46299]},
			"color": 7,
			"faces": {
				"north": {"uv": [1, 0, 0, 1], "texture": "#missing"},
				"east": {"uv": [1, 0, 0, 1], "texture": "#missing"},
				"south": {"uv": [1, 0, 0, 1], "texture": "#missing"},
				"west": {"uv": [1, 0, 0, 1], "texture": "#missing"},
				"up": {"uv": [1, 0, 0, 1], "texture": "#missing"},
				"down": {"uv": [1, 0, 0, 1], "texture": "#missing"}
			}
		},
		{
			"name": "octagon",
			"from": [13.3, 5.94291, 6.71299],
			"to": [13.8, 9.19291, 8.71299],
			"rotation": {"angle": 0, "axis": "x", "origin": [14.5, 9.69291, 7.46299]},
			"color": 7,
			"faces": {
				"north": {"uv": [1, 0, 0, 1], "texture": "#missing"},
				"east": {"uv": [1, 0, 0, 1], "texture": "#missing"},
				"south": {"uv": [1, 0, 0, 1], "texture": "#missing"},
				"west": {"uv": [1, 0, 0, 1], "texture": "#missing"},
				"up": {"uv": [1, 0, 0, 1], "texture": "#missing"},
				"down": {"uv": [1, 0, 0, 1], "texture": "#missing"}
			}
		},
		{
			"name": "octagon",
			"from": [13.8, 6.44291, 6.71299],
			"to": [14.3, 9.69291, 8.71299],
			"rotation": {"angle": 0, "axis": "x", "origin": [15, 10.19291, 7.46299]},
			"color": 7,
			"faces": {
				"north": {"uv": [1, 0, 0, 1], "texture": "#missing"},
				"east": {"uv": [1, 0, 0, 1], "texture": "#missing"},
				"south": {"uv": [1, 0, 0, 1], "texture": "#missing"},
				"west": {"uv": [1, 0, 0, 1], "texture": "#missing"},
				"up": {"uv": [1, 0, 0, 1], "texture": "#missing"},
				"down": {"uv": [1, 0, 0, 1], "texture": "#missing"}
			}
		},
		{
			"name": "octagon",
			"from": [14.3, 6.94291, 6.71299],
			"to": [14.8, 10.19291, 8.71299],
			"rotation": {"angle": 0, "axis": "x", "origin": [15.5, 10.69291, 7.46299]},
			"color": 7,
			"faces": {
				"north": {"uv": [1, 0, 0, 1], "texture": "#missing"},
				"east": {"uv": [1, 0, 0, 1], "texture": "#missing"},
				"south": {"uv": [1, 0, 0, 1], "texture": "#missing"},
				"west": {"uv": [1, 0, 0, 1], "texture": "#missing"},
				"up": {"uv": [1, 0, 0, 1], "texture": "#missing"},
				"down": {"uv": [1, 0, 0, 1], "texture": "#missing"}
			}
		},
		{
			"name": "octagon",
			"from": [14.8, 7.44291, 6.71299],
			"to": [15.3, 10.69291, 8.71299],
			"rotation": {"angle": 0, "axis": "x", "origin": [16, 11.19291, 7.46299]},
			"color": 7,
			"faces": {
				"north": {"uv": [1, 0, 0, 1], "texture": "#missing"},
				"east": {"uv": [1, 0, 0, 1], "texture": "#missing"},
				"south": {"uv": [1, 0, 0, 1], "texture": "#missing"},
				"west": {"uv": [1, 0, 0, 1], "texture": "#missing"},
				"up": {"uv": [1, 0, 0, 1], "texture": "#missing"},
				"down": {"uv": [1, 0, 0, 1], "texture": "#missing"}
			}
		},
		{
			"name": "octagon",
			"from": [15.3, 7.94291, 6.71299],
			"to": [15.8, 11.19291, 8.71299],
			"rotation": {"angle": 0, "axis": "x", "origin": [15.05, 8.69291, 7.71299]},
			"color": 7,
			"faces": {
				"north": {"uv": [1, 0, 0, 1], "texture": "#missing"},
				"east": {"uv": [1, 0, 0, 1], "texture": "#missing"},
				"south": {"uv": [1, 0, 0, 1], "texture": "#missing"},
				"west": {"uv": [1, 0, 0, 1], "texture": "#missing"},
				"up": {"uv": [1, 0, 0, 1], "texture": "#missing"},
				"down": {"uv": [1, 0, 0, 1], "texture": "#missing"}
			}
		},
		{
			"name": "octagon",
			"from": [14.65238, 5.50743, 8.21299],
			"to": [15.15238, 8.33543, 8.71299],
			"rotation": {"angle": -45, "axis": "z", "origin": [15.00238, 7.35743, 7.46299]},
			"color": 7,
			"faces": {
				"north": {"uv": [1, 0, 0, 1], "texture": "#missing"},
				"east": {"uv": [1, 0, 0, 1], "texture": "#missing"},
				"south": {"uv": [1, 0, 0, 1], "texture": "#missing"},
				"west": {"uv": [1, 0, 0, 1], "texture": "#missing"},
				"up": {"uv": [1, 0, 0, 1], "texture": "#missing"},
				"down": {"uv": [1, 0, 0, 1], "texture": "#missing"}
			}
		},
		{
			"name": "octagon",
			"from": [14.65238, 5.50743, 6.71299],
			"to": [15.15238, 8.33543, 7.21299],
			"rotation": {"angle": -45, "axis": "z", "origin": [15.00238, 7.35743, 7.46299]},
			"color": 7,
			"faces": {
				"north": {"uv": [1, 0, 0, 1], "texture": "#missing"},
				"east": {"uv": [1, 0, 0, 1], "texture": "#missing"},
				"south": {"uv": [1, 0, 0, 1], "texture": "#missing"},
				"west": {"uv": [1, 0, 0, 1], "texture": "#missing"},
				"up": {"uv": [1, 0, 0, 1], "texture": "#missing"},
				"down": {"uv": [1, 0, 0, 1], "texture": "#missing"}
			}
		},
		{
			"name": "octagon",
			"from": [14.57886, 8.58035, 6.71299],
			"to": [15.07886, 11.40835, 8.71299],
			"rotation": {"angle": -45, "axis": "z", "origin": [14.67886, 10.43035, 7.46299]},
			"color": 7,
			"faces": {
				"north": {"uv": [1, 0, 0, 1], "texture": "#missing"},
				"east": {"uv": [1, 0, 0, 1], "texture": "#missing"},
				"south": {"uv": [1, 0, 0, 1], "texture": "#missing"},
				"west": {"uv": [1, 0, 0, 1], "texture": "#missing"},
				"up": {"uv": [1, 0, 0, 1], "texture": "#missing"},
				"down": {"uv": [1, 0, 0, 1], "texture": "#missing"}
			}
		},
		{
			"name": "octagon",
			"from": [14.82886, 8.58035, 6.96299],
			"to": [15.07886, 8.90835, 8.46299],
			"rotation": {"angle": -45, "axis": "z", "origin": [14.92886, 10.43035, 7.46299]},
			"color": 7,
			"faces": {
				"north": {"uv": [1, 0, 0, 1], "texture": "#missing"},
				"east": {"uv": [1, 0, 0, 1], "texture": "#missing"},
				"south": {"uv": [1, 0, 0, 1], "texture": "#missing"},
				"west": {"uv": [1, 0, 0, 1], "texture": "#missing"},
				"up": {"uv": [1, 0, 0, 1], "texture": "#missing"},
				"down": {"uv": [1, 0, 0, 1], "texture": "#missing"}
			}
		},
		{
			"name": "octagon",
			"from": [14.82886, 11.08035, 6.96299],
			"to": [15.07886, 11.40835, 8.46299],
			"rotation": {"angle": -45, "axis": "z", "origin": [14.92886, 10.43035, 7.46299]},
			"color": 7,
			"faces": {
				"north": {"uv": [1, 0, 0, 1], "texture": "#missing"},
				"east": {"uv": [1, 0, 0, 1], "texture": "#missing"},
				"south": {"uv": [1, 0, 0, 1], "texture": "#missing"},
				"west": {"uv": [1, 0, 0, 1], "texture": "#missing"},
				"up": {"uv": [1, 0, 0, 1], "texture": "#missing"},
				"down": {"uv": [1, 0, 0, 1], "texture": "#missing"}
			}
		},
		{
			"name": "octagon",
			"from": [5, 3, 5.92893],
			"to": [11, 4, 10.07107],
			"rotation": {"angle": 0, "axis": "x", "origin": [8, 8, 8]},
			"color": 0,
			"faces": {
				"north": {"uv": [0, 0, 1, 1], "texture": "#missing"},
				"east": {"uv": [0, 0, 1, 1], "texture": "#missing"},
				"south": {"uv": [0, 0, 1, 1], "texture": "#missing"},
				"west": {"uv": [0, 0, 1, 1], "texture": "#missing"},
				"up": {"uv": [0, 0, 1, 1], "texture": "#missing"},
				"down": {"uv": [0, 0, 1, 1], "texture": "#missing"}
			}
		},
		{
			"name": "octagon",
			"from": [3.75, 6, 6.92893],
			"to": [4.75, 7, 9.07107],
			"rotation": {"angle": 45, "axis": "z", "origin": [4.75, 6.5, 8]},
			"color": 6,
			"faces": {
				"north": {"uv": [0, 0, 1, 1], "texture": "#missing"},
				"east": {"uv": [0, 0, 1, 1], "texture": "#missing"},
				"south": {"uv": [0, 0, 1, 1], "texture": "#missing"},
				"west": {"uv": [0, 0, 1, 1], "texture": "#missing"},
				"up": {"uv": [0, 0, 1, 1], "texture": "#missing"},
				"down": {"uv": [0, 0, 1, 1], "texture": "#missing"}
			}
		},
		{
			"name": "octagon",
			"from": [2.75, 6, 2.92893],
			"to": [3.75, 7, 10.07107],
			"rotation": {"angle": 45, "axis": "z", "origin": [4.75, 6.5, 9]},
			"color": 6,
			"faces": {
				"north": {"uv": [0, 0, 1, 1], "texture": "#missing"},
				"east": {"uv": [0, 0, 1, 1], "texture": "#missing"},
				"south": {"uv": [0, 0, 1, 1], "texture": "#missing"},
				"west": {"uv": [0, 0, 1, 1], "texture": "#missing"},
				"up": {"uv": [0, 0, 1, 1], "texture": "#missing"},
				"down": {"uv": [0, 0, 1, 1], "texture": "#missing"}
			}
		},
		{
			"name": "octagon",
			"from": [2.25, 6.25, 0.92893],
			"to": [2.75, 6.75, 9.07107],
			"rotation": {"angle": 45, "axis": "z", "origin": [4.75, 6.5, 9]},
			"color": 6,
			"faces": {
				"north": {"uv": [0, 0, 1, 1], "texture": "#missing"},
				"east": {"uv": [0, 0, 1, 1], "texture": "#missing"},
				"south": {"uv": [0, 0, 1, 1], "texture": "#missing"},
				"west": {"uv": [0, 0, 1, 1], "texture": "#missing"},
				"up": {"uv": [0, 0, 1, 1], "texture": "#missing"},
				"down": {"uv": [0, 0, 1, 1], "texture": "#missing"}
			}
		},
		{
			"name": "octagon",
			"from": [13.25, 6.25, 0.92893],
			"to": [13.75, 6.75, 9.07107],
			"rotation": {"angle": -45, "axis": "z", "origin": [11.25, 6.5, 9]},
			"color": 6,
			"faces": {
				"north": {"uv": [1, 0, 0, 1], "texture": "#missing"},
				"east": {"uv": [1, 0, 0, 1], "texture": "#missing"},
				"south": {"uv": [1, 0, 0, 1], "texture": "#missing"},
				"west": {"uv": [1, 0, 0, 1], "texture": "#missing"},
				"up": {"uv": [1, 0, 0, 1], "texture": "#missing"},
				"down": {"uv": [1, 0, 0, 1], "texture": "#missing"}
			}
		},
		{
			"name": "octagon",
			"from": [3, 7, 1.92893],
			"to": [3.5, 7.5, 11.07107],
			"rotation": {"angle": 45, "axis": "z", "origin": [4.75, 6.5, 9]},
			"color": 6,
			"faces": {
				"north": {"uv": [0, 0, 1, 1], "texture": "#missing"},
				"east": {"uv": [0, 0, 1, 1], "texture": "#missing"},
				"south": {"uv": [0, 0, 1, 1], "texture": "#missing"},
				"west": {"uv": [0, 0, 1, 1], "texture": "#missing"},
				"up": {"uv": [0, 0, 1, 1], "texture": "#missing"},
				"down": {"uv": [0, 0, 1, 1], "texture": "#missing"}
			}
		},
		{
			"name": "octagon",
			"from": [12.5, 7, 1.92893],
			"to": [13, 7.5, 11.07107],
			"rotation": {"angle": -45, "axis": "z", "origin": [11.25, 6.5, 9]},
			"color": 6,
			"faces": {
				"north": {"uv": [1, 0, 0, 1], "texture": "#missing"},
				"east": {"uv": [1, 0, 0, 1], "texture": "#missing"},
				"south": {"uv": [1, 0, 0, 1], "texture": "#missing"},
				"west": {"uv": [1, 0, 0, 1], "texture": "#missing"},
				"up": {"uv": [1, 0, 0, 1], "texture": "#missing"},
				"down": {"uv": [1, 0, 0, 1], "texture": "#missing"}
			}
		},
		{
			"name": "octagon",
			"from": [12.5, 6.25, -0.07107],
			"to": [13, 6.75, 3.07107],
			"rotation": {"angle": -45, "axis": "z", "origin": [11.25, 6.5, 9]},
			"color": 6,
			"faces": {
				"north": {"uv": [1, 0, 0, 1], "texture": "#missing"},
				"east": {"uv": [1, 0, 0, 1], "texture": "#missing"},
				"south": {"uv": [1, 0, 0, 1], "texture": "#missing"},
				"west": {"uv": [1, 0, 0, 1], "texture": "#missing"},
				"up": {"uv": [1, 0, 0, 1], "texture": "#missing"},
				"down": {"uv": [1, 0, 0, 1], "texture": "#missing"}
			}
		},
		{
			"name": "octagon",
			"from": [3, 6.25, -0.07107],
			"to": [3.5, 6.75, 3.07107],
			"rotation": {"angle": 45, "axis": "z", "origin": [4.75, 6.5, 9]},
			"color": 6,
			"faces": {
				"north": {"uv": [0, 0, 1, 1], "texture": "#missing"},
				"east": {"uv": [0, 0, 1, 1], "texture": "#missing"},
				"south": {"uv": [0, 0, 1, 1], "texture": "#missing"},
				"west": {"uv": [0, 0, 1, 1], "texture": "#missing"},
				"up": {"uv": [0, 0, 1, 1], "texture": "#missing"},
				"down": {"uv": [0, 0, 1, 1], "texture": "#missing"}
			}
		},
		{
			"name": "octagon",
			"from": [12.25, 6, 2.92893],
			"to": [13.25, 7, 10.07107],
			"rotation": {"angle": -45, "axis": "z", "origin": [11.25, 6.5, 9]},
			"color": 6,
			"faces": {
				"north": {"uv": [1, 0, 0, 1], "texture": "#missing"},
				"east": {"uv": [1, 0, 0, 1], "texture": "#missing"},
				"south": {"uv": [1, 0, 0, 1], "texture": "#missing"},
				"west": {"uv": [1, 0, 0, 1], "texture": "#missing"},
				"up": {"uv": [1, 0, 0, 1], "texture": "#missing"},
				"down": {"uv": [1, 0, 0, 1], "texture": "#missing"}
			}
		},
		{
			"name": "octagon",
			"from": [9.85355, 5.85355, 6.92893],
			"to": [11.60355, 6.85355, 9.07107],
			"rotation": {"angle": 0, "axis": "z", "origin": [11.60355, 6.35355, 8]},
			"color": 6,
			"faces": {
				"north": {"uv": [1, 0, 0, 1], "texture": "#missing"},
				"east": {"uv": [1, 0, 0, 1], "texture": "#missing"},
				"south": {"uv": [1, 0, 0, 1], "texture": "#missing"},
				"west": {"uv": [1, 0, 0, 1], "texture": "#missing"},
				"up": {"uv": [1, 0, 0, 1], "texture": "#missing"},
				"down": {"uv": [1, 0, 0, 1], "texture": "#missing"}
			}
		},
		{
			"name": "octagon",
			"from": [4.39645, 5.85355, 6.92893],
			"to": [6.14645, 6.85355, 9.07107],
			"rotation": {"angle": 0, "axis": "z", "origin": [6.14645, 6.35355, 8]},
			"color": 6,
			"faces": {
				"north": {"uv": [1, 0, 0, 1], "texture": "#missing"},
				"east": {"uv": [1, 0, 0, 1], "texture": "#missing"},
				"south": {"uv": [1, 0, 0, 1], "texture": "#missing"},
				"west": {"uv": [1, 0, 0, 1], "texture": "#missing"},
				"up": {"uv": [1, 0, 0, 1], "texture": "#missing"},
				"down": {"uv": [1, 0, 0, 1], "texture": "#missing"}
			}
		},
		{
			"name": "octagon",
			"from": [11.25, 6, 6.92893],
			"to": [12.25, 7, 9.07107],
			"rotation": {"angle": -45, "axis": "z", "origin": [11.25, 6.5, 8]},
			"color": 6,
			"faces": {
				"north": {"uv": [1, 0, 0, 1], "texture": "#missing"},
				"east": {"uv": [1, 0, 0, 1], "texture": "#missing"},
				"south": {"uv": [1, 0, 0, 1], "texture": "#missing"},
				"west": {"uv": [1, 0, 0, 1], "texture": "#missing"},
				"up": {"uv": [1, 0, 0, 1], "texture": "#missing"},
				"down": {"uv": [1, 0, 0, 1], "texture": "#missing"}
			}
		},
		{
			"name": "octagon",
			"from": [5, 12, 5.92893],
			"to": [11, 13, 10.07107],
			"rotation": {"angle": 45, "axis": "x", "origin": [8, 8, 8]},
			"color": 0,
			"faces": {
				"north": {"uv": [0, 0, 1, 1], "texture": "#missing"},
				"east": {"uv": [0, 0, 1, 1], "texture": "#missing"},
				"south": {"uv": [0, 0, 1, 1], "texture": "#missing"},
				"west": {"uv": [0, 0, 1, 1], "texture": "#missing"},
				"up": {"uv": [0, 0, 1, 1], "texture": "#missing"},
				"down": {"uv": [0, 0, 1, 1], "texture": "#missing"}
			}
		},
		{
			"name": "octagon",
			"from": [6, 13, 6.92893],
			"to": [10, 13.5, 9.07107],
			"rotation": {"angle": 45, "axis": "x", "origin": [8, 8, 8]},
			"color": 0,
			"faces": {
				"north": {"uv": [0, 0, 1, 1], "texture": "#missing"},
				"east": {"uv": [0, 0, 1, 1], "texture": "#missing"},
				"south": {"uv": [0, 0, 1, 1], "texture": "#missing"},
				"west": {"uv": [0, 0, 1, 1], "texture": "#missing"},
				"up": {"uv": [0, 0, 1, 1], "texture": "#missing"},
				"down": {"uv": [0, 0, 1, 1], "texture": "#missing"}
			}
		},
		{
			"name": "octagon",
			"from": [5, 5.92893, 3],
			"to": [11, 10.07107, 4],
			"rotation": {"angle": 45, "axis": "x", "origin": [8, 8, 8]},
			"color": 0,
			"faces": {
				"north": {"uv": [0, 0, 1, 1], "texture": "#missing"},
				"east": {"uv": [0, 0, 1, 1], "texture": "#missing"},
				"south": {"uv": [0, 0, 1, 1], "texture": "#missing"},
				"west": {"uv": [0, 0, 1, 1], "texture": "#missing"},
				"up": {"uv": [0, 0, 1, 1], "texture": "#missing"},
				"down": {"uv": [0, 0, 1, 1], "texture": "#missing"}
			}
		},
		{
			"name": "octagon",
			"from": [5, 5.92893, 12],
			"to": [11, 10.07107, 13],
			"rotation": {"angle": 45, "axis": "x", "origin": [8, 8, 8]},
			"color": 0,
			"faces": {
				"north": {"uv": [0, 0, 1, 1], "texture": "#missing"},
				"east": {"uv": [0, 0, 1, 1], "texture": "#missing"},
				"south": {"uv": [0, 0, 1, 1], "texture": "#missing"},
				"west": {"uv": [0, 0, 1, 1], "texture": "#missing"},
				"up": {"uv": [0, 0, 1, 1], "texture": "#missing"},
				"down": {"uv": [0, 0, 1, 1], "texture": "#missing"}
			}
		},
		{
			"name": "octagon",
			"from": [5, 12, 5.92893],
			"to": [11, 13, 10.07107],
			"rotation": {"angle": 0, "axis": "x", "origin": [8, 8, 8]},
			"color": 0,
			"faces": {
				"north": {"uv": [0, 0, 1, 1], "texture": "#missing"},
				"east": {"uv": [0, 0, 1, 1], "texture": "#missing"},
				"south": {"uv": [0, 0, 1, 1], "texture": "#missing"},
				"west": {"uv": [0, 0, 1, 1], "texture": "#missing"},
				"up": {"uv": [0, 0, 1, 1], "texture": "#missing"},
				"down": {"uv": [0, 0, 1, 1], "texture": "#missing"}
			}
		},
		{
			"name": "octagon",
			"from": [3, 6.34315, 4],
			"to": [13, 9.65685, 5],
			"rotation": {"angle": 45, "axis": "x", "origin": [8, 8, 8]},
			"color": 5,
			"faces": {
				"north": {"uv": [0, 0, 1, 1], "texture": "#missing"},
				"east": {"uv": [0, 0, 1, 1], "texture": "#missing"},
				"south": {"uv": [0, 0, 1, 1], "texture": "#missing"},
				"west": {"uv": [0, 0, 1, 1], "texture": "#missing"},
				"up": {"uv": [0, 0, 1, 1], "texture": "#missing"},
				"down": {"uv": [0, 0, 1, 1], "texture": "#missing"}
			}
		},
		{
			"name": "octagon",
			"from": [4, 6.34315, 4],
			"to": [12, 9.65685, 5],
			"rotation": {"angle": 0, "axis": "x", "origin": [8, 8, 8]},
			"color": 5,
			"faces": {
				"north": {"uv": [0, 0, 1, 1], "texture": "#missing"},
				"east": {"uv": [0, 0, 1, 1], "texture": "#missing"},
				"south": {"uv": [0, 0, 1, 1], "texture": "#missing"},
				"west": {"uv": [0, 0, 1, 1], "texture": "#missing"},
				"up": {"uv": [0, 0, 1, 1], "texture": "#missing"},
				"down": {"uv": [0, 0, 1, 1], "texture": "#missing"}
			}
		},
		{
			"name": "octagon",
			"from": [3, 11, 6.34315],
			"to": [13, 12, 8.65685],
			"rotation": {"angle": 45, "axis": "x", "origin": [8, 8, 8]},
			"color": 5,
			"faces": {
				"north": {"uv": [0, 0, 1, 1], "texture": "#missing"},
				"east": {"uv": [0, 0, 1, 1], "texture": "#missing"},
				"south": {"uv": [0, 0, 1, 1], "texture": "#missing"},
				"west": {"uv": [0, 0, 1, 1], "texture": "#missing"},
				"up": {"uv": [0, 0, 1, 1], "texture": "#missing"},
				"down": {"uv": [0, 0, 1, 1], "texture": "#missing"}
			}
		},
		{
			"name": "octagon",
			"from": [9.07716, 11.61209, 6.34315],
			"to": [15.07716, 12.61209, 9.65685],
			"rotation": {"angle": 22.5, "axis": "z", "origin": [12.57716, 12.11209, 8]},
			"color": 5,
			"faces": {
				"north": {"uv": [0, 0, 1, 1], "texture": "#missing"},
				"east": {"uv": [0, 0, 1, 1], "texture": "#missing"},
				"south": {"uv": [0, 0, 1, 1], "texture": "#missing"},
				"west": {"uv": [0, 0, 1, 1], "texture": "#missing"},
				"up": {"uv": [0, 0, 1, 1], "texture": "#missing"},
				"down": {"uv": [0, 0, 1, 1], "texture": "#missing"}
			}
		},
		{
			"name": "octagon",
			"from": [14.39, 11.99477, 6.34315],
			"to": [17.39, 12.99477, 9.65685],
			"rotation": {"angle": -22.5, "axis": "z", "origin": [15.89, 12.49477, 8]},
			"color": 5,
			"faces": {
				"north": {"uv": [1, 0, 0, 1], "texture": "#missing"},
				"east": {"uv": [1, 0, 0, 1], "texture": "#missing"},
				"south": {"uv": [1, 0, 0, 1], "texture": "#missing"},
				"west": {"uv": [1, 0, 0, 1], "texture": "#missing"},
				"up": {"uv": [1, 0, 0, 1], "texture": "#missing"},
				"down": {"uv": [1, 0, 0, 1], "texture": "#missing"}
			}
		},
		{
			"name": "octagon",
			"from": [-1.39, 11.99477, 6.34315],
			"to": [1.61, 12.99477, 9.65685],
			"rotation": {"angle": 22.5, "axis": "z", "origin": [0.11, 12.49477, 8]},
			"color": 5,
			"faces": {
				"north": {"uv": [0, 0, 1, 1], "texture": "#missing"},
				"east": {"uv": [0, 0, 1, 1], "texture": "#missing"},
				"south": {"uv": [0, 0, 1, 1], "texture": "#missing"},
				"west": {"uv": [0, 0, 1, 1], "texture": "#missing"},
				"up": {"uv": [0, 0, 1, 1], "texture": "#missing"},
				"down": {"uv": [0, 0, 1, 1], "texture": "#missing"}
			}
		},
		{
			"name": "octagon",
			"from": [0.92284, 11.61209, 6.34315],
			"to": [6.92284, 12.61209, 9.65685],
			"rotation": {"angle": -22.5, "axis": "z", "origin": [3.42284, 12.11209, 8]},
			"color": 5,
			"faces": {
				"north": {"uv": [1, 0, 0, 1], "texture": "#missing"},
				"east": {"uv": [1, 0, 0, 1], "texture": "#missing"},
				"south": {"uv": [1, 0, 0, 1], "texture": "#missing"},
				"west": {"uv": [1, 0, 0, 1], "texture": "#missing"},
				"up": {"uv": [1, 0, 0, 1], "texture": "#missing"},
				"down": {"uv": [1, 0, 0, 1], "texture": "#missing"}
			}
		},
		{
			"name": "octagon",
			"from": [6.96447, 1.5, 4],
			"to": [9.03553, 2.5, 4.5],
			"rotation": {"angle": 45, "axis": "y", "origin": [8, -2.5, 6.5]},
			"color": 2,
			"faces": {
				"north": {"uv": [0, 0, 1, 1], "texture": "#missing"},
				"east": {"uv": [0, 0, 1, 1], "texture": "#missing"},
				"south": {"uv": [0, 0, 1, 1], "texture": "#missing"},
				"west": {"uv": [0, 0, 1, 1], "texture": "#missing"},
				"up": {"uv": [0, 0, 1, 1], "texture": "#missing"},
				"down": {"uv": [0, 0, 1, 1], "texture": "#missing"}
			}
		},
		{
			"name": "octagon",
			"from": [6.96447, 1.5, 4],
			"to": [9.03553, 2.5, 4.5],
			"rotation": {"angle": 0, "axis": "y", "origin": [8, -2.5, 6.5]},
			"color": 2,
			"faces": {
				"north": {"uv": [0, 0, 1, 1], "texture": "#missing"},
				"east": {"uv": [0, 0, 1, 1], "texture": "#missing"},
				"south": {"uv": [0, 0, 1, 1], "texture": "#missing"},
				"west": {"uv": [0, 0, 1, 1], "texture": "#missing"},
				"up": {"uv": [0, 0, 1, 1], "texture": "#missing"},
				"down": {"uv": [0, 0, 1, 1], "texture": "#missing"}
			}
		},
		{
			"name": "octagon",
			"from": [6.96447, 1.5, 8.5],
			"to": [9.03553, 2.5, 9],
			"rotation": {"angle": 45, "axis": "y", "origin": [8, -2.5, 6.5]},
			"color": 2,
			"faces": {
				"north": {"uv": [0, 0, 1, 1], "texture": "#missing"},
				"east": {"uv": [0, 0, 1, 1], "texture": "#missing"},
				"south": {"uv": [0, 0, 1, 1], "texture": "#missing"},
				"west": {"uv": [0, 0, 1, 1], "texture": "#missing"},
				"up": {"uv": [0, 0, 1, 1], "texture": "#missing"},
				"down": {"uv": [0, 0, 1, 1], "texture": "#missing"}
			}
		},
		{
			"name": "octagon",
			"from": [6.96447, 1.5, 8.5],
			"to": [9.03553, 2.5, 9],
			"rotation": {"angle": 0, "axis": "y", "origin": [8, -2.5, 6.5]},
			"color": 2,
			"faces": {
				"north": {"uv": [0, 0, 1, 1], "texture": "#missing"},
				"east": {"uv": [0, 0, 1, 1], "texture": "#missing"},
				"south": {"uv": [0, 0, 1, 1], "texture": "#missing"},
				"west": {"uv": [0, 0, 1, 1], "texture": "#missing"},
				"up": {"uv": [0, 0, 1, 1], "texture": "#missing"},
				"down": {"uv": [0, 0, 1, 1], "texture": "#missing"}
			}
		},
		{
			"name": "octagon",
			"from": [5.5, 1.5, 5.46447],
			"to": [6, 2.5, 7.53553],
			"rotation": {"angle": 45, "axis": "y", "origin": [8, -2.5, 6.5]},
			"color": 2,
			"faces": {
				"north": {"uv": [0, 0, 1, 1], "texture": "#missing"},
				"east": {"uv": [0, 0, 1, 1], "texture": "#missing"},
				"south": {"uv": [0, 0, 1, 1], "texture": "#missing"},
				"west": {"uv": [0, 0, 1, 1], "texture": "#missing"},
				"up": {"uv": [0, 0, 1, 1], "texture": "#missing"},
				"down": {"uv": [0, 0, 1, 1], "texture": "#missing"}
			}
		},
		{
			"name": "octagon",
			"from": [5.5, 1.5, 5.46447],
			"to": [6, 2.5, 7.53553],
			"rotation": {"angle": 0, "axis": "y", "origin": [8, -2.5, 6.5]},
			"color": 2,
			"faces": {
				"north": {"uv": [0, 0, 1, 1], "texture": "#missing"},
				"east": {"uv": [0, 0, 1, 1], "texture": "#missing"},
				"south": {"uv": [0, 0, 1, 1], "texture": "#missing"},
				"west": {"uv": [0, 0, 1, 1], "texture": "#missing"},
				"up": {"uv": [0, 0, 1, 1], "texture": "#missing"},
				"down": {"uv": [0, 0, 1, 1], "texture": "#missing"}
			}
		},
		{
			"name": "octagon",
			"from": [10, 1.5, 5.46447],
			"to": [10.5, 2.5, 7.53553],
			"rotation": {"angle": 45, "axis": "y", "origin": [8, -2.5, 6.5]},
			"color": 2,
			"faces": {
				"north": {"uv": [0, 0, 1, 1], "texture": "#missing"},
				"east": {"uv": [0, 0, 1, 1], "texture": "#missing"},
				"south": {"uv": [0, 0, 1, 1], "texture": "#missing"},
				"west": {"uv": [0, 0, 1, 1], "texture": "#missing"},
				"up": {"uv": [0, 0, 1, 1], "texture": "#missing"},
				"down": {"uv": [0, 0, 1, 1], "texture": "#missing"}
			}
		},
		{
			"name": "octagon",
			"from": [10, 1.5, 5.46447],
			"to": [10.5, 2.5, 7.53553],
			"rotation": {"angle": 0, "axis": "y", "origin": [8, -2.5, 6.5]},
			"color": 2,
			"faces": {
				"north": {"uv": [0, 0, 1, 1], "texture": "#missing"},
				"east": {"uv": [0, 0, 1, 1], "texture": "#missing"},
				"south": {"uv": [0, 0, 1, 1], "texture": "#missing"},
				"west": {"uv": [0, 0, 1, 1], "texture": "#missing"},
				"up": {"uv": [0, 0, 1, 1], "texture": "#missing"},
				"down": {"uv": [0, 0, 1, 1], "texture": "#missing"}
			}
		},
		{
			"name": "octagon",
			"from": [7.17157, 6, 2.5],
			"to": [8.82843, 6.5, 3],
			"rotation": {"angle": 45, "axis": "z", "origin": [8, 8, 8]},
			"color": 3,
			"faces": {
				"north": {"uv": [0, 0, 1, 1], "texture": "#missing"},
				"east": {"uv": [0, 0, 1, 1], "texture": "#missing"},
				"south": {"uv": [0, 0, 1, 1], "texture": "#missing"},
				"west": {"uv": [0, 0, 1, 1], "texture": "#missing"},
				"up": {"uv": [0, 0, 1, 1], "texture": "#missing"},
				"down": {"uv": [0, 0, 1, 1], "texture": "#missing"}
			}
		},
		{
			"name": "octagon",
			"from": [7.17157, 6, 2.5],
			"to": [8.82843, 6.5, 3],
			"rotation": {"angle": 0, "axis": "z", "origin": [8, 8, 8]},
			"color": 3,
			"faces": {
				"north": {"uv": [0, 0, 1, 1], "texture": "#missing"},
				"east": {"uv": [0, 0, 1, 1], "texture": "#missing"},
				"south": {"uv": [0, 0, 1, 1], "texture": "#missing"},
				"west": {"uv": [0, 0, 1, 1], "texture": "#missing"},
				"up": {"uv": [0, 0, 1, 1], "texture": "#missing"},
				"down": {"uv": [0, 0, 1, 1], "texture": "#missing"}
			}
		},
		{
			"name": "octagon",
			"from": [7.17157, 9.5, 2.5],
			"to": [8.82843, 10, 3],
			"rotation": {"angle": 45, "axis": "z", "origin": [8, 8, 8]},
			"color": 3,
			"faces": {
				"north": {"uv": [0, 0, 1, 1], "texture": "#missing"},
				"east": {"uv": [0, 0, 1, 1], "texture": "#missing"},
				"south": {"uv": [0, 0, 1, 1], "texture": "#missing"},
				"west": {"uv": [0, 0, 1, 1], "texture": "#missing"},
				"up": {"uv": [0, 0, 1, 1], "texture": "#missing"},
				"down": {"uv": [0, 0, 1, 1], "texture": "#missing"}
			}
		},
		{
			"name": "octagon",
			"from": [7.17157, 9.5, 2.5],
			"to": [8.82843, 10, 3],
			"rotation": {"angle": 0, "axis": "z", "origin": [8, 8, 8]},
			"color": 3,
			"faces": {
				"north": {"uv": [0, 0, 1, 1], "texture": "#missing"},
				"east": {"uv": [0, 0, 1, 1], "texture": "#missing"},
				"south": {"uv": [0, 0, 1, 1], "texture": "#missing"},
				"west": {"uv": [0, 0, 1, 1], "texture": "#missing"},
				"up": {"uv": [0, 0, 1, 1], "texture": "#missing"},
				"down": {"uv": [0, 0, 1, 1], "texture": "#missing"}
			}
		},
		{
			"name": "octagon",
			"from": [6, 7.17157, 2.5],
			"to": [6.5, 8.82843, 3],
			"rotation": {"angle": 45, "axis": "z", "origin": [8, 8, 8]},
			"color": 3,
			"faces": {
				"north": {"uv": [0, 0, 1, 1], "texture": "#missing"},
				"east": {"uv": [0, 0, 1, 1], "texture": "#missing"},
				"south": {"uv": [0, 0, 1, 1], "texture": "#missing"},
				"west": {"uv": [0, 0, 1, 1], "texture": "#missing"},
				"up": {"uv": [0, 0, 1, 1], "texture": "#missing"},
				"down": {"uv": [0, 0, 1, 1], "texture": "#missing"}
			}
		},
		{
			"name": "octagon",
			"from": [6, 7.17157, 2.5],
			"to": [6.5, 8.82843, 3],
			"rotation": {"angle": 0, "axis": "z", "origin": [8, 8, 8]},
			"color": 3,
			"faces": {
				"north": {"uv": [0, 0, 1, 1], "texture": "#missing"},
				"east": {"uv": [0, 0, 1, 1], "texture": "#missing"},
				"south": {"uv": [0, 0, 1, 1], "texture": "#missing"},
				"west": {"uv": [0, 0, 1, 1], "texture": "#missing"},
				"up": {"uv": [0, 0, 1, 1], "texture": "#missing"},
				"down": {"uv": [0, 0, 1, 1], "texture": "#missing"}
			}
		},
		{
			"name": "octagon",
			"from": [9.5, 7.17157, 2.5],
			"to": [10, 8.82843, 3],
			"rotation": {"angle": 45, "axis": "z", "origin": [8, 8, 8]},
			"color": 3,
			"faces": {
				"north": {"uv": [0, 0, 1, 1], "texture": "#missing"},
				"east": {"uv": [0, 0, 1, 1], "texture": "#missing"},
				"south": {"uv": [0, 0, 1, 1], "texture": "#missing"},
				"west": {"uv": [0, 0, 1, 1], "texture": "#missing"},
				"up": {"uv": [0, 0, 1, 1], "texture": "#missing"},
				"down": {"uv": [0, 0, 1, 1], "texture": "#missing"}
			}
		},
		{
			"name": "octagon",
			"from": [9.5, 7.17157, 2.5],
			"to": [10, 8.82843, 3],
			"rotation": {"angle": 0, "axis": "z", "origin": [8, 8, 8]},
			"color": 3,
			"faces": {
				"north": {"uv": [0, 0, 1, 1], "texture": "#missing"},
				"east": {"uv": [0, 0, 1, 1], "texture": "#missing"},
				"south": {"uv": [0, 0, 1, 1], "texture": "#missing"},
				"west": {"uv": [0, 0, 1, 1], "texture": "#missing"},
				"up": {"uv": [0, 0, 1, 1], "texture": "#missing"},
				"down": {"uv": [0, 0, 1, 1], "texture": "#missing"}
			}
		},
		{
			"name": "octagon",
			"from": [6, 6.34315, 4],
			"to": [10, 9.65685, 12],
			"rotation": {"angle": 45, "axis": "x", "origin": [8, 8, 8]},
			"color": 4,
			"faces": {
				"north": {"uv": [0, 0, 1, 1], "texture": "#missing"},
				"east": {"uv": [0, 0, 1, 1], "texture": "#missing"},
				"south": {"uv": [0, 0, 1, 1], "texture": "#missing"},
				"west": {"uv": [0, 0, 1, 1], "texture": "#missing"},
				"up": {"uv": [0, 0, 1, 1], "texture": "#missing"},
				"down": {"uv": [0, 0, 1, 1], "texture": "#missing"}
			}
		},
		{
			"name": "octagon",
			"from": [6, 6.34315, 4],
			"to": [10, 9.65685, 12],
			"rotation": {"angle": 0, "axis": "x", "origin": [8, 8, 8]},
			"color": 4,
			"faces": {
				"north": {"uv": [0, 0, 1, 1], "texture": "#missing"},
				"east": {"uv": [0, 0, 1, 1], "texture": "#missing"},
				"south": {"uv": [0, 0, 1, 1], "texture": "#missing"},
				"west": {"uv": [0, 0, 1, 1], "texture": "#missing"},
				"up": {"uv": [0, 0, 1, 1], "texture": "#missing"},
				"down": {"uv": [0, 0, 1, 1], "texture": "#missing"}
			}
		},
		{
			"name": "octagon",
			"from": [6, 4, 6.34315],
			"to": [10, 12, 9.65685],
			"rotation": {"angle": 45, "axis": "x", "origin": [8, 8, 8]},
			"color": 4,
			"faces": {
				"north": {"uv": [0, 0, 1, 1], "texture": "#missing"},
				"east": {"uv": [0, 0, 1, 1], "texture": "#missing"},
				"south": {"uv": [0, 0, 1, 1], "texture": "#missing"},
				"west": {"uv": [0, 0, 1, 1], "texture": "#missing"},
				"up": {"uv": [0, 0, 1, 1], "texture": "#missing"},
				"down": {"uv": [0, 0, 1, 1], "texture": "#missing"}
			}
		},
		{
			"name": "octagon",
			"from": [6, 4, 6.34315],
			"to": [10, 12, 9.65685],
			"rotation": {"angle": 0, "axis": "x", "origin": [8, 8, 8]},
			"color": 4,
			"faces": {
				"north": {"uv": [0, 0, 1, 1], "texture": "#missing"},
				"east": {"uv": [0, 0, 1, 1], "texture": "#missing"},
				"south": {"uv": [0, 0, 1, 1], "texture": "#missing"},
				"west": {"uv": [0, 0, 1, 1], "texture": "#missing"},
				"up": {"uv": [0, 0, 1, 1], "texture": "#missing"},
				"down": {"uv": [0, 0, 1, 1], "texture": "#missing"}
			}
		}
	],
	"groups": [
		{
			"name": "octagon",
			"origin": [8, 8, 8],
			"color": 0,
			"nbt": "{}",
			"armAnimationEnabled": false,
			"children": [
				0,
				1,
				2,
				3,
				4,
				5,
				6,
				7,
				8,
				9,
				10,
				11,
				12,
				13,
				{
					"name": "engine",
					"origin": [1.32114, 10.93035, 7.46299],
					"color": 0,
					"nbt": "{}",
					"armAnimationEnabled": false,
					"children": [14, 15, 16, 17, 18, 19, 20, 21, 22, 23, 24, 25, 26]
				},
				{
					"name": "engine",
					"origin": [1.32114, 10.93035, 7.46299],
					"color": 0,
					"nbt": "{}",
					"armAnimationEnabled": false,
					"children": [27, 28, 29, 30, 31, 32, 33, 34, 35, 36, 37, 38, 39]
				},
				40,
				41,
				42,
				43,
				44,
				45,
				46,
				47,
				48,
				49,
				50,
				51,
				52,
				53,
				54,
				55,
				56,
				57
			]
		},
		{
			"name": "octagon",
			"origin": [8, 8, 8],
			"color": 5,
			"nbt": "{}",
			"armAnimationEnabled": false,
			"children": [58, 59, 60, 61, 62, 63, 64]
		},
		{
			"name": "octagon",
			"origin": [8, 8, 8],
			"color": 0,
			"nbt": "{}",
			"armAnimationEnabled": false,
			"children": [65, 66, 67, 68, 69, 70, 71, 72]
		},
		{
			"name": "octagon",
			"origin": [8, 8, 8],
			"color": 3,
			"nbt": "{}",
			"armAnimationEnabled": false,
			"children": [73, 74, 75, 76, 77, 78, 79, 80]
		},
		{
			"name": "octagon",
			"origin": [8, 8, 8],
			"color": 0,
			"nbt": "{}",
			"armAnimationEnabled": false,
			"children": [81, 82, 83, 84]
		}
	]
}