{
	"textures": {
		"0": "expansion:structures/assembler/assembler"
	},
	"elements": [
		{
			"from": [
				4,
				20.94454,
				11.84911
			],
			"to": [
				6,
				22.94454,
				18.84911
			],
			"rotation": {
				"angle": -45,
				"axis": "x",
				"origin": [
					-7.25,
					11.5,
					26.25
				]
			},
			"faces": {
				"north": {
					"uv": [
						11.3125,
						9.5,
						11.4375,
						9.625
					],
					"texture": "#0"
				},
				"east": {
					"uv": [
						9.6875,
						6.75,
						10.125,
						6.875
					],
					"texture": "#0"
				},
				"south": {
					"uv": [
						9.6875,
						11.3125,
						9.8125,
						11.4375
					],
					"texture": "#0"
				},
				"west": {
					"uv": [
						9.75,
						0.75,
						10.1875,
						0.875
					],
					"texture": "#0"
				},
				"up": {
					"uv": [
						2.1875,
						10.1875,
						2.0625,
						9.75
					],
					"texture": "#0"
				},
				"down": {
					"uv": [
						2.375,
						9.75,
						2.25,
						10.1875
					],
					"texture": "#0"
				}
			}
		},
		{
			"from": [
				3.5,
				15.52434,
				8.37433
			],
			"to": [
				6.5,
				17.024340000000002,
				9.37433
			],
			"rotation": {
				"angle": -22.5,
				"axis": "x",
				"origin": [
					-7.25,
					11.5,
					26.25
				]
			},
			"faces": {
				"north": {
					"uv": [
						4.0625,
						11.125,
						4.25,
						11.25
					],
					"texture": "#0"
				},
				"east": {
					"uv": [
						1.1875,
						12.1875,
						1.25,
						12.3125
					],
					"texture": "#0"
				},
				"south": {
					"uv": [
						4.3125,
						11.125,
						4.5,
						11.25
					],
					"texture": "#0"
				},
				"west": {
					"uv": [
						1.3125,
						12.1875,
						1.375,
						12.3125
					],
					"texture": "#0"
				},
				"up": {
					"uv": [
						6.6875,
						11.8125,
						6.5,
						11.75
					],
					"texture": "#0"
				},
				"down": {
					"uv": [
						6.9375,
						11.75,
						6.75,
						11.8125
					],
					"texture": "#0"
				}
			}
		},
		{
			"from": [
				3.5,
				20.44454,
				7.84911
			],
			"to": [
				6.5,
				23.44454,
				11.84911
			],
			"rotation": {
				"angle": -45,
				"axis": "x",
				"origin": [
					-7.25,
					11.5,
					26.25
				]
			},
			"faces": {
				"north": {
					"uv": [
						10.6875,
						9,
						10.875,
						9.1875
					],
					"texture": "#0"
				},
				"east": {
					"uv": [
						10,
						0.375,
						10.25,
						0.5625
					],
					"texture": "#0"
				},
				"south": {
					"uv": [
						1.5625,
						10.75,
						1.75,
						10.9375
					],
					"texture": "#0"
				},
				"west": {
					"uv": [
						10,
						2.25,
						10.25,
						2.4375
					],
					"texture": "#0"
				},
				"up": {
					"uv": [
						10.1875,
						3.1875,
						10,
						2.9375
					],
					"texture": "#0"
				},
				"down": {
					"uv": [
						5,
						10,
						4.8125,
						10.25
					],
					"texture": "#0"
				}
			}
		},
		{
			"from": [
				4.5,
				8.05599,
				5.49964
			],
			"to": [
				5.5,
				9.05599,
				6.999639999999999
			],
			"rotation": {
				"angle": 0,
				"axis": "y",
				"origin": [
					-7.25,
					11.5,
					26.25
				]
			},
			"faces": {
				"north": {
					"uv": [
						12.25,
						1.25,
						12.3125,
						1.3125
					],
					"texture": "#0"
				},
				"east": {
					"uv": [
						1.4375,
						12.1875,
						1.5625,
						12.25
					],
					"texture": "#0"
				},
				"south": {
					"uv": [
						12.25,
						1.375,
						12.3125,
						1.4375
					],
					"texture": "#0"
				},
				"west": {
					"uv": [
						1.625,
						12.1875,
						1.75,
						12.25
					],
					"texture": "#0"
				},
				"up": {
					"uv": [
						1.875,
						12.3125,
						1.8125,
						12.1875
					],
					"texture": "#0"
				},
				"down": {
					"uv": [
						2,
						12.1875,
						1.9375,
						12.3125
					],
					"texture": "#0"
				}
			}
		},
		{
			"from": [
				4.5,
				23.44454,
				6.84911
			],
			"to": [
				5.5,
				24.44454,
				9.84911
			],
			"rotation": {
				"angle": -45,
				"axis": "x",
				"origin": [
					-7.25,
					11.5,
					26.25
				]
			},
			"faces": {
				"north": {
					"uv": [
						12.25,
						1.5,
						12.3125,
						1.5625
					],
					"texture": "#0"
				},
				"east": {
					"uv": [
						7,
						11.75,
						7.1875,
						11.8125
					],
					"texture": "#0"
				},
				"south": {
					"uv": [
						12.25,
						1.625,
						12.3125,
						1.6875
					],
					"texture": "#0"
				},
				"west": {
					"uv": [
						11.75,
						7,
						11.9375,
						7.0625
					],
					"texture": "#0"
				},
				"up": {
					"uv": [
						7.3125,
						11.9375,
						7.25,
						11.75
					],
					"texture": "#0"
				},
				"down": {
					"uv": [
						7.4375,
						11.75,
						7.375,
						11.9375
					],
					"texture": "#0"
				}
			}
		},
		{
			"from": [
				4.5,
				21.44454,
				6.84911
			],
			"to": [
				5.5,
				22.44454,
				7.84911
			],
			"rotation": {
				"angle": -45,
				"axis": "x",
				"origin": [
					-7.25,
					11.5,
					26.25
				]
			},
			"faces": {
				"north": {
					"uv": [
						12.25,
						1.75,
						12.3125,
						1.8125
					],
					"texture": "#0"
				},
				"east": {
					"uv": [
						12.25,
						1.875,
						12.3125,
						1.9375
					],
					"texture": "#0"
				},
				"south": {
					"uv": [
						12.25,
						2,
						12.3125,
						2.0625
					],
					"texture": "#0"
				},
				"west": {
					"uv": [
						12.25,
						2.125,
						12.3125,
						2.1875
					],
					"texture": "#0"
				},
				"up": {
					"uv": [
						12.3125,
						2.3125,
						12.25,
						2.25
					],
					"texture": "#0"
				},
				"down": {
					"uv": [
						2.6875,
						12.25,
						2.625,
						12.3125
					],
					"texture": "#0"
				}
			}
		},
		{
			"from": [
				3.5,
				7.89073,
				8.49072
			],
			"to": [
				6.5,
				8.89073,
				9.99072
			],
			"rotation": {
				"angle": 22.5,
				"axis": "x",
				"origin": [
					5,
					8.39073,
					9.24072
				]
			},
			"faces": {
				"north": {
					"uv": [
						11.75,
						7.125,
						11.9375,
						7.1875
					],
					"texture": "#0"
				},
				"east": {
					"uv": [
						2.0625,
						12.1875,
						2.1875,
						12.25
					],
					"texture": "#0"
				},
				"south": {
					"uv": [
						7.5,
						11.75,
						7.6875,
						11.8125
					],
					"texture": "#0"
				},
				"west": {
					"uv": [
						12.1875,
						2.9375,
						12.3125,
						3
					],
					"texture": "#0"
				},
				"up": {
					"uv": [
						5,
						11.25,
						4.8125,
						11.125
					],
					"texture": "#0"
				},
				"down": {
					"uv": [
						5.25,
						11.125,
						5.0625,
						11.25
					],
					"texture": "#0"
				}
			}
		}
	],
	"display": {
		"head": {
			"rotation": [
				0,
				180,
				0
			]
		}
	}
}