{
	"textures": {
		"0": "expansion:structures/assembler/assembler"
	},
	"elements": [
		{
			"from": [
				4,
				0.7573600000000003,
				8.08579
			],
			"to": [
				12.000000000000002,
				2.7573600000000003,
				11.39949
			],
			"rotation": {
				"angle": 0,
				"axis": "y",
				"origin": [
					8,
					1.7573600000000003,
					9.74264
				]
			},
			"faces": {
				"north": {
					"uv": [
						9.5,
						9,
						10,
						9.125
					],
					"texture": "#0"
				},
				"east": {
					"uv": [
						5.875,
						11.0625,
						6.0625,
						11.1875
					],
					"texture": "#0"
				},
				"south": {
					"uv": [
						9.5,
						9.1875,
						10,
						9.3125
					],
					"texture": "#0"
				},
				"west": {
					"uv": [
						11.0625,
						6.3125,
						11.25,
						6.4375
					],
					"texture": "#0"
				},
				"up": {
					"uv": [
						7.625,
						8.5,
						7.125,
						8.3125
					],
					"texture": "#0"
				},
				"down": {
					"uv": [
						2.0625,
						8.375,
						1.5625,
						8.5625
					],
					"texture": "#0"
				}
			}
		},
		{
			"from": [
				4,
				0.7573600000000003,
				8.08579
			],
			"to": [
				12.000000000000002,
				2.7573600000000003,
				11.39949
			],
			"rotation": {
				"angle": -45,
				"axis": "y",
				"origin": [
					8,
					1.7573600000000003,
					9.74264
				]
			},
			"faces": {
				"north": {
					"uv": [
						9.5625,
						0,
						10.0625,
						0.125
					],
					"texture": "#0"
				},
				"east": {
					"uv": [
						11.0625,
						6.5,
						11.25,
						6.625
					],
					"texture": "#0"
				},
				"south": {
					"uv": [
						2.3125,
						9.5625,
						2.8125,
						9.6875
					],
					"texture": "#0"
				},
				"west": {
					"uv": [
						8.875,
						11.0625,
						9.0625,
						11.1875
					],
					"texture": "#0"
				},
				"up": {
					"uv": [
						3.4375,
						8.5625,
						2.9375,
						8.375
					],
					"texture": "#0"
				},
				"down": {
					"uv": [
						8.9375,
						7,
						8.4375,
						7.1875
					],
					"texture": "#0"
				}
			}
		},
		{
			"from": [
				6.34315,
				0.7573600000000003,
				5.74264
			],
			"to": [
				9.65685,
				2.7573600000000003,
				13.74264
			],
			"rotation": {
				"angle": 0,
				"axis": "y",
				"origin": [
					8,
					1.7573600000000003,
					9.74264
				]
			},
			"faces": {
				"north": {
					"uv": [
						11,
						11.0625,
						11.1875,
						11.1875
					],
					"texture": "#0"
				},
				"east": {
					"uv": [
						9.5625,
						2.75,
						10.0625,
						2.875
					],
					"texture": "#0"
				},
				"south": {
					"uv": [
						0.1875,
						11.125,
						0.375,
						11.25
					],
					"texture": "#0"
				},
				"west": {
					"uv": [
						4.375,
						9.5625,
						4.875,
						9.6875
					],
					"texture": "#0"
				},
				"up": {
					"uv": [
						6.8125,
						8.875,
						6.625,
						8.375
					],
					"texture": "#0"
				},
				"down": {
					"uv": [
						7.0625,
						8.375,
						6.875,
						8.875
					],
					"texture": "#0"
				}
			}
		},
		{
			"from": [
				6.34315,
				0.7573600000000003,
				5.74264
			],
			"to": [
				9.65685,
				2.7573600000000003,
				13.74264
			],
			"rotation": {
				"angle": -45,
				"axis": "y",
				"origin": [
					8,
					1.7573600000000003,
					9.74264
				]
			},
			"faces": {
				"north": {
					"uv": [
						0.4375,
						11.125,
						0.625,
						11.25
					],
					"texture": "#0"
				},
				"east": {
					"uv": [
						5.375,
						9.5625,
						5.875,
						9.6875
					],
					"texture": "#0"
				},
				"south": {
					"uv": [
						11.125,
						0.5625,
						11.3125,
						0.6875
					],
					"texture": "#0"
				},
				"west": {
					"uv": [
						9.5625,
						7,
						10.0625,
						7.125
					],
					"texture": "#0"
				},
				"up": {
					"uv": [
						8.6875,
						1.9375,
						8.5,
						1.4375
					],
					"texture": "#0"
				},
				"down": {
					"uv": [
						3.6875,
						8.5,
						3.5,
						9
					],
					"texture": "#0"
				}
			}
		},
		{
			"from": [
				3,
				-0.24263999999999974,
				4.74264
			],
			"to": [
				13.000000000000002,
				0.7573600000000003,
				14.74264
			],
			"rotation": {
				"angle": 0,
				"axis": "y",
				"origin": [
					8,
					0.25736000000000026,
					9.74264
				]
			},
			"faces": {
				"north": {
					"uv": [
						4.0625,
						10.3125,
						4.6875,
						10.375
					],
					"texture": "#0"
				},
				"east": {
					"uv": [
						10.3125,
						5,
						10.9375,
						5.0625
					],
					"texture": "#0"
				},
				"south": {
					"uv": [
						10.3125,
						5.125,
						10.9375,
						5.1875
					],
					"texture": "#0"
				},
				"west": {
					"uv": [
						10.3125,
						5.25,
						10.9375,
						5.3125
					],
					"texture": "#0"
				},
				"up": {
					"uv": [
						2,
						6.75,
						1.375,
						6.125
					],
					"texture": "#0"
				},
				"down": {
					"uv": [
						2.6875,
						6.125,
						2.0625,
						6.75
					],
					"texture": "#0"
				}
			}
		}
	],
	"display": {
		"head": {
			"rotation": [
				0,
				180,
				0
			]
		}
	}
}