{
	"textures": {
		"0": "expansion:structures/assembler/assembler"
	},
	"elements": [
		{
			"from": [
				6.98223,
				6.75,
				10.5
			],
			"to": [
				8.51777,
				9.25,
				11.5
			],
			"rotation": {
				"angle": 0,
				"axis": "y",
				"origin": [
					22.99808,
					8.93138,
					3.5
				]
			},
			"faces": {
				"north": {
					"uv": [
						11.125,
						8.1875,
						11.25,
						8.375
					],
					"texture": "#0"
				},
				"east": {
					"uv": [
						11.75,
						11.1875,
						11.8125,
						11.375
					],
					"texture": "#0"
				},
				"south": {
					"uv": [
						8.25,
						11.125,
						8.375,
						11.3125
					],
					"texture": "#0"
				},
				"west": {
					"uv": [
						11.3125,
						11.75,
						11.375,
						11.9375
					],
					"texture": "#0"
				},
				"up": {
					"uv": [
						7.8125,
						12.25,
						7.6875,
						12.1875
					],
					"texture": "#0"
				},
				"down": {
					"uv": [
						12.3125,
						7.75,
						12.1875,
						7.8125
					],
					"texture": "#0"
				}
			}
		},
		{
			"from": [
				11.21649,
				17.62804,
				10.5
			],
			"to": [
				12.25202,
				18.37804,
				11.5
			],
			"rotation": {
				"angle": 45,
				"axis": "z",
				"origin": [
					22.99808,
					8.93138,
					3.5
				]
			},
			"faces": {
				"north": {
					"uv": [
						10.8125,
						12.25,
						10.875,
						12.3125
					],
					"texture": "#0"
				},
				"east": {
					"uv": [
						10.9375,
						12.25,
						11,
						12.3125
					],
					"texture": "#0"
				},
				"south": {
					"uv": [
						11.0625,
						12.25,
						11.125,
						12.3125
					],
					"texture": "#0"
				},
				"west": {
					"uv": [
						11.1875,
						12.25,
						11.25,
						12.3125
					],
					"texture": "#0"
				},
				"up": {
					"uv": [
						11.375,
						12.3125,
						11.3125,
						12.25
					],
					"texture": "#0"
				},
				"down": {
					"uv": [
						11.5,
						12.25,
						11.4375,
						12.3125
					],
					"texture": "#0"
				}
			}
		},
		{
			"from": [
				12.234250000000001,
				18.36027,
				10.5
			],
			"to": [
				12.984250000000001,
				19.39581,
				11.5
			],
			"rotation": {
				"angle": 45,
				"axis": "z",
				"origin": [
					22.99808,
					8.93138,
					3.5
				]
			},
			"faces": {
				"north": {
					"uv": [
						11.5625,
						12.25,
						11.625,
						12.3125
					],
					"texture": "#0"
				},
				"east": {
					"uv": [
						12.25,
						11.5625,
						12.3125,
						11.625
					],
					"texture": "#0"
				},
				"south": {
					"uv": [
						11.9375,
						12.25,
						12,
						12.3125
					],
					"texture": "#0"
				},
				"west": {
					"uv": [
						12.25,
						12.125,
						12.3125,
						12.1875
					],
					"texture": "#0"
				},
				"up": {
					"uv": [
						12.3125,
						12.3125,
						12.25,
						12.25
					],
					"texture": "#0"
				},
				"down": {
					"uv": [
						0.1875,
						12.3125,
						0.125,
						12.375
					],
					"texture": "#0"
				}
			}
		},
		{
			"from": [
				8.5,
				7.4822299999999995,
				10.5
			],
			"to": [
				9.25,
				8.517769999999999,
				11.5
			],
			"rotation": {
				"angle": 0,
				"axis": "y",
				"origin": [
					22.99808,
					8.93138,
					3.5
				]
			},
			"faces": {
				"north": {
					"uv": [
						0.25,
						12.3125,
						0.3125,
						12.375
					],
					"texture": "#0"
				},
				"east": {
					"uv": [
						0.375,
						12.3125,
						0.4375,
						12.375
					],
					"texture": "#0"
				},
				"south": {
					"uv": [
						12.3125,
						0.5,
						12.375,
						0.5625
					],
					"texture": "#0"
				},
				"west": {
					"uv": [
						12.3125,
						0.625,
						12.375,
						0.6875
					],
					"texture": "#0"
				},
				"up": {
					"uv": [
						0.8125,
						12.375,
						0.75,
						12.3125
					],
					"texture": "#0"
				},
				"down": {
					"uv": [
						1.5,
						12.3125,
						1.4375,
						12.375
					],
					"texture": "#0"
				}
			}
		},
		{
			"from": [
				6.98223,
				6.75,
				7.5
			],
			"to": [
				8.51777,
				9.25,
				8.5
			],
			"rotation": {
				"angle": 0,
				"axis": "y",
				"origin": [
					22.99808,
					8.93138,
					3.5
				]
			},
			"faces": {
				"north": {
					"uv": [
						8.4375,
						11.125,
						8.5625,
						11.3125
					],
					"texture": "#0"
				},
				"east": {
					"uv": [
						11.4375,
						11.75,
						11.5,
						11.9375
					],
					"texture": "#0"
				},
				"south": {
					"uv": [
						11.125,
						8.4375,
						11.25,
						8.625
					],
					"texture": "#0"
				},
				"west": {
					"uv": [
						11.75,
						11.4375,
						11.8125,
						11.625
					],
					"texture": "#0"
				},
				"up": {
					"uv": [
						8,
						12.25,
						7.875,
						12.1875
					],
					"texture": "#0"
				},
				"down": {
					"uv": [
						12.3125,
						8.375,
						12.1875,
						8.4375
					],
					"texture": "#0"
				}
			}
		},
		{
			"from": [
				11.21649,
				17.62804,
				7.5
			],
			"to": [
				12.25202,
				18.37804,
				8.5
			],
			"rotation": {
				"angle": 45,
				"axis": "z",
				"origin": [
					22.99808,
					8.93138,
					3.5
				]
			},
			"faces": {
				"north": {
					"uv": [
						1.5625,
						12.3125,
						1.625,
						12.375
					],
					"texture": "#0"
				},
				"east": {
					"uv": [
						1.6875,
						12.3125,
						1.75,
						12.375
					],
					"texture": "#0"
				},
				"south": {
					"uv": [
						2.0625,
						12.3125,
						2.125,
						12.375
					],
					"texture": "#0"
				},
				"west": {
					"uv": [
						2.1875,
						12.3125,
						2.25,
						12.375
					],
					"texture": "#0"
				},
				"up": {
					"uv": [
						2.375,
						12.375,
						2.3125,
						12.3125
					],
					"texture": "#0"
				},
				"down": {
					"uv": [
						12.375,
						2.375,
						12.3125,
						2.4375
					],
					"texture": "#0"
				}
			}
		},
		{
			"from": [
				8.5,
				7.4822299999999995,
				7.5
			],
			"to": [
				9.25,
				8.517769999999999,
				8.5
			],
			"rotation": {
				"angle": 0,
				"axis": "y",
				"origin": [
					22.99808,
					8.93138,
					3.5
				]
			},
			"faces": {
				"north": {
					"uv": [
						2.4375,
						12.3125,
						2.5,
						12.375
					],
					"texture": "#0"
				},
				"east": {
					"uv": [
						12.3125,
						2.5,
						12.375,
						2.5625
					],
					"texture": "#0"
				},
				"south": {
					"uv": [
						3,
						12.3125,
						3.0625,
						12.375
					],
					"texture": "#0"
				},
				"west": {
					"uv": [
						3.5625,
						12.3125,
						3.625,
						12.375
					],
					"texture": "#0"
				},
				"up": {
					"uv": [
						3.75,
						12.375,
						3.6875,
						12.3125
					],
					"texture": "#0"
				},
				"down": {
					"uv": [
						3.875,
						12.3125,
						3.8125,
						12.375
					],
					"texture": "#0"
				}
			}
		},
		{
			"from": [
				12.234250000000001,
				18.36027,
				7.5
			],
			"to": [
				12.984250000000001,
				19.39581,
				8.5
			],
			"rotation": {
				"angle": 45,
				"axis": "z",
				"origin": [
					22.99808,
					8.93138,
					3.5
				]
			},
			"faces": {
				"north": {
					"uv": [
						3.9375,
						12.3125,
						4,
						12.375
					],
					"texture": "#0"
				},
				"east": {
					"uv": [
						12.3125,
						3.9375,
						12.375,
						4
					],
					"texture": "#0"
				},
				"south": {
					"uv": [
						4.0625,
						12.3125,
						4.125,
						12.375
					],
					"texture": "#0"
				},
				"west": {
					"uv": [
						12.3125,
						4.0625,
						12.375,
						4.125
					],
					"texture": "#0"
				},
				"up": {
					"uv": [
						4.25,
						12.375,
						4.1875,
						12.3125
					],
					"texture": "#0"
				},
				"down": {
					"uv": [
						12.375,
						4.1875,
						12.3125,
						4.25
					],
					"texture": "#0"
				}
			}
		}
	],
	"display": {
		"head": {
			"rotation": [
				0,
				180,
				0
			]
		}
	}
}