{
	"credit": "Made with Blockbench",
	"texture_size": [32, 32],
	"textures": {
		"0": "expansion:structures/portal_animation",
		"particle": "expansion:structures/portal_animation"
	},
	"elements": [
		{
			"from": [-8, -6.9325, 7.9995],
			"to": [24, 25.0675, 8.0005],
			"rotation": {"angle": 0, "axis": "y", "origin": [8, 8, 8]},
			"faces": {
				"north": {"uv": [0, 0, 16, 16], "texture": "#0"},
				"east": {"uv": [0, 0, 0, 16], "texture": "#0"},
				"south": {"uv": [0, 0, 16, 16], "texture": "#0"},
				"west": {"uv": [0, 0, 0, 16], "texture": "#0"},
				"up": {"uv": [16, 0, 0, 0], "texture": "#0"},
				"down": {"uv": [16, 0, 0, 0], "texture": "#0"}
			}
		}
	],
	"display": {
		"head": {
			"translation": [0, -17.25, 0],
			"scale": [3.2, 3.2, 3.2]
		}
	}
}