{
	"textures": {
		"0": "expansion:structures/assembler/assembler"
	},
	"elements": [
		{
			"from": [
				16.31119493363672,
				8.106153560205636,
				11.738093911302647
			],
			"to": [
				17.972570005326787,
				9.7675286318957,
				15.891531590527809
			],
			"rotation": {
				"angle": 45,
				"axis": "z",
				"origin": [
					13.814812750915227,
					26.067453904629456,
					8.830687535845033
				]
			},
			"faces": {
				"north": {
					"uv": [
						1.25,
						11.3125,
						1.375,
						11.4375
					],
					"texture": "#0"
				},
				"east": {
					"uv": [
						7.5625,
						10.25,
						7.875,
						10.375
					],
					"texture": "#0"
				},
				"south": {
					"uv": [
						11.3125,
						1.25,
						11.4375,
						1.375
					],
					"texture": "#0"
				},
				"west": {
					"uv": [
						10.25,
						10.1875,
						10.5625,
						10.3125
					],
					"texture": "#0"
				},
				"up": {
					"uv": [
						5.75,
						10.5625,
						5.625,
						10.25
					],
					"texture": "#0"
				},
				"down": {
					"uv": [
						8.0625,
						10.25,
						7.9375,
						10.5625
					],
					"texture": "#0"
				}
			}
		},
		{
			"from": [
				26.275125788590714,
				15.476187822605294,
				11.738093911302647
			],
			"to": [
				28.767188396125814,
				16.306875358450327,
				15.891531590527809
			],
			"rotation": {
				"angle": 0,
				"axis": "y",
				"origin": [
					13.814812750915227,
					26.067453904629456,
					8.830687535845033
				]
			},
			"faces": {
				"north": {
					"uv": [
						4.75,
						11.6875,
						4.9375,
						11.75
					],
					"texture": "#0"
				},
				"east": {
					"uv": [
						2.1875,
						11.1875,
						2.5,
						11.25
					],
					"texture": "#0"
				},
				"south": {
					"uv": [
						11.6875,
						4.75,
						11.875,
						4.8125
					],
					"texture": "#0"
				},
				"west": {
					"uv": [
						11.1875,
						4,
						11.5,
						4.0625
					],
					"texture": "#0"
				},
				"up": {
					"uv": [
						8.125,
						9.875,
						7.9375,
						9.5625
					],
					"texture": "#0"
				},
				"down": {
					"uv": [
						5.125,
						9.625,
						4.9375,
						9.9375
					],
					"texture": "#0"
				}
			}
		},
		{
			"from": [
				30.338624928309937,
				23.03522842003577,
				11.738093911302647
			],
			"to": [
				32,
				26.357978563415898,
				15.891531590527809
			],
			"rotation": {
				"angle": -22.5,
				"axis": "z",
				"origin": [
					13.814812750915227,
					26.067453904629456,
					8.830687535845033
				]
			},
			"faces": {
				"north": {
					"uv": [
						7.625,
						10.8125,
						7.75,
						11.0625
					],
					"texture": "#0"
				},
				"east": {
					"uv": [
						1.1875,
						8.8125,
						1.5,
						9.0625
					],
					"texture": "#0"
				},
				"south": {
					"uv": [
						8.5,
						10.8125,
						8.625,
						11.0625
					],
					"texture": "#0"
				},
				"west": {
					"uv": [
						1.5625,
						8.8125,
						1.875,
						9.0625
					],
					"texture": "#0"
				},
				"up": {
					"uv": [
						10.4375,
						0.5,
						10.3125,
						0.1875
					],
					"texture": "#0"
				},
				"down": {
					"uv": [
						10.4375,
						1.3125,
						10.3125,
						1.625
					],
					"texture": "#0"
				}
			}
		},
		{
			"from": [
				31.169312464154967,
				26.357978563415898,
				11.738093911302647
			],
			"to": [
				32,
				28.019353635105965,
				15.891531590527809
			],
			"rotation": {
				"angle": -22.5,
				"axis": "z",
				"origin": [
					13.814812750915227,
					26.067453904629456,
					8.830687535845033
				]
			},
			"faces": {
				"north": {
					"uv": [
						4,
						12.125,
						4.0625,
						12.25
					],
					"texture": "#0"
				},
				"east": {
					"uv": [
						10.3125,
						1.6875,
						10.625,
						1.8125
					],
					"texture": "#0"
				},
				"south": {
					"uv": [
						5.25,
						12.125,
						5.3125,
						12.25
					],
					"texture": "#0"
				},
				"west": {
					"uv": [
						10.3125,
						2.25,
						10.625,
						2.375
					],
					"texture": "#0"
				},
				"up": {
					"uv": [
						3.8125,
						11.4375,
						3.75,
						11.125
					],
					"texture": "#0"
				},
				"down": {
					"uv": [
						0.0625,
						11.1875,
						0,
						11.5
					],
					"texture": "#0"
				}
			}
		},
		{
			"from": [
				30.338624928309937,
				26.357978563415898,
				6.753968696232452
			],
			"to": [
				31.169312464154967,
				28.019353635105965,
				20.875656805598005
			],
			"rotation": {
				"angle": -22.5,
				"axis": "z",
				"origin": [
					13.814812750915227,
					26.067453904629456,
					8.830687535845033
				]
			},
			"faces": {
				"north": {
					"uv": [
						12.125,
						5.8125,
						12.1875,
						5.9375
					],
					"texture": "#0"
				},
				"east": {
					"uv": [
						1.125,
						6.8125,
						2.1875,
						6.9375
					],
					"texture": "#0"
				},
				"south": {
					"uv": [
						5.875,
						12.125,
						5.9375,
						12.25
					],
					"texture": "#0"
				},
				"west": {
					"uv": [
						3.6875,
						6.875,
						4.75,
						7
					],
					"texture": "#0"
				},
				"up": {
					"uv": [
						4.125,
						9.875,
						4.0625,
						8.8125
					],
					"texture": "#0"
				},
				"down": {
					"uv": [
						6.875,
						8.9375,
						6.8125,
						10
					],
					"texture": "#0"
				}
			}
		},
		{
			"from": [
				30.338624928309937,
				24.696603491725835,
				15.891531590527809
			],
			"to": [
				31.169312464154967,
				26.357978563415898,
				20.875656805598005
			],
			"rotation": {
				"angle": -22.5,
				"axis": "z",
				"origin": [
					13.814812750915227,
					26.067453904629456,
					8.830687535845033
				]
			},
			"faces": {
				"north": {
					"uv": [
						6,
						12.125,
						6.0625,
						12.25
					],
					"texture": "#0"
				},
				"east": {
					"uv": [
						9.875,
						8.5,
						10.25,
						8.625
					],
					"texture": "#0"
				},
				"south": {
					"uv": [
						12.125,
						6,
						12.1875,
						6.125
					],
					"texture": "#0"
				},
				"west": {
					"uv": [
						9.9375,
						1.125,
						10.3125,
						1.25
					],
					"texture": "#0"
				},
				"up": {
					"uv": [
						8.3125,
						9.375,
						8.25,
						9
					],
					"texture": "#0"
				},
				"down": {
					"uv": [
						5,
						9.1875,
						4.9375,
						9.5625
					],
					"texture": "#0"
				}
			}
		},
		{
			"from": [
				30.338624928309937,
				24.696603491725835,
				6.753968696232452
			],
			"to": [
				31.169312464154967,
				26.357978563415898,
				11.738093911302647
			],
			"rotation": {
				"angle": -22.5,
				"axis": "z",
				"origin": [
					13.814812750915227,
					26.067453904629456,
					8.830687535845033
				]
			},
			"faces": {
				"north": {
					"uv": [
						6.125,
						12.125,
						6.1875,
						12.25
					],
					"texture": "#0"
				},
				"east": {
					"uv": [
						9.9375,
						1.875,
						10.3125,
						2
					],
					"texture": "#0"
				},
				"south": {
					"uv": [
						6.25,
						12.125,
						6.3125,
						12.25
					],
					"texture": "#0"
				},
				"west": {
					"uv": [
						9.9375,
						2.0625,
						10.3125,
						2.1875
					],
					"texture": "#0"
				},
				"up": {
					"uv": [
						6.3125,
						11.25,
						6.25,
						10.875
					],
					"texture": "#0"
				},
				"down": {
					"uv": [
						6.8125,
						10.875,
						6.75,
						11.25
					],
					"texture": "#0"
				}
			}
		},
		{
			"from": [
				27.259174857303456,
				24.696603491725835,
				6.16658123276107
			],
			"to": [
				30.581925000683587,
				28.019353635105965,
				6.997268768606102
			],
			"rotation": {
				"angle": -22.5,
				"axis": "z",
				"origin": [
					13.814812750915227,
					26.067453904629456,
					8.830687535845033
				]
			},
			"faces": {
				"north": {
					"uv": [
						9.5,
						7.5625,
						9.75,
						7.8125
					],
					"texture": "#0"
				},
				"east": {
					"uv": [
						1.4375,
						11.3125,
						1.5,
						11.5625
					],
					"texture": "#0"
				},
				"south": {
					"uv": [
						9.5,
						7.875,
						9.75,
						8.125
					],
					"texture": "#0"
				},
				"west": {
					"uv": [
						1.5625,
						11.3125,
						1.625,
						11.5625
					],
					"texture": "#0"
				},
				"up": {
					"uv": [
						11.5625,
						1.5,
						11.3125,
						1.4375
					],
					"texture": "#0"
				},
				"down": {
					"uv": [
						1.9375,
						11.3125,
						1.6875,
						11.375
					],
					"texture": "#0"
				}
			}
		},
		{
			"from": [
				26.73493626030702,
				24.74543961195816,
				6.8029294195951575
			],
			"to": [
				27.565623796152046,
				28.06818975533829,
				8.464304491285223
			],
			"rotation": {
				"angle": -22.5,
				"axis": "z",
				"origin": [
					13.6969215758281,
					26.11628171798643,
					7.697754340082786
				]
			},
			"faces": {
				"north": {
					"uv": [
						2,
						11.3125,
						2.0625,
						11.5625
					],
					"texture": "#0"
				},
				"east": {
					"uv": [
						10.8125,
						9.25,
						10.9375,
						9.5
					],
					"texture": "#0"
				},
				"south": {
					"uv": [
						2.125,
						11.3125,
						2.1875,
						11.5625
					],
					"texture": "#0"
				},
				"west": {
					"uv": [
						9.3125,
						10.8125,
						9.4375,
						11.0625
					],
					"texture": "#0"
				},
				"up": {
					"uv": [
						6.4375,
						12.25,
						6.375,
						12.125
					],
					"texture": "#0"
				},
				"down": {
					"uv": [
						6.5625,
						12.125,
						6.5,
						12.25
					],
					"texture": "#0"
				}
			}
		},
		{
			"from": [
				26.801067295035637,
				25.07790568442942,
				19.165321010545235
			],
			"to": [
				27.631754830880674,
				28.40065582780955,
				20.826696082235298
			],
			"rotation": {
				"angle": -22.5,
				"axis": "z",
				"origin": [
					12.89426143744248,
					26.448756097333042,
					10.001549924493965
				]
			},
			"faces": {
				"north": {
					"uv": [
						2.25,
						11.3125,
						2.3125,
						11.5625
					],
					"texture": "#0"
				},
				"east": {
					"uv": [
						9.5,
						10.8125,
						9.625,
						11.0625
					],
					"texture": "#0"
				},
				"south": {
					"uv": [
						2.375,
						11.3125,
						2.4375,
						11.5625
					],
					"texture": "#0"
				},
				"west": {
					"uv": [
						9.6875,
						10.8125,
						9.8125,
						11.0625
					],
					"texture": "#0"
				},
				"up": {
					"uv": [
						6.6875,
						12.25,
						6.625,
						12.125
					],
					"texture": "#0"
				},
				"down": {
					"uv": [
						12.1875,
						6.625,
						12.125,
						6.75
					],
					"texture": "#0"
				}
			}
		},
		{
			"from": [
				26.22049977623355,
				18.893777561952852,
				20.632356733224352
			],
			"to": [
				29.543249919613675,
				22.21652770533298,
				21.463044269069385
			],
			"rotation": {
				"angle": -22.5,
				"axis": "z",
				"origin": [
					27.881874847923612,
					20.555152633642916,
					21.04770050114687
				]
			},
			"faces": {
				"north": {
					"uv": [
						9.5,
						8.1875,
						9.75,
						8.4375
					],
					"texture": "#0"
				},
				"east": {
					"uv": [
						3.1875,
						11.3125,
						3.25,
						11.5625
					],
					"texture": "#0"
				},
				"south": {
					"uv": [
						9.5,
						8.6875,
						9.75,
						8.9375
					],
					"texture": "#0"
				},
				"west": {
					"uv": [
						3.3125,
						11.3125,
						3.375,
						11.5625
					],
					"texture": "#0"
				},
				"up": {
					"uv": [
						11.5625,
						3,
						11.3125,
						2.9375
					],
					"texture": "#0"
				},
				"down": {
					"uv": [
						3.6875,
						11.3125,
						3.4375,
						11.375
					],
					"texture": "#0"
				}
			}
		},
		{
			"from": [
				28.767188396125814,
				12.568781447147678,
				15.060844054682777
			],
			"to": [
				29.597875931970847,
				15.060844054682777,
				15.891531590527809
			],
			"rotation": {
				"angle": 0,
				"axis": "y",
				"origin": [
					13.814812750915227,
					26.067453904629456,
					8.830687535845033
				]
			},
			"faces": {
				"north": {
					"uv": [
						3.875,
						11.6875,
						3.9375,
						11.875
					],
					"texture": "#0"
				},
				"east": {
					"uv": [
						4.375,
						11.6875,
						4.4375,
						11.875
					],
					"texture": "#0"
				},
				"south": {
					"uv": [
						5,
						11.6875,
						5.0625,
						11.875
					],
					"texture": "#0"
				},
				"west": {
					"uv": [
						5.375,
						11.6875,
						5.4375,
						11.875
					],
					"texture": "#0"
				},
				"up": {
					"uv": [
						12.25,
						11.9375,
						12.1875,
						11.875
					],
					"texture": "#0"
				},
				"down": {
					"uv": [
						12.25,
						12,
						12.1875,
						12.0625
					],
					"texture": "#0"
				}
			}
		},
		{
			"from": [
				26.275125788590714,
				12.568781447147678,
				11.738093911302647
			],
			"to": [
				27.105813324435747,
				15.060844054682777,
				12.568781447147678
			],
			"rotation": {
				"angle": 0,
				"axis": "y",
				"origin": [
					13.814812750915227,
					26.067453904629456,
					8.830687535845033
				]
			},
			"faces": {
				"north": {
					"uv": [
						5.5,
						11.6875,
						5.5625,
						11.875
					],
					"texture": "#0"
				},
				"east": {
					"uv": [
						5.625,
						11.6875,
						5.6875,
						11.875
					],
					"texture": "#0"
				},
				"south": {
					"uv": [
						11.6875,
						6.25,
						11.75,
						6.4375
					],
					"texture": "#0"
				},
				"west": {
					"uv": [
						11.6875,
						7.375,
						11.75,
						7.5625
					],
					"texture": "#0"
				},
				"up": {
					"uv": [
						0.0625,
						12.3125,
						0,
						12.25
					],
					"texture": "#0"
				},
				"down": {
					"uv": [
						12.3125,
						0,
						12.25,
						0.0625
					],
					"texture": "#0"
				}
			}
		},
		{
			"from": [
				28.767188396125814,
				12.568781447147678,
				11.738093911302647
			],
			"to": [
				29.597875931970847,
				15.060844054682777,
				12.568781447147678
			],
			"rotation": {
				"angle": 0,
				"axis": "y",
				"origin": [
					13.814812750915227,
					26.067453904629456,
					8.830687535845033
				]
			},
			"faces": {
				"north": {
					"uv": [
						11.6875,
						7.625,
						11.75,
						7.8125
					],
					"texture": "#0"
				},
				"east": {
					"uv": [
						7.75,
						11.6875,
						7.8125,
						11.875
					],
					"texture": "#0"
				},
				"south": {
					"uv": [
						7.875,
						11.6875,
						7.9375,
						11.875
					],
					"texture": "#0"
				},
				"west": {
					"uv": [
						11.6875,
						7.875,
						11.75,
						8.0625
					],
					"texture": "#0"
				},
				"up": {
					"uv": [
						12.3125,
						0.1875,
						12.25,
						0.125
					],
					"texture": "#0"
				},
				"down": {
					"uv": [
						12.3125,
						0.25,
						12.25,
						0.3125
					],
					"texture": "#0"
				}
			}
		},
		{
			"from": [
				26.275125788590714,
				12.568781447147678,
				15.060844054682777
			],
			"to": [
				27.105813324435747,
				15.060844054682777,
				15.891531590527809
			],
			"rotation": {
				"angle": 0,
				"axis": "y",
				"origin": [
					13.814812750915227,
					26.067453904629456,
					8.830687535845033
				]
			},
			"faces": {
				"north": {
					"uv": [
						8,
						11.6875,
						8.0625,
						11.875
					],
					"texture": "#0"
				},
				"east": {
					"uv": [
						11.6875,
						8.125,
						11.75,
						8.3125
					],
					"texture": "#0"
				},
				"south": {
					"uv": [
						8.5,
						11.6875,
						8.5625,
						11.875
					],
					"texture": "#0"
				},
				"west": {
					"uv": [
						8.9375,
						11.6875,
						9,
						11.875
					],
					"texture": "#0"
				},
				"up": {
					"uv": [
						12.3125,
						0.4375,
						12.25,
						0.375
					],
					"texture": "#0"
				},
				"down": {
					"uv": [
						12.3125,
						0.75,
						12.25,
						0.8125
					],
					"texture": "#0"
				}
			}
		},
		{
			"from": [
				26.275125788590714,
				15.060844054682777,
				11.738093911302647
			],
			"to": [
				29.597875931970847,
				15.476187822605294,
				15.891531590527809
			],
			"rotation": {
				"angle": 0,
				"axis": "y",
				"origin": [
					13.814812750915227,
					26.067453904629456,
					8.830687535845033
				]
			},
			"faces": {
				"north": {
					"uv": [
						4,
						11.3125,
						4.25,
						11.375
					],
					"texture": "#0"
				},
				"east": {
					"uv": [
						11.1875,
						4.125,
						11.5,
						4.1875
					],
					"texture": "#0"
				},
				"south": {
					"uv": [
						11.3125,
						4.375,
						11.5625,
						4.4375
					],
					"texture": "#0"
				},
				"west": {
					"uv": [
						11.1875,
						4.25,
						11.5,
						4.3125
					],
					"texture": "#0"
				},
				"up": {
					"uv": [
						2.1875,
						9.125,
						1.9375,
						8.8125
					],
					"texture": "#0"
				},
				"down": {
					"uv": [
						4,
						8.8125,
						3.75,
						9.125
					],
					"texture": "#0"
				}
			}
		}
	],
	"display": {
		"head": {
			"rotation": [
				0,
				180,
				0
			]
		}
	}
}