{
	"textures": {
		"0": "expansion:structures/assembler/assembler"
	},
	"elements": [
		{
			"from": [
				6.699852114238393,
				17.908983330546675,
				5.221063045279536
			],
			"to": [
				8.343037535564603,
				19.020558112434863,
				10.778936954720464
			],
			"rotation": {
				"angle": -22.5,
				"axis": "z",
				"origin": [
					8,
					6.749478370375791,
					4.665275654335443
				]
			},
			"faces": {
				"north": {
					"uv": [
						11,
						3.25,
						11.1875,
						3.375
					],
					"texture": "#0"
				},
				"east": {
					"uv": [
						8.6875,
						3.3125,
						9.3125,
						3.4375
					],
					"texture": "#0"
				},
				"south": {
					"uv": [
						11,
						3.4375,
						11.1875,
						3.5625
					],
					"texture": "#0"
				},
				"west": {
					"uv": [
						8.6875,
						3.5,
						9.3125,
						3.625
					],
					"texture": "#0"
				},
				"up": {
					"uv": [
						5,
						7.3125,
						4.8125,
						6.6875
					],
					"texture": "#0"
				},
				"down": {
					"uv": [
						2.4375,
						6.8125,
						2.25,
						7.4375
					],
					"texture": "#0"
				}
			}
		},
		{
			"from": [
				6.267493987075165,
				17.908983330546675,
				3.5537008724472576
			],
			"to": [
				10.68961636312184,
				19.020558112434863,
				5.221063045279536
			],
			"rotation": {
				"angle": 22.5,
				"axis": "z",
				"origin": [
					8,
					6.749478370375791,
					4.665275654335443
				]
			},
			"faces": {
				"north": {
					"uv": [
						9.3125,
						0.1875,
						9.8125,
						0.3125
					],
					"texture": "#0"
				},
				"east": {
					"uv": [
						10.875,
						5.9375,
						11.0625,
						6.0625
					],
					"texture": "#0"
				},
				"south": {
					"uv": [
						9.3125,
						1.3125,
						9.8125,
						1.4375
					],
					"texture": "#0"
				},
				"west": {
					"uv": [
						6,
						10.875,
						6.1875,
						11
					],
					"texture": "#0"
				},
				"up": {
					"uv": [
						8.125,
						1.25,
						7.625,
						1.0625
					],
					"texture": "#0"
				},
				"down": {
					"uv": [
						8.125,
						1.3125,
						7.625,
						1.5
					],
					"texture": "#0"
				}
			}
		},
		{
			"from": [
				5.788938811976663,
				18.00417303699367,
				3.5537008724472576
			],
			"to": [
				10.211061188023336,
				19.115747818881857,
				5.221063045279536
			],
			"rotation": {
				"angle": 0,
				"axis": "y",
				"origin": [
					8,
					6.749478370375791,
					4.665275654335443
				]
			},
			"faces": {
				"north": {
					"uv": [
						9.25,
						5.5,
						9.75,
						5.625
					],
					"texture": "#0"
				},
				"east": {
					"uv": [
						5.5,
						10.875,
						5.6875,
						11
					],
					"texture": "#0"
				},
				"south": {
					"uv": [
						9.25,
						7.1875,
						9.75,
						7.3125
					],
					"texture": "#0"
				},
				"west": {
					"uv": [
						5.75,
						10.875,
						5.9375,
						11
					],
					"texture": "#0"
				},
				"up": {
					"uv": [
						8.125,
						0.75,
						7.625,
						0.5625
					],
					"texture": "#0"
				},
				"down": {
					"uv": [
						8.125,
						0.8125,
						7.625,
						1
					],
					"texture": "#0"
				}
			}
		},
		{
			"from": [
				6.699852114238393,
				-3.21093752532885,
				5.221063045279536
			],
			"to": [
				8.343037535564603,
				-2.0993627434406648,
				10.778936954720464
			],
			"rotation": {
				"angle": -22.5,
				"axis": "z",
				"origin": [
					8,
					6.749478370375791,
					4.665275654335443
				]
			},
			"faces": {
				"north": {
					"uv": [
						11,
						5,
						11.1875,
						5.125
					],
					"texture": "#0"
				},
				"east": {
					"uv": [
						8.6875,
						4.75,
						9.3125,
						4.875
					],
					"texture": "#0"
				},
				"south": {
					"uv": [
						11,
						5.1875,
						11.1875,
						5.3125
					],
					"texture": "#0"
				},
				"west": {
					"uv": [
						8.6875,
						4.9375,
						9.3125,
						5.0625
					],
					"texture": "#0"
				},
				"up": {
					"uv": [
						7.125,
						2.3125,
						6.9375,
						1.6875
					],
					"texture": "#0"
				},
				"down": {
					"uv": [
						0.1875,
						7,
						0,
						7.625
					],
					"texture": "#0"
				}
			}
		},
		{
			"from": [
				5.310383636878161,
				17.908983330546675,
				3.5537008724472576
			],
			"to": [
				9.732506012924835,
				19.020558112434863,
				5.221063045279536
			],
			"rotation": {
				"angle": -22.5,
				"axis": "z",
				"origin": [
					8,
					6.749478370375791,
					4.665275654335443
				]
			},
			"faces": {
				"north": {
					"uv": [
						9.25,
						5.125,
						9.75,
						5.25
					],
					"texture": "#0"
				},
				"east": {
					"uv": [
						10.8125,
						3.0625,
						11,
						3.1875
					],
					"texture": "#0"
				},
				"south": {
					"uv": [
						9.25,
						5.3125,
						9.75,
						5.4375
					],
					"texture": "#0"
				},
				"west": {
					"uv": [
						10.8125,
						4.8125,
						11,
						4.9375
					],
					"texture": "#0"
				},
				"up": {
					"uv": [
						7.125,
						7.75,
						6.625,
						7.5625
					],
					"texture": "#0"
				},
				"down": {
					"uv": [
						7.6875,
						7.5625,
						7.1875,
						7.75
					],
					"texture": "#0"
				}
			}
		},
		{
			"from": [
				6.267493987075165,
				-3.21093752532885,
				3.5537008724472576
			],
			"to": [
				10.68961636312184,
				-2.0993627434406648,
				5.221063045279536
			],
			"rotation": {
				"angle": 22.5,
				"axis": "z",
				"origin": [
					8,
					6.749478370375791,
					4.665275654335443
				]
			},
			"faces": {
				"north": {
					"uv": [
						9.125,
						4.25,
						9.625,
						4.375
					],
					"texture": "#0"
				},
				"east": {
					"uv": [
						10.5625,
						4.8125,
						10.75,
						4.9375
					],
					"texture": "#0"
				},
				"south": {
					"uv": [
						4.375,
						9.1875,
						4.875,
						9.3125
					],
					"texture": "#0"
				},
				"west": {
					"uv": [
						10.6875,
						0.8125,
						10.875,
						0.9375
					],
					"texture": "#0"
				},
				"up": {
					"uv": [
						7.9375,
						2.9375,
						7.4375,
						2.75
					],
					"texture": "#0"
				},
				"down": {
					"uv": [
						2.25,
						7.5625,
						1.75,
						7.75
					],
					"texture": "#0"
				}
			}
		},
		{
			"from": [
				5.788938811976663,
				-3.1157478188818555,
				3.5537008724472576
			],
			"to": [
				10.211061188023336,
				-2.00417303699367,
				5.221063045279536
			],
			"rotation": {
				"angle": 0,
				"axis": "y",
				"origin": [
					8,
					6.749478370375791,
					4.665275654335443
				]
			},
			"faces": {
				"north": {
					"uv": [
						9,
						7,
						9.5,
						7.125
					],
					"texture": "#0"
				},
				"east": {
					"uv": [
						7.1875,
						2.8125,
						7.375,
						2.9375
					],
					"texture": "#0"
				},
				"south": {
					"uv": [
						9.125,
						4.0625,
						9.625,
						4.1875
					],
					"texture": "#0"
				},
				"west": {
					"uv": [
						10.5625,
						0,
						10.75,
						0.125
					],
					"texture": "#0"
				},
				"up": {
					"uv": [
						7.9375,
						2.4375,
						7.4375,
						2.25
					],
					"texture": "#0"
				},
				"down": {
					"uv": [
						7.9375,
						2.5,
						7.4375,
						2.6875
					],
					"texture": "#0"
				}
			}
		},
		{
			"from": [
				5.310383636878161,
				-3.21093752532885,
				3.5537008724472576
			],
			"to": [
				9.732506012924835,
				-2.0993627434406648,
				5.221063045279536
			],
			"rotation": {
				"angle": -22.5,
				"axis": "z",
				"origin": [
					8,
					6.749478370375791,
					4.665275654335443
				]
			},
			"faces": {
				"north": {
					"uv": [
						9.4375,
						9.4375,
						9.9375,
						9.5625
					],
					"texture": "#0"
				},
				"east": {
					"uv": [
						11,
						9.1875,
						11.1875,
						9.3125
					],
					"texture": "#0"
				},
				"south": {
					"uv": [
						9.5,
						4.4375,
						10,
						4.5625
					],
					"texture": "#0"
				},
				"west": {
					"uv": [
						11,
						9.375,
						11.1875,
						9.5
					],
					"texture": "#0"
				},
				"up": {
					"uv": [
						8.1875,
						8.4375,
						7.6875,
						8.25
					],
					"texture": "#0"
				},
				"down": {
					"uv": [
						8.75,
						8.25,
						8.25,
						8.4375
					],
					"texture": "#0"
				}
			}
		},
		{
			"from": [
				-2.2314956377637127,
				5.422669363470597,
				3.5537008724472576
			],
			"to": [
				-1.1199208558755274,
				9.844791739517271,
				5.221063045279536
			],
			"rotation": {
				"angle": 45,
				"axis": "z",
				"origin": [
					8,
					6.749478370375791,
					4.665275654335443
				]
			},
			"faces": {
				"north": {
					"uv": [
						9.125,
						8.875,
						9.25,
						9.375
					],
					"texture": "#0"
				},
				"east": {
					"uv": [
						7.4375,
						0,
						7.625,
						0.5
					],
					"texture": "#0"
				},
				"south": {
					"uv": [
						1.9375,
						9.1875,
						2.0625,
						9.6875
					],
					"texture": "#0"
				},
				"west": {
					"uv": [
						7.4375,
						1.6875,
						7.625,
						2.1875
					],
					"texture": "#0"
				},
				"up": {
					"uv": [
						5.25,
						11.0625,
						5.125,
						10.875
					],
					"texture": "#0"
				},
				"down": {
					"uv": [
						5.4375,
						10.875,
						5.3125,
						11.0625
					],
					"texture": "#0"
				}
			}
		},
		{
			"from": [
				-2.6371926437833544,
				5.693749105529668,
				3.5537008724472576
			],
			"to": [
				-1.525617861895169,
				10.115871481576342,
				5.221063045279536
			],
			"rotation": {
				"angle": 22.5,
				"axis": "z",
				"origin": [
					8,
					6.749478370375791,
					4.665275654335443
				]
			},
			"faces": {
				"north": {
					"uv": [
						1.5625,
						9.125,
						1.6875,
						9.625
					],
					"texture": "#0"
				},
				"east": {
					"uv": [
						4.9375,
						7.375,
						5.125,
						7.875
					],
					"texture": "#0"
				},
				"south": {
					"uv": [
						1.75,
						9.125,
						1.875,
						9.625
					],
					"texture": "#0"
				},
				"west": {
					"uv": [
						7.375,
						7,
						7.5625,
						7.5
					],
					"texture": "#0"
				},
				"up": {
					"uv": [
						4.375,
						11.0625,
						4.25,
						10.875
					],
					"texture": "#0"
				},
				"down": {
					"uv": [
						4.5625,
						10.875,
						4.4375,
						11.0625
					],
					"texture": "#0"
				}
			}
		},
		{
			"from": [
				-3.1157478188818555,
				5.788938811976663,
				3.5537008724472576
			],
			"to": [
				-2.00417303699367,
				10.211061188023336,
				5.221063045279536
			],
			"rotation": {
				"angle": 0,
				"axis": "y",
				"origin": [
					8,
					6.749478370375791,
					4.665275654335443
				]
			},
			"faces": {
				"north": {
					"uv": [
						9.125,
						1.3125,
						9.25,
						1.8125
					],
					"texture": "#0"
				},
				"east": {
					"uv": [
						7.1875,
						2.25,
						7.375,
						2.75
					],
					"texture": "#0"
				},
				"south": {
					"uv": [
						1.375,
						9.125,
						1.5,
						9.625
					],
					"texture": "#0"
				},
				"west": {
					"uv": [
						4.6875,
						7.375,
						4.875,
						7.875
					],
					"texture": "#0"
				},
				"up": {
					"uv": [
						3.625,
						11.0625,
						3.5,
						10.875
					],
					"texture": "#0"
				},
				"down": {
					"uv": [
						3.8125,
						10.875,
						3.6875,
						11.0625
					],
					"texture": "#0"
				}
			}
		},
		{
			"from": [
				-3.5943029939803566,
				5.693749105529668,
				3.5537008724472576
			],
			"to": [
				-2.482728212092171,
				10.115871481576342,
				5.221063045279536
			],
			"rotation": {
				"angle": -22.5,
				"axis": "z",
				"origin": [
					8,
					6.749478370375791,
					4.665275654335443
				]
			},
			"faces": {
				"north": {
					"uv": [
						8.5625,
						9.0625,
						8.6875,
						9.5625
					],
					"texture": "#0"
				},
				"east": {
					"uv": [
						7.1875,
						0,
						7.375,
						0.5
					],
					"texture": "#0"
				},
				"south": {
					"uv": [
						1.1875,
						9.125,
						1.3125,
						9.625
					],
					"texture": "#0"
				},
				"west": {
					"uv": [
						7.1875,
						1.6875,
						7.375,
						2.1875
					],
					"texture": "#0"
				},
				"up": {
					"uv": [
						11,
						1.5625,
						10.875,
						1.375
					],
					"texture": "#0"
				},
				"down": {
					"uv": [
						3.4375,
						10.875,
						3.3125,
						11.0625
					],
					"texture": "#0"
				}
			}
		},
		{
			"from": [
				-3.9999999999999982,
				5.422669363470597,
				3.5537008724472576
			],
			"to": [
				-2.888425218111813,
				9.844791739517271,
				5.221063045279536
			],
			"rotation": {
				"angle": -45,
				"axis": "z",
				"origin": [
					8,
					6.749478370375791,
					4.665275654335443
				]
			},
			"faces": {
				"north": {
					"uv": [
						3.5,
						9.0625,
						3.625,
						9.5625
					],
					"texture": "#0"
				},
				"east": {
					"uv": [
						4.4375,
						7.0625,
						4.625,
						7.5625
					],
					"texture": "#0"
				},
				"south": {
					"uv": [
						9.0625,
						5.125,
						9.1875,
						5.625
					],
					"texture": "#0"
				},
				"west": {
					"uv": [
						7.125,
						7,
						7.3125,
						7.5
					],
					"texture": "#0"
				},
				"up": {
					"uv": [
						1.3125,
						11.0625,
						1.1875,
						10.875
					],
					"texture": "#0"
				},
				"down": {
					"uv": [
						1.5,
						10.875,
						1.375,
						11.0625
					],
					"texture": "#0"
				}
			}
		},
		{
			"from": [
				18.888425218111813,
				5.422669363470597,
				3.5537008724472576
			],
			"to": [
				20,
				9.844791739517271,
				5.221063045279536
			],
			"rotation": {
				"angle": 45,
				"axis": "z",
				"origin": [
					8,
					6.749478370375791,
					4.665275654335443
				]
			},
			"faces": {
				"north": {
					"uv": [
						7.875,
						9,
						8,
						9.5
					],
					"texture": "#0"
				},
				"east": {
					"uv": [
						3.9375,
						7.0625,
						4.125,
						7.5625
					],
					"texture": "#0"
				},
				"south": {
					"uv": [
						8.0625,
						9,
						8.1875,
						9.5
					],
					"texture": "#0"
				},
				"west": {
					"uv": [
						4.1875,
						7.0625,
						4.375,
						7.5625
					],
					"texture": "#0"
				},
				"up": {
					"uv": [
						0.875,
						11.0625,
						0.75,
						10.875
					],
					"texture": "#0"
				},
				"down": {
					"uv": [
						11,
						1.125,
						10.875,
						1.3125
					],
					"texture": "#0"
				}
			}
		},
		{
			"from": [
				18.48272821209217,
				5.693749105529668,
				3.5537008724472576
			],
			"to": [
				19.594302993980357,
				10.115871481576342,
				5.221063045279536
			],
			"rotation": {
				"angle": 22.5,
				"axis": "z",
				"origin": [
					8,
					6.749478370375791,
					4.665275654335443
				]
			},
			"faces": {
				"north": {
					"uv": [
						5.75,
						9,
						5.875,
						9.5
					],
					"texture": "#0"
				},
				"east": {
					"uv": [
						6.875,
						7,
						7.0625,
						7.5
					],
					"texture": "#0"
				},
				"south": {
					"uv": [
						7.6875,
						9,
						7.8125,
						9.5
					],
					"texture": "#0"
				},
				"west": {
					"uv": [
						3.6875,
						7.0625,
						3.875,
						7.5625
					],
					"texture": "#0"
				},
				"up": {
					"uv": [
						0.5,
						11.0625,
						0.375,
						10.875
					],
					"texture": "#0"
				},
				"down": {
					"uv": [
						0.6875,
						10.875,
						0.5625,
						11.0625
					],
					"texture": "#0"
				}
			}
		},
		{
			"from": [
				18.00417303699367,
				5.788938811976663,
				3.5537008724472576
			],
			"to": [
				19.115747818881857,
				10.211061188023336,
				5.221063045279536
			],
			"rotation": {
				"angle": 0,
				"axis": "y",
				"origin": [
					8,
					6.749478370375791,
					4.665275654335443
				]
			},
			"faces": {
				"north": {
					"uv": [
						5.375,
						9,
						5.5,
						9.5
					],
					"texture": "#0"
				},
				"east": {
					"uv": [
						2,
						7,
						2.1875,
						7.5
					],
					"texture": "#0"
				},
				"south": {
					"uv": [
						5.5625,
						9,
						5.6875,
						9.5
					],
					"texture": "#0"
				},
				"west": {
					"uv": [
						6.625,
						7,
						6.8125,
						7.5
					],
					"texture": "#0"
				},
				"up": {
					"uv": [
						0.3125,
						11.0625,
						0.1875,
						10.875
					],
					"texture": "#0"
				},
				"down": {
					"uv": [
						11,
						0.3125,
						10.875,
						0.5
					],
					"texture": "#0"
				}
			}
		},
		{
			"from": [
				17.52561786189517,
				5.693749105529668,
				3.5537008724472576
			],
			"to": [
				18.637192643783354,
				10.115871481576342,
				5.221063045279536
			],
			"rotation": {
				"angle": -22.5,
				"axis": "z",
				"origin": [
					8,
					6.749478370375791,
					4.665275654335443
				]
			},
			"faces": {
				"north": {
					"uv": [
						2.5625,
						7.5,
						2.6875,
						8
					],
					"texture": "#0"
				},
				"east": {
					"uv": [
						6.9375,
						2.375,
						7.125,
						2.875
					],
					"texture": "#0"
				},
				"south": {
					"uv": [
						6.9375,
						8.9375,
						7.0625,
						9.4375
					],
					"texture": "#0"
				},
				"west": {
					"uv": [
						1.75,
						7,
						1.9375,
						7.5
					],
					"texture": "#0"
				},
				"up": {
					"uv": [
						10.9375,
						3.6875,
						10.8125,
						3.5
					],
					"texture": "#0"
				},
				"down": {
					"uv": [
						10.9375,
						5.6875,
						10.8125,
						5.875
					],
					"texture": "#0"
				}
			}
		},
		{
			"from": [
				17.119920855875527,
				5.422669363470597,
				3.5537008724472576
			],
			"to": [
				18.231495637763715,
				9.844791739517271,
				5.221063045279536
			],
			"rotation": {
				"angle": -45,
				"axis": "z",
				"origin": [
					8,
					6.749478370375791,
					4.665275654335443
				]
			},
			"faces": {
				"north": {
					"uv": [
						0.8125,
						9.375,
						0.9375,
						9.875
					],
					"texture": "#0"
				},
				"east": {
					"uv": [
						4.375,
						8.1875,
						4.5625,
						8.6875
					],
					"texture": "#0"
				},
				"south": {
					"uv": [
						5.1875,
						9.4375,
						5.3125,
						9.9375
					],
					"texture": "#0"
				},
				"west": {
					"uv": [
						1.3125,
						8.25,
						1.5,
						8.75
					],
					"texture": "#0"
				},
				"up": {
					"uv": [
						5.625,
						11.25,
						5.5,
						11.0625
					],
					"texture": "#0"
				},
				"down": {
					"uv": [
						5.8125,
						11.0625,
						5.6875,
						11.25
					],
					"texture": "#0"
				}
			}
		},
		{
			"from": [
				17.119920855875527,
				5.422669363470597,
				10.778936954720464
			],
			"to": [
				18.231495637763715,
				9.844791739517271,
				12.446299127552741
			],
			"rotation": {
				"angle": -45,
				"axis": "z",
				"origin": [
					8,
					6.749478370375791,
					4.665275654335443
				]
			},
			"faces": {
				"north": {
					"uv": [
						2.125,
						9.1875,
						2.25,
						9.6875
					],
					"texture": "#0"
				},
				"east": {
					"uv": [
						2.3125,
						7.5,
						2.5,
						8
					],
					"texture": "#0"
				},
				"south": {
					"uv": [
						3.6875,
						9.1875,
						3.8125,
						9.6875
					],
					"texture": "#0"
				},
				"west": {
					"uv": [
						3.6875,
						7.625,
						3.875,
						8.125
					],
					"texture": "#0"
				},
				"up": {
					"uv": [
						11,
						6.625,
						10.875,
						6.4375
					],
					"texture": "#0"
				},
				"down": {
					"uv": [
						6.6875,
						10.875,
						6.5625,
						11.0625
					],
					"texture": "#0"
				}
			}
		},
		{
			"from": [
				17.52561786189517,
				5.693749105529668,
				10.778936954720464
			],
			"to": [
				18.637192643783354,
				10.115871481576342,
				12.446299127552741
			],
			"rotation": {
				"angle": -22.5,
				"axis": "z",
				"origin": [
					8,
					6.749478370375791,
					4.665275654335443
				]
			},
			"faces": {
				"north": {
					"uv": [
						3.875,
						9.1875,
						4,
						9.6875
					],
					"texture": "#0"
				},
				"east": {
					"uv": [
						3.9375,
						7.625,
						4.125,
						8.125
					],
					"texture": "#0"
				},
				"south": {
					"uv": [
						0,
						9.3125,
						0.125,
						9.8125
					],
					"texture": "#0"
				},
				"west": {
					"uv": [
						4.1875,
						7.625,
						4.375,
						8.125
					],
					"texture": "#0"
				},
				"up": {
					"uv": [
						8.25,
						11.0625,
						8.125,
						10.875
					],
					"texture": "#0"
				},
				"down": {
					"uv": [
						8.4375,
						10.875,
						8.3125,
						11.0625
					],
					"texture": "#0"
				}
			}
		},
		{
			"from": [
				18.00417303699367,
				5.788938811976663,
				10.778936954720464
			],
			"to": [
				19.115747818881857,
				10.211061188023336,
				12.446299127552741
			],
			"rotation": {
				"angle": 0,
				"axis": "y",
				"origin": [
					8,
					6.749478370375791,
					4.665275654335443
				]
			},
			"faces": {
				"north": {
					"uv": [
						1,
						9.3125,
						1.125,
						9.8125
					],
					"texture": "#0"
				},
				"east": {
					"uv": [
						4.4375,
						7.625,
						4.625,
						8.125
					],
					"texture": "#0"
				},
				"south": {
					"uv": [
						2.9375,
						9.3125,
						3.0625,
						9.8125
					],
					"texture": "#0"
				},
				"west": {
					"uv": [
						7.625,
						7,
						7.8125,
						7.5
					],
					"texture": "#0"
				},
				"up": {
					"uv": [
						8.8125,
						11.0625,
						8.6875,
						10.875
					],
					"texture": "#0"
				},
				"down": {
					"uv": [
						11.0625,
						0.5625,
						10.9375,
						0.75
					],
					"texture": "#0"
				}
			}
		},
		{
			"from": [
				18.48272821209217,
				5.693749105529668,
				10.778936954720464
			],
			"to": [
				19.594302993980357,
				10.115871481576342,
				12.446299127552741
			],
			"rotation": {
				"angle": 22.5,
				"axis": "z",
				"origin": [
					8,
					6.749478370375791,
					4.665275654335443
				]
			},
			"faces": {
				"north": {
					"uv": [
						3.125,
						9.3125,
						3.25,
						9.8125
					],
					"texture": "#0"
				},
				"east": {
					"uv": [
						0,
						7.6875,
						0.1875,
						8.1875
					],
					"texture": "#0"
				},
				"south": {
					"uv": [
						3.3125,
						9.3125,
						3.4375,
						9.8125
					],
					"texture": "#0"
				},
				"west": {
					"uv": [
						7.6875,
						0,
						7.875,
						0.5
					],
					"texture": "#0"
				},
				"up": {
					"uv": [
						11.0625,
						1,
						10.9375,
						0.8125
					],
					"texture": "#0"
				},
				"down": {
					"uv": [
						2.4375,
						10.9375,
						2.3125,
						11.125
					],
					"texture": "#0"
				}
			}
		},
		{
			"from": [
				18.888425218111813,
				5.422669363470597,
				10.778936954720464
			],
			"to": [
				20,
				9.844791739517271,
				12.446299127552741
			],
			"rotation": {
				"angle": 45,
				"axis": "z",
				"origin": [
					8,
					6.749478370375791,
					4.665275654335443
				]
			},
			"faces": {
				"north": {
					"uv": [
						4.1875,
						9.3125,
						4.3125,
						9.8125
					],
					"texture": "#0"
				},
				"east": {
					"uv": [
						0.25,
						7.6875,
						0.4375,
						8.1875
					],
					"texture": "#0"
				},
				"south": {
					"uv": [
						6.25,
						9.3125,
						6.375,
						9.8125
					],
					"texture": "#0"
				},
				"west": {
					"uv": [
						0.5,
						7.6875,
						0.6875,
						8.1875
					],
					"texture": "#0"
				},
				"up": {
					"uv": [
						2.625,
						11.125,
						2.5,
						10.9375
					],
					"texture": "#0"
				},
				"down": {
					"uv": [
						3.1875,
						10.9375,
						3.0625,
						11.125
					],
					"texture": "#0"
				}
			}
		},
		{
			"from": [
				-3.9999999999999982,
				5.422669363470597,
				10.778936954720464
			],
			"to": [
				-2.888425218111813,
				9.844791739517271,
				12.446299127552741
			],
			"rotation": {
				"angle": -45,
				"axis": "z",
				"origin": [
					8,
					6.749478370375791,
					4.665275654335443
				]
			},
			"faces": {
				"north": {
					"uv": [
						6.4375,
						9.3125,
						6.5625,
						9.8125
					],
					"texture": "#0"
				},
				"east": {
					"uv": [
						0.75,
						7.6875,
						0.9375,
						8.1875
					],
					"texture": "#0"
				},
				"south": {
					"uv": [
						7.125,
						9.3125,
						7.25,
						9.8125
					],
					"texture": "#0"
				},
				"west": {
					"uv": [
						1,
						7.6875,
						1.1875,
						8.1875
					],
					"texture": "#0"
				},
				"up": {
					"uv": [
						4,
						11.125,
						3.875,
						10.9375
					],
					"texture": "#0"
				},
				"down": {
					"uv": [
						11.0625,
						7.4375,
						10.9375,
						7.625
					],
					"texture": "#0"
				}
			}
		},
		{
			"from": [
				-3.5943029939803566,
				5.693749105529668,
				10.778936954720464
			],
			"to": [
				-2.482728212092171,
				10.115871481576342,
				12.446299127552741
			],
			"rotation": {
				"angle": -22.5,
				"axis": "z",
				"origin": [
					8,
					6.749478370375791,
					4.665275654335443
				]
			},
			"faces": {
				"north": {
					"uv": [
						7.3125,
						9.3125,
						7.4375,
						9.8125
					],
					"texture": "#0"
				},
				"east": {
					"uv": [
						1.25,
						7.6875,
						1.4375,
						8.1875
					],
					"texture": "#0"
				},
				"south": {
					"uv": [
						7.5,
						9.3125,
						7.625,
						9.8125
					],
					"texture": "#0"
				},
				"west": {
					"uv": [
						1.5,
						7.6875,
						1.6875,
						8.1875
					],
					"texture": "#0"
				},
				"up": {
					"uv": [
						11.0625,
						7.875,
						10.9375,
						7.6875
					],
					"texture": "#0"
				},
				"down": {
					"uv": [
						7.9375,
						10.9375,
						7.8125,
						11.125
					],
					"texture": "#0"
				}
			}
		},
		{
			"from": [
				-3.5943029939803566,
				7.0832175828899,
				5.221063045279536
			],
			"to": [
				-2.482728212092171,
				8.72640300421611,
				10.778936954720464
			],
			"rotation": {
				"angle": -22.5,
				"axis": "z",
				"origin": [
					8,
					6.749478370375791,
					4.665275654335443
				]
			},
			"faces": {
				"north": {
					"uv": [
						11,
						4,
						11.125,
						4.1875
					],
					"texture": "#0"
				},
				"east": {
					"uv": [
						6.9375,
						0.6875,
						7.5625,
						0.875
					],
					"texture": "#0"
				},
				"south": {
					"uv": [
						11,
						4.25,
						11.125,
						4.4375
					],
					"texture": "#0"
				},
				"west": {
					"uv": [
						6.9375,
						0.9375,
						7.5625,
						1.125
					],
					"texture": "#0"
				},
				"up": {
					"uv": [
						3.0625,
						9.25,
						2.9375,
						8.625
					],
					"texture": "#0"
				},
				"down": {
					"uv": [
						3.25,
						8.625,
						3.125,
						9.25
					],
					"texture": "#0"
				}
			}
		},
		{
			"from": [
				-3.1157478188818555,
				5.788938811976663,
				10.778936954720464
			],
			"to": [
				-2.00417303699367,
				10.211061188023336,
				12.446299127552741
			],
			"rotation": {
				"angle": 0,
				"axis": "y",
				"origin": [
					8,
					6.749478370375791,
					4.665275654335443
				]
			},
			"faces": {
				"north": {
					"uv": [
						9.3125,
						7.5625,
						9.4375,
						8.0625
					],
					"texture": "#0"
				},
				"east": {
					"uv": [
						7.6875,
						1.5625,
						7.875,
						2.0625
					],
					"texture": "#0"
				},
				"south": {
					"uv": [
						8.75,
						9.3125,
						8.875,
						9.8125
					],
					"texture": "#0"
				},
				"west": {
					"uv": [
						7.75,
						7.5625,
						7.9375,
						8.0625
					],
					"texture": "#0"
				},
				"up": {
					"uv": [
						11.0625,
						8.125,
						10.9375,
						7.9375
					],
					"texture": "#0"
				},
				"down": {
					"uv": [
						11.0625,
						8.1875,
						10.9375,
						8.375
					],
					"texture": "#0"
				}
			}
		},
		{
			"from": [
				-2.6371926437833544,
				5.693749105529668,
				10.778936954720464
			],
			"to": [
				-1.525617861895169,
				10.115871481576342,
				12.446299127552741
			],
			"rotation": {
				"angle": 22.5,
				"axis": "z",
				"origin": [
					8,
					6.749478370375791,
					4.665275654335443
				]
			},
			"faces": {
				"north": {
					"uv": [
						9.3125,
						8.875,
						9.4375,
						9.375
					],
					"texture": "#0"
				},
				"east": {
					"uv": [
						1.75,
						7.8125,
						1.9375,
						8.3125
					],
					"texture": "#0"
				},
				"south": {
					"uv": [
						8.9375,
						9.3125,
						9.0625,
						9.8125
					],
					"texture": "#0"
				},
				"west": {
					"uv": [
						2,
						7.8125,
						2.1875,
						8.3125
					],
					"texture": "#0"
				},
				"up": {
					"uv": [
						11.0625,
						8.625,
						10.9375,
						8.4375
					],
					"texture": "#0"
				},
				"down": {
					"uv": [
						11.0625,
						8.6875,
						10.9375,
						8.875
					],
					"texture": "#0"
				}
			}
		},
		{
			"from": [
				17.52561786189517,
				7.0832175828899,
				5.221063045279536
			],
			"to": [
				18.637192643783354,
				8.72640300421611,
				10.778936954720464
			],
			"rotation": {
				"angle": -22.5,
				"axis": "z",
				"origin": [
					8,
					6.749478370375791,
					4.665275654335443
				]
			},
			"faces": {
				"north": {
					"uv": [
						11,
						4.5,
						11.125,
						4.6875
					],
					"texture": "#0"
				},
				"east": {
					"uv": [
						6.9375,
						1.1875,
						7.5625,
						1.375
					],
					"texture": "#0"
				},
				"south": {
					"uv": [
						4.625,
						11,
						4.75,
						11.1875
					],
					"texture": "#0"
				},
				"west": {
					"uv": [
						6.9375,
						1.4375,
						7.5625,
						1.625
					],
					"texture": "#0"
				},
				"up": {
					"uv": [
						3.4375,
						9.25,
						3.3125,
						8.625
					],
					"texture": "#0"
				},
				"down": {
					"uv": [
						8.8125,
						4.0625,
						8.6875,
						4.6875
					],
					"texture": "#0"
				}
			}
		},
		{
			"from": [
				-2.2314956377637127,
				5.422669363470597,
				10.778936954720464
			],
			"to": [
				-1.1199208558755274,
				9.844791739517271,
				12.446299127552741
			],
			"rotation": {
				"angle": 45,
				"axis": "z",
				"origin": [
					8,
					6.749478370375791,
					4.665275654335443
				]
			},
			"faces": {
				"north": {
					"uv": [
						0.4375,
						9.375,
						0.5625,
						9.875
					],
					"texture": "#0"
				},
				"east": {
					"uv": [
						6.625,
						7.8125,
						6.8125,
						8.3125
					],
					"texture": "#0"
				},
				"south": {
					"uv": [
						0.625,
						9.375,
						0.75,
						9.875
					],
					"texture": "#0"
				},
				"west": {
					"uv": [
						6.875,
						7.8125,
						7.0625,
						8.3125
					],
					"texture": "#0"
				},
				"up": {
					"uv": [
						11.0625,
						9.125,
						10.9375,
						8.9375
					],
					"texture": "#0"
				},
				"down": {
					"uv": [
						11.0625,
						9.5625,
						10.9375,
						9.75
					],
					"texture": "#0"
				}
			}
		},
		{
			"from": [
				5.310383636878161,
				-3.21093752532885,
				10.778936954720464
			],
			"to": [
				9.732506012924835,
				-2.0993627434406648,
				12.446299127552741
			],
			"rotation": {
				"angle": -22.5,
				"axis": "z",
				"origin": [
					8,
					6.749478370375791,
					4.665275654335443
				]
			},
			"faces": {
				"north": {
					"uv": [
						9.3125,
						1.5,
						9.8125,
						1.625
					],
					"texture": "#0"
				},
				"east": {
					"uv": [
						10.9375,
						9.8125,
						11.125,
						9.9375
					],
					"texture": "#0"
				},
				"south": {
					"uv": [
						9.3125,
						1.6875,
						9.8125,
						1.8125
					],
					"texture": "#0"
				},
				"west": {
					"uv": [
						10.9375,
						10,
						11.125,
						10.125
					],
					"texture": "#0"
				},
				"up": {
					"uv": [
						7.625,
						8,
						7.125,
						7.8125
					],
					"texture": "#0"
				},
				"down": {
					"uv": [
						8.375,
						7,
						7.875,
						7.1875
					],
					"texture": "#0"
				}
			}
		},
		{
			"from": [
				5.788938811976663,
				-3.1157478188818555,
				10.778936954720464
			],
			"to": [
				10.211061188023336,
				-2.00417303699367,
				12.446299127552741
			],
			"rotation": {
				"angle": 0,
				"axis": "y",
				"origin": [
					8,
					6.749478370375791,
					4.665275654335443
				]
			},
			"faces": {
				"north": {
					"uv": [
						9.3125,
						8.5,
						9.8125,
						8.625
					],
					"texture": "#0"
				},
				"east": {
					"uv": [
						1.5625,
						11,
						1.75,
						11.125
					],
					"texture": "#0"
				},
				"south": {
					"uv": [
						9.375,
						1.125,
						9.875,
						1.25
					],
					"texture": "#0"
				},
				"west": {
					"uv": [
						11,
						1.625,
						11.1875,
						1.75
					],
					"texture": "#0"
				},
				"up": {
					"uv": [
						8.375,
						7.4375,
						7.875,
						7.25
					],
					"texture": "#0"
				},
				"down": {
					"uv": [
						8.4375,
						0,
						7.9375,
						0.1875
					],
					"texture": "#0"
				}
			}
		},
		{
			"from": [
				6.267493987075165,
				-3.21093752532885,
				10.778936954720464
			],
			"to": [
				10.68961636312184,
				-2.0993627434406648,
				12.446299127552741
			],
			"rotation": {
				"angle": 22.5,
				"axis": "z",
				"origin": [
					8,
					6.749478370375791,
					4.665275654335443
				]
			},
			"faces": {
				"north": {
					"uv": [
						9.375,
						1.875,
						9.875,
						2
					],
					"texture": "#0"
				},
				"east": {
					"uv": [
						1.8125,
						11,
						2,
						11.125
					],
					"texture": "#0"
				},
				"south": {
					"uv": [
						9.375,
						2.0625,
						9.875,
						2.1875
					],
					"texture": "#0"
				},
				"west": {
					"uv": [
						11,
						1.8125,
						11.1875,
						1.9375
					],
					"texture": "#0"
				},
				"up": {
					"uv": [
						8.4375,
						0.4375,
						7.9375,
						0.25
					],
					"texture": "#0"
				},
				"down": {
					"uv": [
						8.4375,
						1.5625,
						7.9375,
						1.75
					],
					"texture": "#0"
				}
			}
		},
		{
			"from": [
				5.310383636878161,
				17.908983330546675,
				10.778936954720464
			],
			"to": [
				9.732506012924835,
				19.020558112434863,
				12.446299127552741
			],
			"rotation": {
				"angle": -22.5,
				"axis": "z",
				"origin": [
					8,
					6.749478370375791,
					4.665275654335443
				]
			},
			"faces": {
				"north": {
					"uv": [
						2.3125,
						9.375,
						2.8125,
						9.5
					],
					"texture": "#0"
				},
				"east": {
					"uv": [
						11,
						2,
						11.1875,
						2.125
					],
					"texture": "#0"
				},
				"south": {
					"uv": [
						9.375,
						3.3125,
						9.875,
						3.4375
					],
					"texture": "#0"
				},
				"west": {
					"uv": [
						2.0625,
						11,
						2.25,
						11.125
					],
					"texture": "#0"
				},
				"up": {
					"uv": [
						8.4375,
						2,
						7.9375,
						1.8125
					],
					"texture": "#0"
				},
				"down": {
					"uv": [
						8.5,
						2.0625,
						8,
						2.25
					],
					"texture": "#0"
				}
			}
		},
		{
			"from": [
				5.788938811976663,
				18.00417303699367,
				10.778936954720464
			],
			"to": [
				10.211061188023336,
				19.115747818881857,
				12.446299127552741
			],
			"rotation": {
				"angle": 0,
				"axis": "y",
				"origin": [
					8,
					6.749478370375791,
					4.665275654335443
				]
			},
			"faces": {
				"north": {
					"uv": [
						9.375,
						3.5,
						9.875,
						3.625
					],
					"texture": "#0"
				},
				"east": {
					"uv": [
						11,
						2.1875,
						11.1875,
						2.3125
					],
					"texture": "#0"
				},
				"south": {
					"uv": [
						9.375,
						3.6875,
						9.875,
						3.8125
					],
					"texture": "#0"
				},
				"west": {
					"uv": [
						11,
						2.375,
						11.1875,
						2.5
					],
					"texture": "#0"
				},
				"up": {
					"uv": [
						8.5,
						2.5,
						8,
						2.3125
					],
					"texture": "#0"
				},
				"down": {
					"uv": [
						8.5,
						2.5625,
						8,
						2.75
					],
					"texture": "#0"
				}
			}
		},
		{
			"from": [
				6.267493987075165,
				17.908983330546675,
				10.778936954720464
			],
			"to": [
				10.68961636312184,
				19.020558112434863,
				12.446299127552741
			],
			"rotation": {
				"angle": 22.5,
				"axis": "z",
				"origin": [
					8,
					6.749478370375791,
					4.665275654335443
				]
			},
			"faces": {
				"north": {
					"uv": [
						9.375,
						3.875,
						9.875,
						4
					],
					"texture": "#0"
				},
				"east": {
					"uv": [
						11,
						2.5625,
						11.1875,
						2.6875
					],
					"texture": "#0"
				},
				"south": {
					"uv": [
						4.375,
						9.375,
						4.875,
						9.5
					],
					"texture": "#0"
				},
				"west": {
					"uv": [
						11,
						2.75,
						11.1875,
						2.875
					],
					"texture": "#0"
				},
				"up": {
					"uv": [
						8.5,
						7.6875,
						8,
						7.5
					],
					"texture": "#0"
				},
				"down": {
					"uv": [
						8.5,
						7.75,
						8,
						7.9375
					],
					"texture": "#0"
				}
			}
		}
	],
	"display": {
		"head": {
			"rotation": [
				0,
				180,
				0
			]
		}
	}
}