{
	"textures": {
		"0": "expansion:structures/assembler/assembler"
	},
	"elements": [
		{
			"from": [
				7.4822299999999995,
				6.75,
				10.5
			],
			"to": [
				9.017769999999999,
				9.25,
				11.5
			],
			"rotation": {
				"angle": 0,
				"axis": "y",
				"origin": [
					-11.155540000000002,
					8.790700000000001,
					3.5
				]
			},
			"faces": {
				"north": {
					"uv": [
						11.125,
						7.4375,
						11.25,
						7.625
					],
					"texture": "#0"
				},
				"east": {
					"uv": [
						11.75,
						9.875,
						11.8125,
						10.0625
					],
					"texture": "#0"
				},
				"south": {
					"uv": [
						7.625,
						11.125,
						7.75,
						11.3125
					],
					"texture": "#0"
				},
				"west": {
					"uv": [
						9.9375,
						11.75,
						10,
						11.9375
					],
					"texture": "#0"
				},
				"up": {
					"uv": [
						12.3125,
						6.25,
						12.1875,
						6.1875
					],
					"texture": "#0"
				},
				"down": {
					"uv": [
						12.3125,
						6.3125,
						12.1875,
						6.375
					],
					"texture": "#0"
				}
			}
		},
		{
			"from": [
				1.3125999999999998,
				-4.813420000000001,
				10.5
			],
			"to": [
				2.3481299999999994,
				-4.063420000000001,
				11.5
			],
			"rotation": {
				"angle": 45,
				"axis": "z",
				"origin": [
					-11.155540000000002,
					8.790700000000001,
					3.5
				]
			},
			"faces": {
				"north": {
					"uv": [
						12.25,
						5.5625,
						12.3125,
						5.625
					],
					"texture": "#0"
				},
				"east": {
					"uv": [
						12.25,
						5.6875,
						12.3125,
						5.75
					],
					"texture": "#0"
				},
				"south": {
					"uv": [
						5.75,
						12.25,
						5.8125,
						12.3125
					],
					"texture": "#0"
				},
				"west": {
					"uv": [
						12.25,
						5.8125,
						12.3125,
						5.875
					],
					"texture": "#0"
				},
				"up": {
					"uv": [
						12.3125,
						6,
						12.25,
						5.9375
					],
					"texture": "#0"
				},
				"down": {
					"uv": [
						12.3125,
						6.0625,
						12.25,
						6.125
					],
					"texture": "#0"
				}
			}
		},
		{
			"from": [
				0.5803599999999989,
				-5.831189999999999,
				10.5
			],
			"to": [
				1.3303599999999989,
				-4.79566,
				11.5
			],
			"rotation": {
				"angle": 45,
				"axis": "z",
				"origin": [
					-11.155540000000002,
					8.790700000000001,
					3.5
				]
			},
			"faces": {
				"north": {
					"uv": [
						12.25,
						6.5625,
						12.3125,
						6.625
					],
					"texture": "#0"
				},
				"east": {
					"uv": [
						12.25,
						6.6875,
						12.3125,
						6.75
					],
					"texture": "#0"
				},
				"south": {
					"uv": [
						6.75,
						12.25,
						6.8125,
						12.3125
					],
					"texture": "#0"
				},
				"west": {
					"uv": [
						6.875,
						12.25,
						6.9375,
						12.3125
					],
					"texture": "#0"
				},
				"up": {
					"uv": [
						7.0625,
						12.3125,
						7,
						12.25
					],
					"texture": "#0"
				},
				"down": {
					"uv": [
						7.1875,
						12.25,
						7.125,
						12.3125
					],
					"texture": "#0"
				}
			}
		},
		{
			"from": [
				6.75,
				7.482230000000001,
				10.5
			],
			"to": [
				7.5,
				8.517769999999999,
				11.5
			],
			"rotation": {
				"angle": 0,
				"axis": "y",
				"origin": [
					-11.155540000000002,
					8.790700000000001,
					3.5
				]
			},
			"faces": {
				"north": {
					"uv": [
						7.25,
						12.25,
						7.3125,
						12.3125
					],
					"texture": "#0"
				},
				"east": {
					"uv": [
						7.375,
						12.25,
						7.4375,
						12.3125
					],
					"texture": "#0"
				},
				"south": {
					"uv": [
						12.25,
						7.4375,
						12.3125,
						7.5
					],
					"texture": "#0"
				},
				"west": {
					"uv": [
						7.5,
						12.25,
						7.5625,
						12.3125
					],
					"texture": "#0"
				},
				"up": {
					"uv": [
						12.3125,
						7.625,
						12.25,
						7.5625
					],
					"texture": "#0"
				},
				"down": {
					"uv": [
						12.3125,
						7.875,
						12.25,
						7.9375
					],
					"texture": "#0"
				}
			}
		},
		{
			"from": [
				7.4822299999999995,
				6.75,
				7.5
			],
			"to": [
				9.017769999999999,
				9.25,
				8.5
			],
			"rotation": {
				"angle": 0,
				"axis": "y",
				"origin": [
					-11.155540000000002,
					8.790700000000001,
					3.5
				]
			},
			"faces": {
				"north": {
					"uv": [
						11.125,
						7.6875,
						11.25,
						7.875
					],
					"texture": "#0"
				},
				"east": {
					"uv": [
						10.0625,
						11.75,
						10.125,
						11.9375
					],
					"texture": "#0"
				},
				"south": {
					"uv": [
						11.125,
						7.9375,
						11.25,
						8.125
					],
					"texture": "#0"
				},
				"west": {
					"uv": [
						10.1875,
						11.75,
						10.25,
						11.9375
					],
					"texture": "#0"
				},
				"up": {
					"uv": [
						12.3125,
						6.5,
						12.1875,
						6.4375
					],
					"texture": "#0"
				},
				"down": {
					"uv": [
						12.3125,
						7.3125,
						12.1875,
						7.375
					],
					"texture": "#0"
				}
			}
		},
		{
			"from": [
				1.3125999999999998,
				-4.813420000000001,
				7.5
			],
			"to": [
				2.3481299999999994,
				-4.063420000000001,
				8.5
			],
			"rotation": {
				"angle": 45,
				"axis": "z",
				"origin": [
					-11.155540000000002,
					8.790700000000001,
					3.5
				]
			},
			"faces": {
				"north": {
					"uv": [
						12.25,
						8,
						12.3125,
						8.0625
					],
					"texture": "#0"
				},
				"east": {
					"uv": [
						8.0625,
						12.25,
						8.125,
						12.3125
					],
					"texture": "#0"
				},
				"south": {
					"uv": [
						12.25,
						8.125,
						12.3125,
						8.1875
					],
					"texture": "#0"
				},
				"west": {
					"uv": [
						8.1875,
						12.25,
						8.25,
						12.3125
					],
					"texture": "#0"
				},
				"up": {
					"uv": [
						12.3125,
						8.3125,
						12.25,
						8.25
					],
					"texture": "#0"
				},
				"down": {
					"uv": [
						8.375,
						12.25,
						8.3125,
						12.3125
					],
					"texture": "#0"
				}
			}
		},
		{
			"from": [
				6.75,
				7.482230000000001,
				7.5
			],
			"to": [
				7.5,
				8.517769999999999,
				8.5
			],
			"rotation": {
				"angle": 0,
				"axis": "y",
				"origin": [
					-11.155540000000002,
					8.790700000000001,
					3.5
				]
			},
			"faces": {
				"north": {
					"uv": [
						8.625,
						12.25,
						8.6875,
						12.3125
					],
					"texture": "#0"
				},
				"east": {
					"uv": [
						12.25,
						8.625,
						12.3125,
						8.6875
					],
					"texture": "#0"
				},
				"south": {
					"uv": [
						12.25,
						8.75,
						12.3125,
						8.8125
					],
					"texture": "#0"
				},
				"west": {
					"uv": [
						9.0625,
						12.25,
						9.125,
						12.3125
					],
					"texture": "#0"
				},
				"up": {
					"uv": [
						9.25,
						12.3125,
						9.1875,
						12.25
					],
					"texture": "#0"
				},
				"down": {
					"uv": [
						9.375,
						12.25,
						9.3125,
						12.3125
					],
					"texture": "#0"
				}
			}
		},
		{
			"from": [
				0.5803599999999989,
				-5.831189999999999,
				7.5
			],
			"to": [
				1.3303599999999989,
				-4.79566,
				8.5
			],
			"rotation": {
				"angle": 45,
				"axis": "z",
				"origin": [
					-11.155540000000002,
					8.790700000000001,
					3.5
				]
			},
			"faces": {
				"north": {
					"uv": [
						12.25,
						9.3125,
						12.3125,
						9.375
					],
					"texture": "#0"
				},
				"east": {
					"uv": [
						12.25,
						9.4375,
						12.3125,
						9.5
					],
					"texture": "#0"
				},
				"south": {
					"uv": [
						12.25,
						9.5625,
						12.3125,
						9.625
					],
					"texture": "#0"
				},
				"west": {
					"uv": [
						9.6875,
						12.25,
						9.75,
						12.3125
					],
					"texture": "#0"
				},
				"up": {
					"uv": [
						12.3125,
						9.75,
						12.25,
						9.6875
					],
					"texture": "#0"
				},
				"down": {
					"uv": [
						10.25,
						12.25,
						10.1875,
						12.3125
					],
					"texture": "#0"
				}
			}
		}
	],
	"display": {
		"head": {
			"rotation": [
				0,
				180,
				0
			]
		}
	}
}