{
	"credit": "Made with Blockbench",
	"texture_size": [64, 64],
	"textures": {
		"3": "expansion:blocks/enhancer/enhancer"
	},
	"elements": [
		{
			"from": [0, -16, 0],
			"to": [16, 0, 16],
			"rotation": {"angle": 0, "axis": "y", "origin": [0, -16, 0]},
			"faces": {
				"north": {"uv": [4.25, 0, 8.25, 4], "texture": "#3"},
				"east": {"uv": [0, 4.25, 4, 8.25], "texture": "#3"},
				"south": {"uv": [4.25, 4.25, 8.25, 8.25], "texture": "#3"},
				"west": {"uv": [0, 0, 4, 4], "texture": "#3"},
				"up": {"uv": [4, 12.5, 0, 8.5], "texture": "#3"},
				"down": {"uv": [12.5, 0, 8.5, 4], "texture": "#3"}
			}
		},
		{
			"name": "octagon",
			"from": [4.68629, 0, 0],
			"to": [11.31371, 2, 1],
			"rotation": {"angle": 45, "axis": "y", "origin": [8, 0.5, 8]},
			"faces": {
				"north": {"uv": [8.25, 6, 10, 6.5], "texture": "#3"},
				"east": {"uv": [5, 10.25, 5.25, 10.75], "texture": "#3"},
				"south": {"uv": [8.25, 6.5, 10, 7], "texture": "#3"},
				"west": {"uv": [5.25, 10.25, 5.5, 10.75], "texture": "#3"},
				"up": {"uv": [6, 4.25, 4.25, 4], "texture": "#3"},
				"down": {"uv": [7.75, 4, 6, 4.25], "texture": "#3"}
			}
		},
		{
			"name": "octagon",
			"from": [7.18629, 0, -0.5],
			"to": [8.81371, 2, 0],
			"rotation": {"angle": -45, "axis": "y", "origin": [8, 0.5, 8]},
			"faces": {
				"north": {"uv": [7, 10.5, 7.5, 11], "texture": "#3"},
				"east": {"uv": [10.5, 8, 10.75, 8.5], "texture": "#3"},
				"south": {"uv": [10.5, 7, 11, 7.5], "texture": "#3"},
				"west": {"uv": [8.25, 10.5, 8.5, 11], "texture": "#3"},
				"up": {"uv": [11, 9.25, 10.5, 9], "texture": "#3"},
				"down": {"uv": [11, 9.25, 10.5, 9.5], "texture": "#3"}
			}
		},
		{
			"name": "octagon",
			"from": [7.18629, 2, -0.5],
			"to": [8.81371, 2.5, 1.5],
			"rotation": {"angle": -45, "axis": "y", "origin": [8, 0.5, 8]},
			"faces": {
				"north": {"uv": [3.5, 8.25, 4, 8.5], "texture": "#3"},
				"east": {"uv": [8, 10, 8.5, 10.25], "texture": "#3"},
				"south": {"uv": [10, 8, 10.5, 8.25], "texture": "#3"},
				"west": {"uv": [10, 8.25, 10.5, 8.5], "texture": "#3"},
				"up": {"uv": [10, 8.75, 9.5, 8.25], "texture": "#3"},
				"down": {"uv": [9.25, 9.5, 8.75, 10], "texture": "#3"}
			}
		},
		{
			"name": "octagon",
			"from": [7.18629, 0, 1],
			"to": [8.81371, 2, 1.5],
			"rotation": {"angle": -45, "axis": "y", "origin": [8, 0.5, 8]},
			"faces": {
				"north": {"uv": [7.75, 9.5, 8.25, 10], "texture": "#3"},
				"east": {"uv": [10, 7.5, 10.25, 8], "texture": "#3"},
				"south": {"uv": [8.25, 9.5, 8.75, 10], "texture": "#3"},
				"west": {"uv": [7.75, 10, 8, 10.5], "texture": "#3"},
				"up": {"uv": [4, 4.25, 3.5, 4], "texture": "#3"},
				"down": {"uv": [8.25, 4, 7.75, 4.25], "texture": "#3"}
			}
		},
		{
			"name": "octagon",
			"from": [7.18629, 0, -0.5],
			"to": [8.81371, 2, 0],
			"rotation": {"angle": 45, "axis": "y", "origin": [8, 0.5, 8]},
			"faces": {
				"north": {"uv": [10.5, 7.5, 11, 8], "texture": "#3"},
				"east": {"uv": [8.5, 10.5, 8.75, 11], "texture": "#3"},
				"south": {"uv": [7.75, 10.5, 8.25, 11], "texture": "#3"},
				"west": {"uv": [9.25, 10.5, 9.5, 11], "texture": "#3"},
				"up": {"uv": [11, 9.75, 10.5, 9.5], "texture": "#3"},
				"down": {"uv": [11, 9.75, 10.5, 10], "texture": "#3"}
			}
		},
		{
			"name": "octagon",
			"from": [7.18629, 0, 1],
			"to": [8.81371, 2, 1.5],
			"rotation": {"angle": 45, "axis": "y", "origin": [8, 0.5, 8]},
			"faces": {
				"north": {"uv": [4, 9.75, 4.5, 10.25], "texture": "#3"},
				"east": {"uv": [9.25, 10, 9.5, 10.5], "texture": "#3"},
				"south": {"uv": [4.5, 9.75, 5, 10.25], "texture": "#3"},
				"west": {"uv": [10, 9.75, 10.25, 10.25], "texture": "#3"},
				"up": {"uv": [4.5, 10.5, 4, 10.25], "texture": "#3"},
				"down": {"uv": [5, 10.25, 4.5, 10.5], "texture": "#3"}
			}
		},
		{
			"name": "octagon",
			"from": [7.18629, 2, -0.5],
			"to": [8.81371, 2.5, 1.5],
			"rotation": {"angle": 45, "axis": "y", "origin": [8, 0.5, 8]},
			"faces": {
				"north": {"uv": [8.75, 10, 9.25, 10.25], "texture": "#3"},
				"east": {"uv": [10, 9, 10.5, 9.25], "texture": "#3"},
				"south": {"uv": [10, 9.25, 10.5, 9.5], "texture": "#3"},
				"west": {"uv": [10, 9.5, 10.5, 9.75], "texture": "#3"},
				"up": {"uv": [10, 9.25, 9.5, 8.75], "texture": "#3"},
				"down": {"uv": [10, 9.25, 9.5, 9.75], "texture": "#3"}
			}
		},
		{
			"name": "octagon",
			"from": [7.18629, 0, 16],
			"to": [8.81371, 2, 16.5],
			"rotation": {"angle": -45, "axis": "y", "origin": [8, 0.5, 8]},
			"faces": {
				"north": {"uv": [6, 9.75, 6.5, 10.25], "texture": "#3"},
				"east": {"uv": [10.25, 7, 10.5, 7.5], "texture": "#3"},
				"south": {"uv": [6.5, 9.75, 7, 10.25], "texture": "#3"},
				"west": {"uv": [10.25, 7.5, 10.5, 8], "texture": "#3"},
				"up": {"uv": [8.5, 10.5, 8, 10.25], "texture": "#3"},
				"down": {"uv": [10.75, 8.5, 10.25, 8.75], "texture": "#3"}
			}
		},
		{
			"name": "octagon",
			"from": [7.18629, 0, 14.5],
			"to": [8.81371, 2, 15],
			"rotation": {"angle": -45, "axis": "y", "origin": [8, 0.5, 8]},
			"faces": {
				"north": {"uv": [10, 6, 10.5, 6.5], "texture": "#3"},
				"east": {"uv": [10.5, 5.75, 10.75, 6.25], "texture": "#3"},
				"south": {"uv": [10, 6.5, 10.5, 7], "texture": "#3"},
				"west": {"uv": [6, 10.5, 6.25, 11], "texture": "#3"},
				"up": {"uv": [6.75, 10.75, 6.25, 10.5], "texture": "#3"},
				"down": {"uv": [11, 6.25, 10.5, 6.5], "texture": "#3"}
			}
		},
		{
			"name": "octagon",
			"from": [7.18629, 2, 14.5],
			"to": [8.81371, 2.5, 16.5],
			"rotation": {"angle": -45, "axis": "y", "origin": [8, 0.5, 8]},
			"faces": {
				"north": {"uv": [5.5, 10.25, 6, 10.5], "texture": "#3"},
				"east": {"uv": [6, 10.25, 6.5, 10.5], "texture": "#3"},
				"south": {"uv": [6.5, 10.25, 7, 10.5], "texture": "#3"},
				"west": {"uv": [7, 10.25, 7.5, 10.5], "texture": "#3"},
				"up": {"uv": [5.5, 10.25, 5, 9.75], "texture": "#3"},
				"down": {"uv": [6, 9.75, 5.5, 10.25], "texture": "#3"}
			}
		},
		{
			"name": "octagon",
			"from": [7.18629, 0, 16],
			"to": [8.81371, 2, 16.5],
			"rotation": {"angle": 45, "axis": "y", "origin": [8, 0.5, 8]},
			"faces": {
				"north": {"uv": [7, 9.75, 7.5, 10.25], "texture": "#3"},
				"east": {"uv": [10.25, 10.25, 10.5, 10.75], "texture": "#3"},
				"south": {"uv": [9.5, 9.75, 10, 10.25], "texture": "#3"},
				"west": {"uv": [4, 10.5, 4.25, 11], "texture": "#3"},
				"up": {"uv": [10.75, 9, 10.25, 8.75], "texture": "#3"},
				"down": {"uv": [11, 4, 10.5, 4.25], "texture": "#3"}
			}
		},
		{
			"name": "octagon",
			"from": [7.18629, 0, 14.5],
			"to": [8.81371, 2, 15],
			"rotation": {"angle": 45, "axis": "y", "origin": [8, 0.5, 8]},
			"faces": {
				"north": {"uv": [10, 5, 10.5, 5.5], "texture": "#3"},
				"east": {"uv": [4.75, 10.5, 5, 11], "texture": "#3"},
				"south": {"uv": [10, 5.5, 10.5, 6], "texture": "#3"},
				"west": {"uv": [10.5, 5, 10.75, 5.5], "texture": "#3"},
				"up": {"uv": [6, 10.75, 5.5, 10.5], "texture": "#3"},
				"down": {"uv": [11, 5.5, 10.5, 5.75], "texture": "#3"}
			}
		},
		{
			"name": "octagon",
			"from": [7.18629, 2, 14.5],
			"to": [8.81371, 2.5, 16.5],
			"rotation": {"angle": 45, "axis": "y", "origin": [8, 0.5, 8]},
			"faces": {
				"north": {"uv": [4.25, 10.5, 4.75, 10.75], "texture": "#3"},
				"east": {"uv": [10.5, 4.25, 11, 4.5], "texture": "#3"},
				"south": {"uv": [10.5, 4.5, 11, 4.75], "texture": "#3"},
				"west": {"uv": [10.5, 4.75, 11, 5], "texture": "#3"},
				"up": {"uv": [10.5, 4.5, 10, 4], "texture": "#3"},
				"down": {"uv": [10.5, 4.5, 10, 5], "texture": "#3"}
			}
		},
		{
			"name": "octagon",
			"from": [4.68629, 0, 0],
			"to": [11.31371, 2, 1],
			"rotation": {"angle": 0, "axis": "y", "origin": [8, 0.5, 8]},
			"faces": {
				"north": {"uv": [8.25, 5.5, 10, 6], "texture": "#3"},
				"east": {"uv": [8.5, 10, 8.75, 10.5], "texture": "#3"},
				"south": {"uv": [5.75, 8.25, 7.5, 8.75], "texture": "#3"},
				"west": {"uv": [10, 8.5, 10.25, 9], "texture": "#3"},
				"up": {"uv": [1.75, 4.25, 0, 4], "texture": "#3"},
				"down": {"uv": [3.5, 4, 1.75, 4.25], "texture": "#3"}
			}
		},
		{
			"name": "octagon",
			"from": [4.68629, 0, 15],
			"to": [11.31371, 2, 16],
			"rotation": {"angle": 45, "axis": "y", "origin": [8, 0.5, 8]},
			"faces": {
				"north": {"uv": [5.75, 8.75, 7.5, 9.25], "texture": "#3"},
				"east": {"uv": [10.25, 9.75, 10.5, 10.25], "texture": "#3"},
				"south": {"uv": [7.5, 8.75, 9.25, 9.25], "texture": "#3"},
				"west": {"uv": [10, 10.25, 10.25, 10.75], "texture": "#3"},
				"up": {"uv": [10, 8.25, 8.25, 8], "texture": "#3"},
				"down": {"uv": [9.25, 9.25, 7.5, 9.5], "texture": "#3"}
			}
		},
		{
			"name": "octagon",
			"from": [4.68629, 0, 15],
			"to": [11.31371, 2, 16],
			"rotation": {"angle": 0, "axis": "y", "origin": [8, 0.5, 8]},
			"faces": {
				"north": {"uv": [8.25, 7.5, 10, 8], "texture": "#3"},
				"east": {"uv": [9.5, 10.25, 9.75, 10.75], "texture": "#3"},
				"south": {"uv": [4, 8.75, 5.75, 9.25], "texture": "#3"},
				"west": {"uv": [9.75, 10.25, 10, 10.75], "texture": "#3"},
				"up": {"uv": [1.75, 8.5, 0, 8.25], "texture": "#3"},
				"down": {"uv": [3.5, 8.25, 1.75, 8.5], "texture": "#3"}
			}
		},
		{
			"name": "octagon",
			"from": [0, 0, 4.68629],
			"to": [1, 2, 11.31371],
			"rotation": {"angle": 45, "axis": "y", "origin": [8, 0.5, 8]},
			"faces": {
				"north": {"uv": [8.75, 10.25, 9, 10.75], "texture": "#3"},
				"east": {"uv": [8.25, 7, 10, 7.5], "texture": "#3"},
				"south": {"uv": [9, 10.25, 9.25, 10.75], "texture": "#3"},
				"west": {"uv": [7.5, 8.25, 9.25, 8.75], "texture": "#3"},
				"up": {"uv": [8.5, 1.75, 8.25, 0], "texture": "#3"},
				"down": {"uv": [8.5, 1.75, 8.25, 3.5], "texture": "#3"}
			}
		},
		{
			"name": "octagon",
			"from": [0, 0, 4.68629],
			"to": [1, 2, 11.31371],
			"rotation": {"angle": 0, "axis": "y", "origin": [8, 0.5, 8]},
			"faces": {
				"north": {"uv": [10.5, 6.5, 10.75, 7], "texture": "#3"},
				"east": {"uv": [4, 9.25, 5.75, 9.75], "texture": "#3"},
				"south": {"uv": [6.75, 10.5, 7, 11], "texture": "#3"},
				"west": {"uv": [5.75, 9.25, 7.5, 9.75], "texture": "#3"},
				"up": {"uv": [9.5, 10, 9.25, 8.25], "texture": "#3"},
				"down": {"uv": [7.75, 9.5, 7.5, 11.25], "texture": "#3"}
			}
		},
		{
			"name": "octagon",
			"from": [15, 0, 4.68629],
			"to": [16, 2, 11.31371],
			"rotation": {"angle": 45, "axis": "y", "origin": [8, 0.5, 8]},
			"faces": {
				"north": {"uv": [8.25, 3.5, 8.5, 4], "texture": "#3"},
				"east": {"uv": [8.25, 4.5, 10, 5], "texture": "#3"},
				"south": {"uv": [10, 7, 10.25, 7.5], "texture": "#3"},
				"west": {"uv": [8.25, 5, 10, 5.5], "texture": "#3"},
				"up": {"uv": [4.25, 5.25, 4, 3.5], "texture": "#3"},
				"down": {"uv": [4.25, 5.25, 4, 7], "texture": "#3"}
			}
		},
		{
			"name": "octagon",
			"from": [15, 0, 4.68629],
			"to": [16, 2, 11.31371],
			"rotation": {"angle": 0, "axis": "y", "origin": [8, 0.5, 8]},
			"faces": {
				"north": {"uv": [4, 7, 4.25, 7.5], "texture": "#3"},
				"east": {"uv": [4, 8.25, 5.75, 8.75], "texture": "#3"},
				"south": {"uv": [4, 7.5, 4.25, 8], "texture": "#3"},
				"west": {"uv": [8.25, 4, 10, 4.5], "texture": "#3"},
				"up": {"uv": [4.25, 1.75, 4, 0], "texture": "#3"},
				"down": {"uv": [4.25, 1.75, 4, 3.5], "texture": "#3"}
			}
		}
	],
	"display": {
		"thirdperson_righthand": {
			"rotation": [75, 45, 0],
			"translation": [0, 5, 5],
			"scale": [0.375, 0.375, 0.375]
		},
		"thirdperson_lefthand": {
			"rotation": [75, 45, 0],
			"translation": [0, 5, 5],
			"scale": [0.375, 0.375, 0.375]
		},
		"firstperson_righthand": {
			"rotation": [0, 45, 0],
			"translation": [0, 6.5, 0],
			"scale": [0.4, 0.4, 0.4]
		},
		"firstperson_lefthand": {
			"rotation": [0, 225, 0],
			"translation": [0, 6.5, 0],
			"scale": [0.4, 0.4, 0.4]
		},
		"ground": {
			"translation": [0, 3, 0],
			"scale": [0.25, 0.25, 0.25]
		},
		"gui": {
			"rotation": [30, 225, 0],
			"translation": [0, 8.5, 0],
			"scale": [0.625, 0.625, 0.625]
		},
		"head": {
			"translation": [0, -4.799, 0],
			"scale": [1.602, 1.602, 1.602]
		},
		"fixed": {
			"translation": [0, 7.5, 0],
			"scale": [0.5, 0.5, 0.5]
		}
	},
	"groups": [
		0,
		{
			"name": "group",
			"origin": [1.5, 19, 13.41421],
			"color": 0,
			"nbt": "{}",
			"armAnimationEnabled": false,
			"children": []
		},
		{
			"name": "octagon",
			"origin": [8, 8, 8],
			"color": 0,
			"nbt": "{}",
			"armAnimationEnabled": false,
			"children": []
		},
		{
			"name": "octagon",
			"origin": [8, 8, 8],
			"color": 0,
			"nbt": "{}",
			"armAnimationEnabled": false,
			"children": []
		},
		{
			"name": "octagon",
			"origin": [8, 8, 8],
			"color": 0,
			"nbt": "{}",
			"armAnimationEnabled": false,
			"children": []
		},
		{
			"name": "octagon",
			"origin": [8, 8, 8],
			"color": 0,
			"nbt": "{}",
			"armAnimationEnabled": false,
			"children": [1, 2, 3, 4, 5, 6, 7, 8, 9, 10, 11, 12, 13, 14, 15, 16, 17, 18, 19, 20]
		},
		{
			"name": "octagon",
			"origin": [8, 8, 8],
			"color": 0,
			"nbt": "{}",
			"armAnimationEnabled": false,
			"children": []
		}
	]
}