{
	"textures": {
		"0": "expansion:structures/assembler/assembler"
	},
	"elements": [
		{
			"from": [
				1.0146688316342365,
				6.005155319929987,
				-1.613562020463382
			],
			"to": [
				21.97066233673153,
				6.441738517952847,
				19.342431484633906
			],
			"rotation": {
				"angle": 0,
				"axis": "y",
				"origin": [
					11.492665584182882,
					15.500839876927195,
					8.87316639604572
				]
			},
			"faces": {
				"north": {
					"uv": [
						6.625,
						6.5,
						9.625,
						6.5625
					],
					"texture": "#0"
				},
				"east": {
					"uv": [
						6.625,
						6.625,
						9.625,
						6.6875
					],
					"texture": "#0"
				},
				"south": {
					"uv": [
						6.625,
						6.75,
						9.625,
						6.8125
					],
					"texture": "#0"
				},
				"west": {
					"uv": [
						6.625,
						6.875,
						9.625,
						6.9375
					],
					"texture": "#0"
				},
				"up": {
					"uv": [
						3,
						3,
						0,
						0
					],
					"texture": "#0"
				},
				"down": {
					"uv": [
						3,
						3.0625,
						0,
						6.0625
					],
					"texture": "#0"
				}
			}
		},
		{
			"from": [
				1.8878352276799566,
				6.441738517952847,
				-0.7316639604572046
			],
			"to": [
				21.097495940685807,
				7.314904913998568,
				18.477996752548645
			],
			"rotation": {
				"angle": 0,
				"axis": "y",
				"origin": [
					11.492665584182882,
					15.500839876927195,
					8.87316639604572
				]
			},
			"faces": {
				"north": {
					"uv": [
						5.875,
						5,
						8.625,
						5.125
					],
					"texture": "#0"
				},
				"east": {
					"uv": [
						5.875,
						5.1875,
						8.625,
						5.3125
					],
					"texture": "#0"
				},
				"south": {
					"uv": [
						5.875,
						5.375,
						8.625,
						5.5
					],
					"texture": "#0"
				},
				"west": {
					"uv": [
						6.25,
						5.5625,
						9,
						5.6875
					],
					"texture": "#0"
				},
				"up": {
					"uv": [
						5.8125,
						2.75,
						3.0625,
						0
					],
					"texture": "#0"
				},
				"down": {
					"uv": [
						5.8125,
						2.8125,
						3.0625,
						5.5625
					],
					"texture": "#0"
				}
			}
		},
		{
			"from": [
				10.489353736806546,
				1.6860377418898302,
				-0.7316639604572046
			],
			"to": [
				11.362520132852268,
				2.920869659177689,
				18.477996752548645
			],
			"rotation": {
				"angle": -45,
				"axis": "z",
				"origin": [
					11.492665584182882,
					15.500839876927195,
					8.87316639604572
				]
			},
			"faces": {
				"north": {
					"uv": [
						2.875,
						11.125,
						3,
						11.3125
					],
					"texture": "#0"
				},
				"east": {
					"uv": [
						5.875,
						3,
						8.625,
						3.1875
					],
					"texture": "#0"
				},
				"south": {
					"uv": [
						5.3125,
						11.125,
						5.4375,
						11.3125
					],
					"texture": "#0"
				},
				"west": {
					"uv": [
						5.875,
						3.25,
						8.625,
						3.4375
					],
					"texture": "#0"
				},
				"up": {
					"uv": [
						2.875,
						8.875,
						2.75,
						6.125
					],
					"texture": "#0"
				},
				"down": {
					"uv": [
						6.375,
						5.75,
						6.25,
						8.5
					],
					"texture": "#0"
				}
			}
		},
		{
			"from": [
				11.622811035513497,
				1.6860377418898302,
				-0.7316639604572046
			],
			"to": [
				12.495977431559217,
				2.920869659177689,
				18.477996752548645
			],
			"rotation": {
				"angle": 45,
				"axis": "z",
				"origin": [
					11.492665584182882,
					15.500839876927195,
					8.87316639604572
				]
			},
			"faces": {
				"north": {
					"uv": [
						6.375,
						11.125,
						6.5,
						11.3125
					],
					"texture": "#0"
				},
				"east": {
					"uv": [
						5.875,
						3.5,
						8.625,
						3.6875
					],
					"texture": "#0"
				},
				"south": {
					"uv": [
						6.5625,
						11.125,
						6.6875,
						11.3125
					],
					"texture": "#0"
				},
				"west": {
					"uv": [
						5.875,
						3.75,
						8.625,
						3.9375
					],
					"texture": "#0"
				},
				"up": {
					"uv": [
						6.5625,
						8.5,
						6.4375,
						5.75
					],
					"texture": "#0"
				},
				"down": {
					"uv": [
						5.3125,
						6.625,
						5.1875,
						9.375
					],
					"texture": "#0"
				}
			}
		},
		{
			"from": [
				1.8878352276799566,
				1.6860377418898302,
				9.003311847376336
			],
			"to": [
				21.097495940685807,
				2.920869659177689,
				9.876478243422056
			],
			"rotation": {
				"angle": -45,
				"axis": "x",
				"origin": [
					11.492665584182882,
					15.500839876927195,
					8.87316639604572
				]
			},
			"faces": {
				"north": {
					"uv": [
						5.875,
						4,
						8.625,
						4.1875
					],
					"texture": "#0"
				},
				"east": {
					"uv": [
						6.875,
						11.125,
						7,
						11.3125
					],
					"texture": "#0"
				},
				"south": {
					"uv": [
						5.875,
						4.25,
						8.625,
						4.4375
					],
					"texture": "#0"
				},
				"west": {
					"uv": [
						7.0625,
						11.125,
						7.1875,
						11.3125
					],
					"texture": "#0"
				},
				"up": {
					"uv": [
						9.375,
						5.875,
						6.625,
						5.75
					],
					"texture": "#0"
				},
				"down": {
					"uv": [
						9.375,
						5.9375,
						6.625,
						6.0625
					],
					"texture": "#0"
				}
			}
		},
		{
			"from": [
				1.8878352276799566,
				1.6860377418898302,
				7.869854548669386
			],
			"to": [
				21.097495940685807,
				2.920869659177689,
				8.743020944715106
			],
			"rotation": {
				"angle": 45,
				"axis": "x",
				"origin": [
					11.492665584182882,
					15.500839876927195,
					8.87316639604572
				]
			},
			"faces": {
				"north": {
					"uv": [
						5.875,
						4.5,
						8.625,
						4.6875
					],
					"texture": "#0"
				},
				"east": {
					"uv": [
						7.25,
						11.125,
						7.375,
						11.3125
					],
					"texture": "#0"
				},
				"south": {
					"uv": [
						5.875,
						4.75,
						8.625,
						4.9375
					],
					"texture": "#0"
				},
				"west": {
					"uv": [
						7.4375,
						11.125,
						7.5625,
						11.3125
					],
					"texture": "#0"
				},
				"up": {
					"uv": [
						9.375,
						6.25,
						6.625,
						6.125
					],
					"texture": "#0"
				},
				"down": {
					"uv": [
						9.375,
						6.3125,
						6.625,
						6.4375
					],
					"texture": "#0"
				}
			}
		},
		{
			"from": [
				1.8878352276799566,
				7.314904913998568,
				-0.7316639604572046
			],
			"to": [
				2.7610016237256776,
				8.188071310044288,
				0.14150243558851638
			],
			"rotation": {
				"angle": 0,
				"axis": "y",
				"origin": [
					11.492665584182882,
					15.500839876927195,
					8.87316639604572
				]
			},
			"faces": {
				"north": {
					"uv": [
						11.375,
						2.0625,
						11.5,
						2.1875
					],
					"texture": "#0"
				},
				"east": {
					"uv": [
						11.375,
						2.25,
						11.5,
						2.375
					],
					"texture": "#0"
				},
				"south": {
					"uv": [
						11.375,
						2.4375,
						11.5,
						2.5625
					],
					"texture": "#0"
				},
				"west": {
					"uv": [
						2.6875,
						11.375,
						2.8125,
						11.5
					],
					"texture": "#0"
				},
				"up": {
					"uv": [
						3,
						11.5,
						2.875,
						11.375
					],
					"texture": "#0"
				},
				"down": {
					"uv": [
						11.5,
						3.25,
						11.375,
						3.375
					],
					"texture": "#0"
				}
			}
		},
		{
			"from": [
				1.8878352276799566,
				15.630985328257811,
				-3.12683360395428
			],
			"to": [
				2.7610016237256776,
				16.504151724303533,
				-1.1622092128514083
			],
			"rotation": {
				"angle": -45,
				"axis": "x",
				"origin": [
					11.492665584182882,
					15.500839876927195,
					8.87316639604572
				]
			},
			"faces": {
				"north": {
					"uv": [
						8.125,
						11.375,
						8.25,
						11.5
					],
					"texture": "#0"
				},
				"east": {
					"uv": [
						10.3125,
						8.5,
						10.625,
						8.625
					],
					"texture": "#0"
				},
				"south": {
					"uv": [
						8.3125,
						11.375,
						8.4375,
						11.5
					],
					"texture": "#0"
				},
				"west": {
					"uv": [
						10.3125,
						8.6875,
						10.625,
						8.8125
					],
					"texture": "#0"
				},
				"up": {
					"uv": [
						4.875,
						10.625,
						4.75,
						10.3125
					],
					"texture": "#0"
				},
				"down": {
					"uv": [
						1.875,
						10.375,
						1.75,
						10.6875
					],
					"texture": "#0"
				}
			}
		},
		{
			"from": [
				1.8878352276799566,
				15.630985328257811,
				18.908542004942852
			],
			"to": [
				2.7610016237256776,
				16.504151724303533,
				20.87316639604572
			],
			"rotation": {
				"angle": 45,
				"axis": "x",
				"origin": [
					11.492665584182882,
					15.500839876927195,
					8.87316639604572
				]
			},
			"faces": {
				"north": {
					"uv": [
						11.375,
						8.6875,
						11.5,
						8.8125
					],
					"texture": "#0"
				},
				"east": {
					"uv": [
						10.375,
						1.125,
						10.6875,
						1.25
					],
					"texture": "#0"
				},
				"south": {
					"uv": [
						9.25,
						11.375,
						9.375,
						11.5
					],
					"texture": "#0"
				},
				"west": {
					"uv": [
						10.375,
						1.875,
						10.6875,
						2
					],
					"texture": "#0"
				},
				"up": {
					"uv": [
						2.0625,
						10.6875,
						1.9375,
						10.375
					],
					"texture": "#0"
				},
				"down": {
					"uv": [
						2.25,
						10.375,
						2.125,
						10.6875
					],
					"texture": "#0"
				}
			}
		},
		{
			"from": [
				20.224329544640085,
				15.630985328257811,
				-3.12683360395428
			],
			"to": [
				21.097495940685807,
				16.504151724303533,
				-1.1622092128514083
			],
			"rotation": {
				"angle": -45,
				"axis": "x",
				"origin": [
					11.492665584182882,
					15.500839876927195,
					8.87316639604572
				]
			},
			"faces": {
				"north": {
					"uv": [
						11.375,
						10.0625,
						11.5,
						10.1875
					],
					"texture": "#0"
				},
				"east": {
					"uv": [
						10.375,
						4.125,
						10.6875,
						4.25
					],
					"texture": "#0"
				},
				"south": {
					"uv": [
						10.25,
						11.375,
						10.375,
						11.5
					],
					"texture": "#0"
				},
				"west": {
					"uv": [
						10.375,
						6.1875,
						10.6875,
						6.3125
					],
					"texture": "#0"
				},
				"up": {
					"uv": [
						9.0625,
						10.6875,
						8.9375,
						10.375
					],
					"texture": "#0"
				},
				"down": {
					"uv": [
						9.25,
						10.375,
						9.125,
						10.6875
					],
					"texture": "#0"
				}
			}
		},
		{
			"from": [
				20.224329544640085,
				8.241037583628422,
				11.982215055789876
			],
			"to": [
				21.097495940685807,
				9.114203979674143,
				16.67548443453562
			],
			"rotation": {
				"angle": 0,
				"axis": "y",
				"origin": [
					11.492665584182882,
					15.500839876927195,
					8.87316639604572
				]
			},
			"faces": {
				"north": {
					"uv": [
						11.5,
						0.375,
						11.625,
						0.5
					],
					"texture": "#0"
				},
				"east": {
					"uv": [
						8.5625,
						7.5625,
						9.25,
						7.6875
					],
					"texture": "#0"
				},
				"south": {
					"uv": [
						0.5,
						11.5,
						0.625,
						11.625
					],
					"texture": "#0"
				},
				"west": {
					"uv": [
						8.5625,
						7.75,
						9.25,
						7.875
					],
					"texture": "#0"
				},
				"up": {
					"uv": [
						1.125,
						9.25,
						1,
						8.5625
					],
					"texture": "#0"
				},
				"down": {
					"uv": [
						6.375,
						8.5625,
						6.25,
						9.25
					],
					"texture": "#0"
				}
			}
		},
		{
			"from": [
				20.224329544640085,
				7.913211626065036,
				4.590940098238496
			],
			"to": [
				21.097495940685807,
				8.786378022110757,
				6.555564489341367
			],
			"rotation": {
				"angle": -45,
				"axis": "x",
				"origin": [
					11.492665584182882,
					15.500839876927195,
					8.87316639604572
				]
			},
			"faces": {
				"north": {
					"uv": [
						11.5,
						0.1875,
						11.625,
						0.3125
					],
					"texture": "#0"
				},
				"east": {
					"uv": [
						0.75,
						10.4375,
						1.0625,
						10.5625
					],
					"texture": "#0"
				},
				"south": {
					"uv": [
						0.3125,
						11.5,
						0.4375,
						11.625
					],
					"texture": "#0"
				},
				"west": {
					"uv": [
						10.4375,
						2.4375,
						10.75,
						2.5625
					],
					"texture": "#0"
				},
				"up": {
					"uv": [
						1.25,
						10.75,
						1.125,
						10.4375
					],
					"texture": "#0"
				},
				"down": {
					"uv": [
						2.8125,
						10.4375,
						2.6875,
						10.75
					],
					"texture": "#0"
				}
			}
		},
		{
			"from": [
				20.224329544640085,
				15.630985328257811,
				18.908542004942852
			],
			"to": [
				21.097495940685807,
				16.504151724303533,
				20.87316639604572
			],
			"rotation": {
				"angle": 45,
				"axis": "x",
				"origin": [
					11.492665584182882,
					15.500839876927195,
					8.87316639604572
				]
			},
			"faces": {
				"north": {
					"uv": [
						9.4375,
						11.375,
						9.5625,
						11.5
					],
					"texture": "#0"
				},
				"east": {
					"uv": [
						10.375,
						2.0625,
						10.6875,
						2.1875
					],
					"texture": "#0"
				},
				"south": {
					"uv": [
						10.0625,
						11.375,
						10.1875,
						11.5
					],
					"texture": "#0"
				},
				"west": {
					"uv": [
						2.3125,
						10.375,
						2.625,
						10.5
					],
					"texture": "#0"
				},
				"up": {
					"uv": [
						10.5,
						4.0625,
						10.375,
						3.75
					],
					"texture": "#0"
				},
				"down": {
					"uv": [
						10.5,
						4.625,
						10.375,
						4.9375
					],
					"texture": "#0"
				}
			}
		},
		{
			"from": [
				20.224329544640085,
				7.913211626065036,
				11.190768302750072
			],
			"to": [
				21.097495940685807,
				8.786378022110757,
				13.155392693852944
			],
			"rotation": {
				"angle": 45,
				"axis": "x",
				"origin": [
					11.492665584182882,
					15.500839876927195,
					8.87316639604572
				]
			},
			"faces": {
				"north": {
					"uv": [
						11.5,
						0.9375,
						11.625,
						1.0625
					],
					"texture": "#0"
				},
				"east": {
					"uv": [
						10.4375,
						2.875,
						10.75,
						3
					],
					"texture": "#0"
				},
				"south": {
					"uv": [
						1.0625,
						11.5,
						1.1875,
						11.625
					],
					"texture": "#0"
				},
				"west": {
					"uv": [
						10.4375,
						3.0625,
						10.75,
						3.1875
					],
					"texture": "#0"
				},
				"up": {
					"uv": [
						3,
						10.75,
						2.875,
						10.4375
					],
					"texture": "#0"
				},
				"down": {
					"uv": [
						4.1875,
						10.4375,
						4.0625,
						10.75
					],
					"texture": "#0"
				}
			}
		},
		{
			"from": [
				20.224329544640085,
				8.241037583628422,
				1.0676351052183701
			],
			"to": [
				21.097495940685807,
				9.114203979674143,
				5.760904483964118
			],
			"rotation": {
				"angle": 0,
				"axis": "y",
				"origin": [
					11.492665584182882,
					15.500839876927195,
					8.87316639604572
				]
			},
			"faces": {
				"north": {
					"uv": [
						0.6875,
						11.5,
						0.8125,
						11.625
					],
					"texture": "#0"
				},
				"east": {
					"uv": [
						8.5625,
						7.9375,
						9.25,
						8.0625
					],
					"texture": "#0"
				},
				"south": {
					"uv": [
						0.875,
						11.5,
						1,
						11.625
					],
					"texture": "#0"
				},
				"west": {
					"uv": [
						8.5625,
						8.5,
						9.25,
						8.625
					],
					"texture": "#0"
				},
				"up": {
					"uv": [
						6.5625,
						9.25,
						6.4375,
						8.5625
					],
					"texture": "#0"
				},
				"down": {
					"uv": [
						7.25,
						8.5625,
						7.125,
						9.25
					],
					"texture": "#0"
				}
			}
		},
		{
			"from": [
				20.224329544640085,
				7.314904913998568,
				17.604830356502923
			],
			"to": [
				21.097495940685807,
				8.188071310044288,
				18.477996752548645
			],
			"rotation": {
				"angle": 0,
				"axis": "y",
				"origin": [
					11.492665584182882,
					15.500839876927195,
					8.87316639604572
				]
			},
			"faces": {
				"north": {
					"uv": [
						1.6875,
						11.4375,
						1.8125,
						11.5625
					],
					"texture": "#0"
				},
				"east": {
					"uv": [
						3.4375,
						11.4375,
						3.5625,
						11.5625
					],
					"texture": "#0"
				},
				"south": {
					"uv": [
						4,
						11.4375,
						4.125,
						11.5625
					],
					"texture": "#0"
				},
				"west": {
					"uv": [
						11.4375,
						4.875,
						11.5625,
						5
					],
					"texture": "#0"
				},
				"up": {
					"uv": [
						11.5625,
						5.1875,
						11.4375,
						5.0625
					],
					"texture": "#0"
				},
				"down": {
					"uv": [
						11.5625,
						5.25,
						11.4375,
						5.375
					],
					"texture": "#0"
				}
			}
		},
		{
			"from": [
				1.8878352276799566,
				7.314904913998568,
				17.604830356502923
			],
			"to": [
				2.7610016237256776,
				8.188071310044288,
				18.477996752548645
			],
			"rotation": {
				"angle": 0,
				"axis": "y",
				"origin": [
					11.492665584182882,
					15.500839876927195,
					8.87316639604572
				]
			},
			"faces": {
				"north": {
					"uv": [
						10.4375,
						11.375,
						10.5625,
						11.5
					],
					"texture": "#0"
				},
				"east": {
					"uv": [
						10.625,
						11.375,
						10.75,
						11.5
					],
					"texture": "#0"
				},
				"south": {
					"uv": [
						10.8125,
						11.375,
						10.9375,
						11.5
					],
					"texture": "#0"
				},
				"west": {
					"uv": [
						11,
						11.375,
						11.125,
						11.5
					],
					"texture": "#0"
				},
				"up": {
					"uv": [
						11.3125,
						11.5,
						11.1875,
						11.375
					],
					"texture": "#0"
				},
				"down": {
					"uv": [
						11.5,
						11.375,
						11.375,
						11.5
					],
					"texture": "#0"
				}
			}
		},
		{
			"from": [
				7.12683360395428,
				7.314904913998568,
				-0.7316639604572046
			],
			"to": [
				8,
				8.188071310044288,
				0.14150243558851638
			],
			"rotation": {
				"angle": 0,
				"axis": "y",
				"origin": [
					11.492665584182882,
					15.500839876927195,
					8.87316639604572
				]
			},
			"faces": {
				"north": {
					"uv": [
						6.625,
						11.375,
						6.75,
						11.5
					],
					"texture": "#0"
				},
				"east": {
					"uv": [
						6.8125,
						11.375,
						6.9375,
						11.5
					],
					"texture": "#0"
				},
				"south": {
					"uv": [
						7,
						11.375,
						7.125,
						11.5
					],
					"texture": "#0"
				},
				"west": {
					"uv": [
						7.1875,
						11.375,
						7.3125,
						11.5
					],
					"texture": "#0"
				},
				"up": {
					"uv": [
						7.5,
						11.5,
						7.375,
						11.375
					],
					"texture": "#0"
				},
				"down": {
					"uv": [
						7.6875,
						11.375,
						7.5625,
						11.5
					],
					"texture": "#0"
				}
			}
		},
		{
			"from": [
				-0.5073344158171196,
				15.630985328257811,
				-0.7316639604572046
			],
			"to": [
				1.457289975285752,
				16.504151724303533,
				0.14150243558851638
			],
			"rotation": {
				"angle": 45,
				"axis": "z",
				"origin": [
					11.492665584182882,
					15.500839876927195,
					8.87316639604572
				]
			},
			"faces": {
				"north": {
					"uv": [
						10.3125,
						7.75,
						10.625,
						7.875
					],
					"texture": "#0"
				},
				"east": {
					"uv": [
						5.1875,
						11.375,
						5.3125,
						11.5
					],
					"texture": "#0"
				},
				"south": {
					"uv": [
						10.3125,
						7.9375,
						10.625,
						8.0625
					],
					"texture": "#0"
				},
				"west": {
					"uv": [
						11.375,
						5.875,
						11.5,
						6
					],
					"texture": "#0"
				},
				"up": {
					"uv": [
						10.625,
						8.25,
						10.3125,
						8.125
					],
					"texture": "#0"
				},
				"down": {
					"uv": [
						10.625,
						8.3125,
						10.3125,
						8.4375
					],
					"texture": "#0"
				}
			}
		},
		{
			"from": [
				12.266714496781471,
				6.369654266127292,
				-0.7316639604572046
			],
			"to": [
				14.231338887884345,
				7.242820662173013,
				0.14150243558851638
			],
			"rotation": {
				"angle": -45,
				"axis": "z",
				"origin": [
					11.492665584182882,
					15.500839876927195,
					8.87316639604572
				]
			},
			"faces": {
				"north": {
					"uv": [
						3.1875,
						10.3125,
						3.5,
						10.4375
					],
					"texture": "#0"
				},
				"east": {
					"uv": [
						11.375,
						3.4375,
						11.5,
						3.5625
					],
					"texture": "#0"
				},
				"south": {
					"uv": [
						10.3125,
						5.375,
						10.625,
						5.5
					],
					"texture": "#0"
				},
				"west": {
					"uv": [
						11.375,
						3.625,
						11.5,
						3.75
					],
					"texture": "#0"
				},
				"up": {
					"uv": [
						10.625,
						7.25,
						10.3125,
						7.125
					],
					"texture": "#0"
				},
				"down": {
					"uv": [
						10.625,
						7.5625,
						10.3125,
						7.6875
					],
					"texture": "#0"
				}
			}
		},
		{
			"from": [
				18.477996752548645,
				7.314904913998568,
				7.12683360395428
			],
			"to": [
				19.351163148594367,
				9.061237706090008,
				7.56341680197714
			],
			"rotation": {
				"angle": 0,
				"axis": "y",
				"origin": [
					11.492665584182882,
					15.500839876927195,
					8.87316639604572
				]
			},
			"faces": {
				"north": {
					"uv": [
						8.75,
						10.5625,
						8.875,
						10.8125
					],
					"texture": "#0"
				},
				"east": {
					"uv": [
						4.6875,
						7.0625,
						4.75,
						7.3125
					],
					"texture": "#0"
				},
				"south": {
					"uv": [
						3.875,
						10.625,
						4,
						10.875
					],
					"texture": "#0"
				},
				"west": {
					"uv": [
						8.4375,
						9.75,
						8.5,
						10
					],
					"texture": "#0"
				},
				"up": {
					"uv": [
						1.6875,
						8.3125,
						1.5625,
						8.25
					],
					"texture": "#0"
				},
				"down": {
					"uv": [
						9.9375,
						2.25,
						9.8125,
						2.3125
					],
					"texture": "#0"
				}
			}
		},
		{
			"from": [
				18.477996752548645,
				7.751488112021428,
				7.56341680197714
			],
			"to": [
				19.351163148594367,
				8.188071310044288,
				17.168247158480064
			],
			"rotation": {
				"angle": 0,
				"axis": "y",
				"origin": [
					11.492665584182882,
					15.500839876927195,
					8.87316639604572
				]
			},
			"faces": {
				"north": {
					"uv": [
						9.9375,
						12,
						10.0625,
						12.0625
					],
					"texture": "#0"
				},
				"east": {
					"uv": [
						8.5625,
						2.625,
						9.9375,
						2.6875
					],
					"texture": "#0"
				},
				"south": {
					"uv": [
						12,
						9.9375,
						12.125,
						10
					],
					"texture": "#0"
				},
				"west": {
					"uv": [
						8.5625,
						7.4375,
						9.9375,
						7.5
					],
					"texture": "#0"
				},
				"up": {
					"uv": [
						3.4375,
						8.0625,
						3.3125,
						6.6875
					],
					"texture": "#0"
				},
				"down": {
					"uv": [
						3.625,
						6.6875,
						3.5,
						8.0625
					],
					"texture": "#0"
				}
			}
		},
		{
			"from": [
				18.477996752548645,
				9.061237706090008,
				7.56341680197714
			],
			"to": [
				19.351163148594367,
				9.497820904112869,
				17.168247158480064
			],
			"rotation": {
				"angle": 0,
				"axis": "y",
				"origin": [
					11.492665584182882,
					15.500839876927195,
					8.87316639604572
				]
			},
			"faces": {
				"north": {
					"uv": [
						1.5625,
						10.625,
						1.6875,
						10.6875
					],
					"texture": "#0"
				},
				"east": {
					"uv": [
						8.5625,
						2.375,
						9.9375,
						2.4375
					],
					"texture": "#0"
				},
				"south": {
					"uv": [
						12,
						9.8125,
						12.125,
						9.875
					],
					"texture": "#0"
				},
				"west": {
					"uv": [
						8.5625,
						2.5,
						9.9375,
						2.5625
					],
					"texture": "#0"
				},
				"up": {
					"uv": [
						3.0625,
						8.0625,
						2.9375,
						6.6875
					],
					"texture": "#0"
				},
				"down": {
					"uv": [
						3.25,
						6.6875,
						3.125,
						8.0625
					],
					"texture": "#0"
				}
			}
		},
		{
			"from": [
				18.477996752548645,
				9.712602374212194,
				12.191809917496691
			],
			"to": [
				19.351163148594367,
				10.32993101621652,
				12.62839311551955
			],
			"rotation": {
				"angle": 45,
				"axis": "x",
				"origin": [
					11.492665584182882,
					15.500839876927195,
					8.87316639604572
				]
			},
			"faces": {
				"north": {
					"uv": [
						10.6875,
						12,
						10.8125,
						12.0625
					],
					"texture": "#0"
				},
				"east": {
					"uv": [
						9.3125,
						0.375,
						9.375,
						0.4375
					],
					"texture": "#0"
				},
				"south": {
					"uv": [
						12,
						10.75,
						12.125,
						10.8125
					],
					"texture": "#0"
				},
				"west": {
					"uv": [
						2.8125,
						9.9375,
						2.875,
						10
					],
					"texture": "#0"
				},
				"up": {
					"uv": [
						11,
						12.0625,
						10.875,
						12
					],
					"texture": "#0"
				},
				"down": {
					"uv": [
						12.125,
						10.875,
						12,
						10.9375
					],
					"texture": "#0"
				}
			}
		},
		{
			"from": [
				3.6341680197713977,
				7.314904913998568,
				17.168247158480064
			],
			"to": [
				4.507334415817118,
				9.061237706090008,
				17.604830356502923
			],
			"rotation": {
				"angle": 0,
				"axis": "y",
				"origin": [
					11.492665584182882,
					15.500839876927195,
					8.87316639604572
				]
			},
			"faces": {
				"north": {
					"uv": [
						8.9375,
						10.75,
						9.0625,
						11
					],
					"texture": "#0"
				},
				"east": {
					"uv": [
						3.875,
						11.1875,
						3.9375,
						11.4375
					],
					"texture": "#0"
				},
				"south": {
					"uv": [
						9.125,
						10.75,
						9.25,
						11
					],
					"texture": "#0"
				},
				"west": {
					"uv": [
						11.1875,
						4.375,
						11.25,
						4.625
					],
					"texture": "#0"
				},
				"up": {
					"uv": [
						12.125,
						11.0625,
						12,
						11
					],
					"texture": "#0"
				},
				"down": {
					"uv": [
						11.1875,
						12,
						11.0625,
						12.0625
					],
					"texture": "#0"
				}
			}
		},
		{
			"from": [
				3.6341680197713977,
				4.77322668090898,
				10.057315369875104
			],
			"to": [
				4.507334415817118,
				5.390555322913306,
				10.493898567897965
			],
			"rotation": {
				"angle": -45,
				"axis": "x",
				"origin": [
					11.492665584182882,
					15.500839876927195,
					8.87316639604572
				]
			},
			"faces": {
				"north": {
					"uv": [
						12,
						11.125,
						12.125,
						11.1875
					],
					"texture": "#0"
				},
				"east": {
					"uv": [
						7.5625,
						10.125,
						7.625,
						10.1875
					],
					"texture": "#0"
				},
				"south": {
					"uv": [
						11.25,
						12,
						11.375,
						12.0625
					],
					"texture": "#0"
				},
				"west": {
					"uv": [
						4.9375,
						10.3125,
						5,
						10.375
					],
					"texture": "#0"
				},
				"up": {
					"uv": [
						12.125,
						11.3125,
						12,
						11.25
					],
					"texture": "#0"
				},
				"down": {
					"uv": [
						12.125,
						11.375,
						12,
						11.4375
					],
					"texture": "#0"
				}
			}
		},
		{
			"from": [
				3.6341680197713977,
				9.095182049736286,
				11.574385227188802
			],
			"to": [
				4.507334415817118,
				9.71251069174061,
				12.010968425211662
			],
			"rotation": {
				"angle": 45,
				"axis": "x",
				"origin": [
					11.492665584182882,
					15.500839876927195,
					8.87316639604572
				]
			},
			"faces": {
				"north": {
					"uv": [
						11.4375,
						12,
						11.5625,
						12.0625
					],
					"texture": "#0"
				},
				"east": {
					"uv": [
						10.375,
						4.3125,
						10.4375,
						4.375
					],
					"texture": "#0"
				},
				"south": {
					"uv": [
						12,
						11.5,
						12.125,
						11.5625
					],
					"texture": "#0"
				},
				"west": {
					"uv": [
						7,
						10.4375,
						7.0625,
						10.5
					],
					"texture": "#0"
				},
				"up": {
					"uv": [
						11.75,
						12.0625,
						11.625,
						12
					],
					"texture": "#0"
				},
				"down": {
					"uv": [
						12.1875,
						0,
						12.0625,
						0.0625
					],
					"texture": "#0"
				}
			}
		},
		{
			"from": [
				3.6341680197713977,
				9.061237706090008,
				6.690250405931419
			],
			"to": [
				4.507334415817118,
				9.497820904112869,
				17.168247158480064
			],
			"rotation": {
				"angle": 0,
				"axis": "y",
				"origin": [
					11.492665584182882,
					15.500839876927195,
					8.87316639604572
				]
			},
			"faces": {
				"north": {
					"uv": [
						12.0625,
						0.125,
						12.1875,
						0.1875
					],
					"texture": "#0"
				},
				"east": {
					"uv": [
						8,
						2.8125,
						9.5,
						2.875
					],
					"texture": "#0"
				},
				"south": {
					"uv": [
						12.0625,
						0.25,
						12.1875,
						0.3125
					],
					"texture": "#0"
				},
				"west": {
					"uv": [
						8.1875,
						0.75,
						9.6875,
						0.8125
					],
					"texture": "#0"
				},
				"up": {
					"uv": [
						5.5,
						8.125,
						5.375,
						6.625
					],
					"texture": "#0"
				},
				"down": {
					"uv": [
						5.6875,
						6.625,
						5.5625,
						8.125
					],
					"texture": "#0"
				}
			}
		},
		{
			"from": [
				3.6341680197713977,
				7.751488112021428,
				6.690250405931419
			],
			"to": [
				4.507334415817118,
				8.188071310044288,
				17.168247158480064
			],
			"rotation": {
				"angle": 0,
				"axis": "y",
				"origin": [
					11.492665584182882,
					15.500839876927195,
					8.87316639604572
				]
			},
			"faces": {
				"north": {
					"uv": [
						12.0625,
						0.375,
						12.1875,
						0.4375
					],
					"texture": "#0"
				},
				"east": {
					"uv": [
						8.1875,
						0.875,
						9.6875,
						0.9375
					],
					"texture": "#0"
				},
				"south": {
					"uv": [
						1,
						12.0625,
						1.125,
						12.125
					],
					"texture": "#0"
				},
				"west": {
					"uv": [
						8.1875,
						1,
						9.6875,
						1.0625
					],
					"texture": "#0"
				},
				"up": {
					"uv": [
						5.875,
						8.125,
						5.75,
						6.625
					],
					"texture": "#0"
				},
				"down": {
					"uv": [
						6.0625,
						6.625,
						5.9375,
						8.125
					],
					"texture": "#0"
				}
			}
		},
		{
			"from": [
				21.52804119308001,
				15.630985328257811,
				-0.7316639604572046
			],
			"to": [
				23.49266558418288,
				16.504151724303533,
				0.14150243558851638
			],
			"rotation": {
				"angle": -45,
				"axis": "z",
				"origin": [
					11.492665584182882,
					15.500839876927195,
					8.87316639604572
				]
			},
			"faces": {
				"north": {
					"uv": [
						10.375,
						10,
						10.6875,
						10.125
					],
					"texture": "#0"
				},
				"east": {
					"uv": [
						11.5,
						0,
						11.625,
						0.125
					],
					"texture": "#0"
				},
				"south": {
					"uv": [
						10.0625,
						10.375,
						10.375,
						10.5
					],
					"texture": "#0"
				},
				"west": {
					"uv": [
						0.125,
						11.5,
						0.25,
						11.625
					],
					"texture": "#0"
				},
				"up": {
					"uv": [
						0.3125,
						10.5625,
						0,
						10.4375
					],
					"texture": "#0"
				},
				"down": {
					"uv": [
						0.6875,
						10.4375,
						0.375,
						10.5625
					],
					"texture": "#0"
				}
			}
		},
		{
			"from": [
				16.784630234041337,
				8.241037583628422,
				-0.7316639604572046
			],
			"to": [
				19.294983622672785,
				9.114203979674143,
				0.14150243558851638
			],
			"rotation": {
				"angle": 0,
				"axis": "y",
				"origin": [
					11.492665584182882,
					15.500839876927195,
					8.87316639604572
				]
			},
			"faces": {
				"north": {
					"uv": [
						10,
						7.375,
						10.375,
						7.5
					],
					"texture": "#0"
				},
				"east": {
					"uv": [
						11.4375,
						10.875,
						11.5625,
						11
					],
					"texture": "#0"
				},
				"south": {
					"uv": [
						9.0625,
						10,
						9.4375,
						10.125
					],
					"texture": "#0"
				},
				"west": {
					"uv": [
						11.4375,
						11.0625,
						11.5625,
						11.1875
					],
					"texture": "#0"
				},
				"up": {
					"uv": [
						10.375,
						9.5,
						10,
						9.375
					],
					"texture": "#0"
				},
				"down": {
					"uv": [
						9.875,
						10,
						9.5,
						10.125
					],
					"texture": "#0"
				}
			}
		},
		{
			"from": [
				16.784630234041337,
				9.114203979674143,
				-0.7316639604572046
			],
			"to": [
				17.65779663008706,
				11.187974170282727,
				0.14150243558851638
			],
			"rotation": {
				"angle": 0,
				"axis": "y",
				"origin": [
					11.492665584182882,
					15.500839876927195,
					8.87316639604572
				]
			},
			"faces": {
				"north": {
					"uv": [
						3.4375,
						10.5,
						3.5625,
						10.8125
					],
					"texture": "#0"
				},
				"east": {
					"uv": [
						8.125,
						10.5,
						8.25,
						10.8125
					],
					"texture": "#0"
				},
				"south": {
					"uv": [
						8.3125,
						10.5,
						8.4375,
						10.8125
					],
					"texture": "#0"
				},
				"west": {
					"uv": [
						10.5,
						8.875,
						10.625,
						9.1875
					],
					"texture": "#0"
				},
				"up": {
					"uv": [
						11.25,
						11.6875,
						11.125,
						11.5625
					],
					"texture": "#0"
				},
				"down": {
					"uv": [
						11.6875,
						11.25,
						11.5625,
						11.375
					],
					"texture": "#0"
				}
			}
		},
		{
			"from": [
				14.985331168365764,
				7.314904913998568,
				-0.7316639604572046
			],
			"to": [
				15.858497564411483,
				8.188071310044288,
				0.14150243558851638
			],
			"rotation": {
				"angle": 0,
				"axis": "y",
				"origin": [
					11.492665584182882,
					15.500839876927195,
					8.87316639604572
				]
			},
			"faces": {
				"north": {
					"uv": [
						11.4375,
						7.25,
						11.5625,
						7.375
					],
					"texture": "#0"
				},
				"east": {
					"uv": [
						8.8125,
						11.4375,
						8.9375,
						11.5625
					],
					"texture": "#0"
				},
				"south": {
					"uv": [
						11.4375,
						9,
						11.5625,
						9.125
					],
					"texture": "#0"
				},
				"west": {
					"uv": [
						11.4375,
						9.1875,
						11.5625,
						9.3125
					],
					"texture": "#0"
				},
				"up": {
					"uv": [
						11.5625,
						10.625,
						11.4375,
						10.5
					],
					"texture": "#0"
				},
				"down": {
					"uv": [
						11.5625,
						10.6875,
						11.4375,
						10.8125
					],
					"texture": "#0"
				}
			}
		},
		{
			"from": [
				14.985331168365764,
				12.11732009225003,
				-0.7316639604572046
			],
			"to": [
				15.858497564411483,
				12.990486488295751,
				0.14150243558851638
			],
			"rotation": {
				"angle": 0,
				"axis": "y",
				"origin": [
					11.492665584182882,
					15.500839876927195,
					8.87316639604572
				]
			},
			"faces": {
				"north": {
					"uv": [
						9.375,
						11.5625,
						9.5,
						11.6875
					],
					"texture": "#0"
				},
				"east": {
					"uv": [
						11.5625,
						9.9375,
						11.6875,
						10.0625
					],
					"texture": "#0"
				},
				"south": {
					"uv": [
						10,
						11.5625,
						10.125,
						11.6875
					],
					"texture": "#0"
				},
				"west": {
					"uv": [
						10.1875,
						11.5625,
						10.3125,
						11.6875
					],
					"texture": "#0"
				},
				"up": {
					"uv": [
						10.5,
						11.6875,
						10.375,
						11.5625
					],
					"texture": "#0"
				},
				"down": {
					"uv": [
						10.6875,
						11.5625,
						10.5625,
						11.6875
					],
					"texture": "#0"
				}
			}
		},
		{
			"from": [
				16.354862099739613,
				15.939693307579777,
				-0.7316639604572046
			],
			"to": [
				18.908873808173347,
				16.8128597036255,
				0.14150243558851638
			],
			"rotation": {
				"angle": -45,
				"axis": "z",
				"origin": [
					11.492665584182882,
					15.500839876927195,
					8.87316639604572
				]
			},
			"faces": {
				"north": {
					"uv": [
						10.1875,
						6.6875,
						10.5625,
						6.8125
					],
					"texture": "#0"
				},
				"east": {
					"uv": [
						10.75,
						11.5625,
						10.875,
						11.6875
					],
					"texture": "#0"
				},
				"south": {
					"uv": [
						8.9375,
						10.1875,
						9.3125,
						10.3125
					],
					"texture": "#0"
				},
				"west": {
					"uv": [
						10.9375,
						11.5625,
						11.0625,
						11.6875
					],
					"texture": "#0"
				},
				"up": {
					"uv": [
						9.75,
						10.3125,
						9.375,
						10.1875
					],
					"texture": "#0"
				},
				"down": {
					"uv": [
						10.1875,
						10.1875,
						9.8125,
						10.3125
					],
					"texture": "#0"
				}
			}
		},
		{
			"from": [
				5.327534538278705,
				9.114203979674143,
				-0.7316639604572046
			],
			"to": [
				6.200700934324425,
				11.187974170282727,
				0.14150243558851638
			],
			"rotation": {
				"angle": 0,
				"axis": "y",
				"origin": [
					11.492665584182882,
					15.500839876927195,
					8.87316639604572
				]
			},
			"faces": {
				"north": {
					"uv": [
						2.3125,
						10.5625,
						2.4375,
						10.875
					],
					"texture": "#0"
				},
				"east": {
					"uv": [
						2.5,
						10.5625,
						2.625,
						10.875
					],
					"texture": "#0"
				},
				"south": {
					"uv": [
						10.5625,
						3.25,
						10.6875,
						3.5625
					],
					"texture": "#0"
				},
				"west": {
					"uv": [
						10.5625,
						3.75,
						10.6875,
						4.0625
					],
					"texture": "#0"
				},
				"up": {
					"uv": [
						11.75,
						3,
						11.625,
						2.875
					],
					"texture": "#0"
				},
				"down": {
					"uv": [
						3.1875,
						11.625,
						3.0625,
						11.75
					],
					"texture": "#0"
				}
			}
		},
		{
			"from": [
				4.076457360192416,
				15.939693307579777,
				-0.7316639604572046
			],
			"to": [
				6.63046906862615,
				16.8128597036255,
				0.14150243558851638
			],
			"rotation": {
				"angle": 45,
				"axis": "z",
				"origin": [
					11.492665584182882,
					15.500839876927195,
					8.87316639604572
				]
			},
			"faces": {
				"north": {
					"uv": [
						0,
						10.25,
						0.375,
						10.375
					],
					"texture": "#0"
				},
				"east": {
					"uv": [
						2,
						11.625,
						2.125,
						11.75
					],
					"texture": "#0"
				},
				"south": {
					"uv": [
						0.4375,
						10.25,
						0.8125,
						10.375
					],
					"texture": "#0"
				},
				"west": {
					"uv": [
						2.1875,
						11.625,
						2.3125,
						11.75
					],
					"texture": "#0"
				},
				"up": {
					"uv": [
						10.625,
						0.75,
						10.25,
						0.625
					],
					"texture": "#0"
				},
				"down": {
					"uv": [
						10.625,
						0.8125,
						10.25,
						0.9375
					],
					"texture": "#0"
				}
			}
		},
		{
			"from": [
				7.12683360395428,
				12.11732009225003,
				-0.7316639604572046
			],
			"to": [
				8,
				12.990486488295751,
				0.14150243558851638
			],
			"rotation": {
				"angle": 0,
				"axis": "y",
				"origin": [
					11.492665584182882,
					15.500839876927195,
					8.87316639604572
				]
			},
			"faces": {
				"north": {
					"uv": [
						11.3125,
						11.5625,
						11.4375,
						11.6875
					],
					"texture": "#0"
				},
				"east": {
					"uv": [
						11.5625,
						11.4375,
						11.6875,
						11.5625
					],
					"texture": "#0"
				},
				"south": {
					"uv": [
						11.625,
						1.3125,
						11.75,
						1.4375
					],
					"texture": "#0"
				},
				"west": {
					"uv": [
						1.4375,
						11.625,
						1.5625,
						11.75
					],
					"texture": "#0"
				},
				"up": {
					"uv": [
						1.75,
						11.75,
						1.625,
						11.625
					],
					"texture": "#0"
				},
				"down": {
					"uv": [
						1.9375,
						11.625,
						1.8125,
						11.75
					],
					"texture": "#0"
				}
			}
		},
		{
			"from": [
				8.75399228048142,
				6.369654266127292,
				-0.7316639604572046
			],
			"to": [
				10.718616671584291,
				7.242820662173013,
				0.14150243558851638
			],
			"rotation": {
				"angle": 45,
				"axis": "z",
				"origin": [
					11.492665584182882,
					15.500839876927195,
					8.87316639604572
				]
			},
			"faces": {
				"north": {
					"uv": [
						10.375,
						6.375,
						10.6875,
						6.5
					],
					"texture": "#0"
				},
				"east": {
					"uv": [
						11.4375,
						6.875,
						11.5625,
						7
					],
					"texture": "#0"
				},
				"south": {
					"uv": [
						9.3125,
						10.375,
						9.625,
						10.5
					],
					"texture": "#0"
				},
				"west": {
					"uv": [
						11.4375,
						7.0625,
						11.5625,
						7.1875
					],
					"texture": "#0"
				},
				"up": {
					"uv": [
						10.6875,
						9.6875,
						10.375,
						9.5625
					],
					"texture": "#0"
				},
				"down": {
					"uv": [
						10,
						10.375,
						9.6875,
						10.5
					],
					"texture": "#0"
				}
			}
		},
		{
			"from": [
				7.989971683941414,
				6.369654266127292,
				17.604830356502923
			],
			"to": [
				10.718616671584291,
				7.242820662173013,
				18.477996752548645
			],
			"rotation": {
				"angle": 45,
				"axis": "z",
				"origin": [
					11.492665584182882,
					15.500839876927195,
					8.87316639604572
				]
			},
			"faces": {
				"north": {
					"uv": [
						10.0625,
						4.4375,
						10.4375,
						4.5625
					],
					"texture": "#0"
				},
				"east": {
					"uv": [
						11.5,
						7.4375,
						11.625,
						7.5625
					],
					"texture": "#0"
				},
				"south": {
					"uv": [
						6.5,
						10.0625,
						6.875,
						10.1875
					],
					"texture": "#0"
				},
				"west": {
					"uv": [
						11.5,
						7.625,
						11.625,
						7.75
					],
					"texture": "#0"
				},
				"up": {
					"uv": [
						10.4375,
						9,
						10.0625,
						8.875
					],
					"texture": "#0"
				},
				"down": {
					"uv": [
						10.4375,
						9.0625,
						10.0625,
						9.1875
					],
					"texture": "#0"
				}
			}
		},
		{
			"from": [
				16.784630234041337,
				8.241037583628422,
				17.604830356502923
			],
			"to": [
				19.294983622672785,
				9.114203979674143,
				18.477996752548645
			],
			"rotation": {
				"angle": 0,
				"axis": "y",
				"origin": [
					11.492665584182882,
					15.500839876927195,
					8.87316639604572
				]
			},
			"faces": {
				"north": {
					"uv": [
						9.9375,
						10,
						10.3125,
						10.125
					],
					"texture": "#0"
				},
				"east": {
					"uv": [
						11.5,
						6.25,
						11.625,
						6.375
					],
					"texture": "#0"
				},
				"south": {
					"uv": [
						0,
						10.0625,
						0.375,
						10.1875
					],
					"texture": "#0"
				},
				"west": {
					"uv": [
						11.5,
						6.4375,
						11.625,
						6.5625
					],
					"texture": "#0"
				},
				"up": {
					"uv": [
						1.3125,
						10.1875,
						0.9375,
						10.0625
					],
					"texture": "#0"
				},
				"down": {
					"uv": [
						3.1875,
						10.0625,
						2.8125,
						10.1875
					],
					"texture": "#0"
				}
			}
		},
		{
			"from": [
				21.52804119308001,
				15.630985328257811,
				17.604830356502923
			],
			"to": [
				23.49266558418288,
				16.504151724303533,
				18.477996752548645
			],
			"rotation": {
				"angle": -45,
				"axis": "z",
				"origin": [
					11.492665584182882,
					15.500839876927195,
					8.87316639604572
				]
			},
			"faces": {
				"north": {
					"uv": [
						10.4375,
						7.3125,
						10.75,
						7.4375
					],
					"texture": "#0"
				},
				"east": {
					"uv": [
						5.375,
						11.5,
						5.5,
						11.625
					],
					"texture": "#0"
				},
				"south": {
					"uv": [
						10.4375,
						9.375,
						10.75,
						9.5
					],
					"texture": "#0"
				},
				"west": {
					"uv": [
						5.5625,
						11.5,
						5.6875,
						11.625
					],
					"texture": "#0"
				},
				"up": {
					"uv": [
						10.75,
						10.5,
						10.4375,
						10.375
					],
					"texture": "#0"
				},
				"down": {
					"uv": [
						10.8125,
						0.1875,
						10.5,
						0.3125
					],
					"texture": "#0"
				}
			}
		},
		{
			"from": [
				-0.5073344158171196,
				15.630985328257811,
				17.604830356502923
			],
			"to": [
				1.457289975285752,
				16.504151724303533,
				18.477996752548645
			],
			"rotation": {
				"angle": 45,
				"axis": "z",
				"origin": [
					11.492665584182882,
					15.500839876927195,
					8.87316639604572
				]
			},
			"faces": {
				"north": {
					"uv": [
						10.5,
						0.375,
						10.8125,
						0.5
					],
					"texture": "#0"
				},
				"east": {
					"uv": [
						11.5,
						8.1875,
						11.625,
						8.3125
					],
					"texture": "#0"
				},
				"south": {
					"uv": [
						10.5,
						1.3125,
						10.8125,
						1.4375
					],
					"texture": "#0"
				},
				"west": {
					"uv": [
						11.5,
						8.375,
						11.625,
						8.5
					],
					"texture": "#0"
				},
				"up": {
					"uv": [
						10.8125,
						1.625,
						10.5,
						1.5
					],
					"texture": "#0"
				},
				"down": {
					"uv": [
						3.375,
						10.5,
						3.0625,
						10.625
					],
					"texture": "#0"
				}
			}
		},
		{
			"from": [
				3.690347545692979,
				8.241037583628422,
				17.604830356502923
			],
			"to": [
				6.200700934324425,
				9.114203979674143,
				18.477996752548645
			],
			"rotation": {
				"angle": 0,
				"axis": "y",
				"origin": [
					11.492665584182882,
					15.500839876927195,
					8.87316639604572
				]
			},
			"faces": {
				"north": {
					"uv": [
						10.125,
						3.25,
						10.5,
						3.375
					],
					"texture": "#0"
				},
				"east": {
					"uv": [
						7.9375,
						11.5,
						8.0625,
						11.625
					],
					"texture": "#0"
				},
				"south": {
					"uv": [
						10.125,
						3.4375,
						10.5,
						3.5625
					],
					"texture": "#0"
				},
				"west": {
					"uv": [
						11.5,
						8,
						11.625,
						8.125
					],
					"texture": "#0"
				},
				"up": {
					"uv": [
						4.75,
						10.25,
						4.375,
						10.125
					],
					"texture": "#0"
				},
				"down": {
					"uv": [
						10.5,
						6.9375,
						10.125,
						7.0625
					],
					"texture": "#0"
				}
			}
		},
		{
			"from": [
				12.266714496781471,
				6.369654266127292,
				17.604830356502923
			],
			"to": [
				14.995359484424348,
				7.242820662173013,
				18.477996752548645
			],
			"rotation": {
				"angle": -45,
				"axis": "z",
				"origin": [
					11.492665584182882,
					15.500839876927195,
					8.87316639604572
				]
			},
			"faces": {
				"north": {
					"uv": [
						10.0625,
						9.8125,
						10.4375,
						9.9375
					],
					"texture": "#0"
				},
				"east": {
					"uv": [
						7.75,
						11.5,
						7.875,
						11.625
					],
					"texture": "#0"
				},
				"south": {
					"uv": [
						10.125,
						0,
						10.5,
						0.125
					],
					"texture": "#0"
				},
				"west": {
					"uv": [
						11.5,
						7.8125,
						11.625,
						7.9375
					],
					"texture": "#0"
				},
				"up": {
					"uv": [
						10.5,
						2.8125,
						10.125,
						2.6875
					],
					"texture": "#0"
				},
				"down": {
					"uv": [
						3.625,
						10.125,
						3.25,
						10.25
					],
					"texture": "#0"
				}
			}
		},
		{
			"from": [
				1.8878352276799566,
				8.241037583628422,
				1.0676351052183701
			],
			"to": [
				2.7610016237256776,
				9.114203979674143,
				5.760904483964118
			],
			"rotation": {
				"angle": 0,
				"axis": "y",
				"origin": [
					11.492665584182882,
					15.500839876927195,
					8.87316639604572
				]
			},
			"faces": {
				"north": {
					"uv": [
						2.5,
						11.5,
						2.625,
						11.625
					],
					"texture": "#0"
				},
				"east": {
					"uv": [
						8.625,
						1.125,
						9.3125,
						1.25
					],
					"texture": "#0"
				},
				"south": {
					"uv": [
						11.5,
						3.0625,
						11.625,
						3.1875
					],
					"texture": "#0"
				},
				"west": {
					"uv": [
						1.5625,
						8.625,
						2.25,
						8.75
					],
					"texture": "#0"
				},
				"up": {
					"uv": [
						7.4375,
						9.25,
						7.3125,
						8.5625
					],
					"texture": "#0"
				},
				"down": {
					"uv": [
						7.625,
						8.5625,
						7.5,
						9.25
					],
					"texture": "#0"
				}
			}
		},
		{
			"from": [
				1.8878352276799566,
				7.913211626065036,
				11.190768302750072
			],
			"to": [
				2.7610016237256776,
				8.786378022110757,
				13.155392693852944
			],
			"rotation": {
				"angle": 45,
				"axis": "x",
				"origin": [
					11.492665584182882,
					15.500839876927195,
					8.87316639604572
				]
			},
			"faces": {
				"north": {
					"uv": [
						3.625,
						11.5,
						3.75,
						11.625
					],
					"texture": "#0"
				},
				"east": {
					"uv": [
						4.25,
						10.4375,
						4.5625,
						10.5625
					],
					"texture": "#0"
				},
				"south": {
					"uv": [
						3.8125,
						11.5,
						3.9375,
						11.625
					],
					"texture": "#0"
				},
				"west": {
					"uv": [
						10.4375,
						5.5625,
						10.75,
						5.6875
					],
					"texture": "#0"
				},
				"up": {
					"uv": [
						5.0625,
						10.75,
						4.9375,
						10.4375
					],
					"texture": "#0"
				},
				"down": {
					"uv": [
						6.5625,
						10.4375,
						6.4375,
						10.75
					],
					"texture": "#0"
				}
			}
		},
		{
			"from": [
				1.8878352276799566,
				7.314904913998568,
				6.362813007414275
			],
			"to": [
				2.7610016237256776,
				8.188071310044288,
				11.383519784677166
			],
			"rotation": {
				"angle": 0,
				"axis": "y",
				"origin": [
					11.492665584182882,
					15.500839876927195,
					8.87316639604572
				]
			},
			"faces": {
				"north": {
					"uv": [
						4.1875,
						11.5,
						4.3125,
						11.625
					],
					"texture": "#0"
				},
				"east": {
					"uv": [
						8.5625,
						2,
						9.3125,
						2.125
					],
					"texture": "#0"
				},
				"south": {
					"uv": [
						4.375,
						11.5,
						4.5,
						11.625
					],
					"texture": "#0"
				},
				"west": {
					"uv": [
						8.5625,
						2.1875,
						9.3125,
						2.3125
					],
					"texture": "#0"
				},
				"up": {
					"uv": [
						0.75,
						9.3125,
						0.625,
						8.5625
					],
					"texture": "#0"
				},
				"down": {
					"uv": [
						0.9375,
						8.5625,
						0.8125,
						9.3125
					],
					"texture": "#0"
				}
			}
		},
		{
			"from": [
				1.8878352276799566,
				7.913211626065036,
				4.590940098238496
			],
			"to": [
				2.7610016237256776,
				8.786378022110757,
				6.555564489341367
			],
			"rotation": {
				"angle": -45,
				"axis": "x",
				"origin": [
					11.492665584182882,
					15.500839876927195,
					8.87316639604572
				]
			},
			"faces": {
				"north": {
					"uv": [
						11.5,
						4.5,
						11.625,
						4.625
					],
					"texture": "#0"
				},
				"east": {
					"uv": [
						10.4375,
						5.75,
						10.75,
						5.875
					],
					"texture": "#0"
				},
				"south": {
					"uv": [
						11.5,
						4.6875,
						11.625,
						4.8125
					],
					"texture": "#0"
				},
				"west": {
					"uv": [
						6.625,
						10.4375,
						6.9375,
						10.5625
					],
					"texture": "#0"
				},
				"up": {
					"uv": [
						7.6875,
						10.75,
						7.5625,
						10.4375
					],
					"texture": "#0"
				},
				"down": {
					"uv": [
						7.875,
						10.4375,
						7.75,
						10.75
					],
					"texture": "#0"
				}
			}
		},
		{
			"from": [
				1.8878352276799566,
				8.241037583628422,
				11.982215055789876
			],
			"to": [
				2.7610016237256776,
				9.114203979674143,
				16.67548443453562
			],
			"rotation": {
				"angle": 0,
				"axis": "y",
				"origin": [
					11.492665584182882,
					15.500839876927195,
					8.87316639604572
				]
			},
			"faces": {
				"north": {
					"uv": [
						4.8125,
						11.5,
						4.9375,
						11.625
					],
					"texture": "#0"
				},
				"east": {
					"uv": [
						8.6875,
						2.9375,
						9.375,
						3.0625
					],
					"texture": "#0"
				},
				"south": {
					"uv": [
						5,
						11.5,
						5.125,
						11.625
					],
					"texture": "#0"
				},
				"west": {
					"uv": [
						8.6875,
						3.125,
						9.375,
						3.25
					],
					"texture": "#0"
				},
				"up": {
					"uv": [
						2.4375,
						9.3125,
						2.3125,
						8.625
					],
					"texture": "#0"
				},
				"down": {
					"uv": [
						2.625,
						8.625,
						2.5,
						9.3125
					],
					"texture": "#0"
				}
			}
		},
		{
			"from": [
				20.224329544640085,
				7.314904913998568,
				6.362813007414275
			],
			"to": [
				21.097495940685807,
				8.188071310044288,
				11.383519784677166
			],
			"rotation": {
				"angle": 0,
				"axis": "y",
				"origin": [
					11.492665584182882,
					15.500839876927195,
					8.87316639604572
				]
			},
			"faces": {
				"north": {
					"uv": [
						11.5,
						1.125,
						11.625,
						1.25
					],
					"texture": "#0"
				},
				"east": {
					"uv": [
						8.4375,
						7.25,
						9.1875,
						7.375
					],
					"texture": "#0"
				},
				"south": {
					"uv": [
						1.25,
						11.5,
						1.375,
						11.625
					],
					"texture": "#0"
				},
				"west": {
					"uv": [
						8.5,
						0.3125,
						9.25,
						0.4375
					],
					"texture": "#0"
				},
				"up": {
					"uv": [
						4.3125,
						9.25,
						4.1875,
						8.5
					],
					"texture": "#0"
				},
				"down": {
					"uv": [
						0.5625,
						8.5625,
						0.4375,
						9.3125
					],
					"texture": "#0"
				}
			}
		},
		{
			"from": [
				20.224329544640085,
				7.314904913998568,
				-0.7316639604572046
			],
			"to": [
				21.097495940685807,
				8.188071310044288,
				0.14150243558851638
			],
			"rotation": {
				"angle": 0,
				"axis": "y",
				"origin": [
					11.492665584182882,
					15.500839876927195,
					8.87316639604572
				]
			},
			"faces": {
				"north": {
					"uv": [
						11.4375,
						5.4375,
						11.5625,
						5.5625
					],
					"texture": "#0"
				},
				"east": {
					"uv": [
						11.4375,
						5.625,
						11.5625,
						5.75
					],
					"texture": "#0"
				},
				"south": {
					"uv": [
						5.875,
						11.4375,
						6,
						11.5625
					],
					"texture": "#0"
				},
				"west": {
					"uv": [
						6.0625,
						11.4375,
						6.1875,
						11.5625
					],
					"texture": "#0"
				},
				"up": {
					"uv": [
						11.5625,
						6.1875,
						11.4375,
						6.0625
					],
					"texture": "#0"
				},
				"down": {
					"uv": [
						11.5625,
						6.6875,
						11.4375,
						6.8125
					],
					"texture": "#0"
				}
			}
		},
		{
			"from": [
				3.690347545692979,
				8.241037583628422,
				-0.7316639604572046
			],
			"to": [
				6.200700934324425,
				9.114203979674143,
				0.14150243558851638
			],
			"rotation": {
				"angle": 0,
				"axis": "y",
				"origin": [
					11.492665584182882,
					15.500839876927195,
					8.87316639604572
				]
			},
			"faces": {
				"north": {
					"uv": [
						9.9375,
						9.625,
						10.3125,
						9.75
					],
					"texture": "#0"
				},
				"east": {
					"uv": [
						6.25,
						11.375,
						6.375,
						11.5
					],
					"texture": "#0"
				},
				"south": {
					"uv": [
						10,
						2.5,
						10.375,
						2.625
					],
					"texture": "#0"
				},
				"west": {
					"uv": [
						6.4375,
						11.375,
						6.5625,
						11.5
					],
					"texture": "#0"
				},
				"up": {
					"uv": [
						10.375,
						5.75,
						10,
						5.625
					],
					"texture": "#0"
				},
				"down": {
					"uv": [
						10.375,
						5.8125,
						10,
						5.9375
					],
					"texture": "#0"
				}
			}
		},
		{
			"from": [
				3.6341680197713977,
				7.314904913998568,
				6.253667207908559
			],
			"to": [
				4.507334415817118,
				9.061237706090008,
				6.690250405931419
			],
			"rotation": {
				"angle": 0,
				"axis": "y",
				"origin": [
					11.492665584182882,
					15.500839876927195,
					8.87316639604572
				]
			},
			"faces": {
				"north": {
					"uv": [
						10.75,
						9.5625,
						10.875,
						9.8125
					],
					"texture": "#0"
				},
				"east": {
					"uv": [
						7.8125,
						11.1875,
						7.875,
						11.4375
					],
					"texture": "#0"
				},
				"south": {
					"uv": [
						10.75,
						9.875,
						10.875,
						10.125
					],
					"texture": "#0"
				},
				"west": {
					"uv": [
						11.1875,
						9.8125,
						11.25,
						10.0625
					],
					"texture": "#0"
				},
				"up": {
					"uv": [
						12.1875,
						1.0625,
						12.0625,
						1
					],
					"texture": "#0"
				},
				"down": {
					"uv": [
						12.1875,
						1.125,
						12.0625,
						1.1875
					],
					"texture": "#0"
				}
			}
		},
		{
			"from": [
				18.477996752548645,
				4.77322668090898,
				10.057315369875104
			],
			"to": [
				19.351163148594367,
				5.390555322913306,
				10.493898567897965
			],
			"rotation": {
				"angle": -45,
				"axis": "x",
				"origin": [
					11.492665584182882,
					15.500839876927195,
					8.87316639604572
				]
			},
			"faces": {
				"north": {
					"uv": [
						12,
						10.375,
						12.125,
						10.4375
					],
					"texture": "#0"
				},
				"east": {
					"uv": [
						2.9375,
						6.5625,
						3,
						6.625
					],
					"texture": "#0"
				},
				"south": {
					"uv": [
						10.5,
						12,
						10.625,
						12.0625
					],
					"texture": "#0"
				},
				"west": {
					"uv": [
						8.625,
						1.3125,
						8.6875,
						1.375
					],
					"texture": "#0"
				},
				"up": {
					"uv": [
						12.125,
						10.5625,
						12,
						10.5
					],
					"texture": "#0"
				},
				"down": {
					"uv": [
						12.125,
						10.625,
						12,
						10.6875
					],
					"texture": "#0"
				}
			}
		},
		{
			"from": [
				18.477996752548645,
				7.314904913998568,
				17.168247158480064
			],
			"to": [
				19.351163148594367,
				9.061237706090008,
				17.604830356502923
			],
			"rotation": {
				"angle": 0,
				"axis": "y",
				"origin": [
					11.492665584182882,
					15.500839876927195,
					8.87316639604572
				]
			},
			"faces": {
				"north": {
					"uv": [
						7.9375,
						10.625,
						8.0625,
						10.875
					],
					"texture": "#0"
				},
				"east": {
					"uv": [
						2.5625,
						11.1875,
						2.625,
						11.4375
					],
					"texture": "#0"
				},
				"south": {
					"uv": [
						4.75,
						10.6875,
						4.875,
						10.9375
					],
					"texture": "#0"
				},
				"west": {
					"uv": [
						3.0625,
						11.1875,
						3.125,
						11.4375
					],
					"texture": "#0"
				},
				"up": {
					"uv": [
						10.25,
						12.0625,
						10.125,
						12
					],
					"texture": "#0"
				},
				"down": {
					"uv": [
						10.4375,
						12,
						10.3125,
						12.0625
					],
					"texture": "#0"
				}
			}
		},
		{
			"from": [
				7.991268336039543,
				6.441738517952847,
				-1.613562020463382
			],
			"to": [
				14.994062832326222,
				12.999218152256208,
				5.480914947408097
			],
			"rotation": {
				"angle": 0,
				"axis": "y",
				"origin": [
					11.492665584182882,
					15.500839876927195,
					8.87316639604572
				]
			},
			"faces": {
				"north": {
					"uv": [
						5.1875,
						5.625,
						6.1875,
						6.5625
					],
					"texture": "#0"
				},
				"east": {
					"uv": [
						5.875,
						0,
						6.875,
						0.9375
					],
					"texture": "#0"
				},
				"south": {
					"uv": [
						5.875,
						1,
						6.875,
						1.9375
					],
					"texture": "#0"
				},
				"west": {
					"uv": [
						5.875,
						2,
						6.875,
						2.9375
					],
					"texture": "#0"
				},
				"up": {
					"uv": [
						4.0625,
						6.625,
						3.0625,
						5.625
					],
					"texture": "#0"
				},
				"down": {
					"uv": [
						5.125,
						5.625,
						4.125,
						6.625
					],
					"texture": "#0"
				}
			}
		}
	],
	"display": {
		"head": {
			"rotation": [
				0,
				180,
				0
			]
		}
	}
}