{
	"textures": {
		"0": "expansion:structures/assembler/assembler"
	},
	"elements": [
		{
			"from": [
				7.500029999999999,
				6.75,
				6.5
			],
			"to": [
				8.500029999999999,
				9.25,
				9.5
			],
			"rotation": {
				"angle": 0,
				"axis": "y",
				"origin": [
					-1.5262000000000011,
					-6.72395,
					2
				]
			},
			"faces": {
				"north": {
					"uv": [
						4.5,
						11.875,
						4.5625,
						12.0625
					],
					"texture": "#0"
				},
				"east": {
					"uv": [
						10.75,
						1.9375,
						10.9375,
						2.125
					],
					"texture": "#0"
				},
				"south": {
					"uv": [
						4.625,
						11.875,
						4.6875,
						12.0625
					],
					"texture": "#0"
				},
				"west": {
					"uv": [
						2.0625,
						10.75,
						2.25,
						10.9375
					],
					"texture": "#0"
				},
				"up": {
					"uv": [
						5.1875,
						12.0625,
						5.125,
						11.875
					],
					"texture": "#0"
				},
				"down": {
					"uv": [
						5.3125,
						11.875,
						5.25,
						12.0625
					],
					"texture": "#0"
				}
			}
		},
		{
			"from": [
				8.22598,
				6.8635100000000016,
				6.5
			],
			"to": [
				8.97598,
				7.899049999999999,
				9.5
			],
			"rotation": {
				"angle": -45,
				"axis": "z",
				"origin": [
					8.60098,
					7.38128,
					8
				]
			},
			"faces": {
				"north": {
					"uv": [
						12.3125,
						11.9375,
						12.375,
						12
					],
					"texture": "#0"
				},
				"east": {
					"uv": [
						11.8125,
						8.25,
						12,
						8.3125
					],
					"texture": "#0"
				},
				"south": {
					"uv": [
						12.0625,
						12.3125,
						12.125,
						12.375
					],
					"texture": "#0"
				},
				"west": {
					"uv": [
						11.8125,
						10.125,
						12,
						10.1875
					],
					"texture": "#0"
				},
				"up": {
					"uv": [
						11.9375,
						5.5625,
						11.875,
						5.375
					],
					"texture": "#0"
				},
				"down": {
					"uv": [
						11.9375,
						5.625,
						11.875,
						5.8125
					],
					"texture": "#0"
				}
			}
		},
		{
			"from": [
				8.08321,
				8.24372,
				6.5
			],
			"to": [
				9.118749999999999,
				8.99372,
				9.5
			],
			"rotation": {
				"angle": -45,
				"axis": "z",
				"origin": [
					8.60098,
					8.61872,
					8
				]
			},
			"faces": {
				"north": {
					"uv": [
						0,
						12.375,
						0.0625,
						12.4375
					],
					"texture": "#0"
				},
				"east": {
					"uv": [
						11.875,
						4.3125,
						12.0625,
						4.375
					],
					"texture": "#0"
				},
				"south": {
					"uv": [
						12.375,
						0,
						12.4375,
						0.0625
					],
					"texture": "#0"
				},
				"west": {
					"uv": [
						5.875,
						11.875,
						6.0625,
						11.9375
					],
					"texture": "#0"
				},
				"up": {
					"uv": [
						11.9375,
						6.0625,
						11.875,
						5.875
					],
					"texture": "#0"
				},
				"down": {
					"uv": [
						6.1875,
						11.875,
						6.125,
						12.0625
					],
					"texture": "#0"
				}
			}
		},
		{
			"from": [
				8.482259999999998,
				7.482230000000001,
				6.5
			],
			"to": [
				9.232259999999998,
				8.517769999999999,
				9.5
			],
			"rotation": {
				"angle": 0,
				"axis": "y",
				"origin": [
					8.857259999999998,
					8,
					8
				]
			},
			"faces": {
				"north": {
					"uv": [
						12.375,
						0.125,
						12.4375,
						0.1875
					],
					"texture": "#0"
				},
				"east": {
					"uv": [
						11.875,
						6.125,
						12.0625,
						6.1875
					],
					"texture": "#0"
				},
				"south": {
					"uv": [
						12.375,
						0.25,
						12.4375,
						0.3125
					],
					"texture": "#0"
				},
				"west": {
					"uv": [
						6.25,
						11.875,
						6.4375,
						11.9375
					],
					"texture": "#0"
				},
				"up": {
					"uv": [
						6.5625,
						12.0625,
						6.5,
						11.875
					],
					"texture": "#0"
				},
				"down": {
					"uv": [
						6.6875,
						11.875,
						6.625,
						12.0625
					],
					"texture": "#0"
				}
			}
		},
		{
			"from": [
				7.02408,
				6.8635100000000016,
				6.5
			],
			"to": [
				7.77408,
				7.899049999999999,
				9.5
			],
			"rotation": {
				"angle": 45,
				"axis": "z",
				"origin": [
					7.39908,
					7.38128,
					8
				]
			},
			"faces": {
				"north": {
					"uv": [
						12.375,
						0.375,
						12.4375,
						0.4375
					],
					"texture": "#0"
				},
				"east": {
					"uv": [
						11.875,
						6.625,
						12.0625,
						6.6875
					],
					"texture": "#0"
				},
				"south": {
					"uv": [
						0.5,
						12.375,
						0.5625,
						12.4375
					],
					"texture": "#0"
				},
				"west": {
					"uv": [
						6.75,
						11.875,
						6.9375,
						11.9375
					],
					"texture": "#0"
				},
				"up": {
					"uv": [
						11.9375,
						6.9375,
						11.875,
						6.75
					],
					"texture": "#0"
				},
				"down": {
					"uv": [
						7.0625,
						11.875,
						7,
						12.0625
					],
					"texture": "#0"
				}
			}
		},
		{
			"from": [
				7.250030000000001,
				5,
				7
			],
			"to": [
				8.750029999999999,
				10.5,
				9
			],
			"rotation": {
				"angle": 0,
				"axis": "y",
				"origin": [
					-1.5262000000000011,
					-6.72395,
					2
				]
			},
			"faces": {
				"north": {
					"uv": [
						1.5625,
						10.1875,
						1.6875,
						10.5625
					],
					"texture": "#0"
				},
				"east": {
					"uv": [
						3.6875,
						10.1875,
						3.8125,
						10.5625
					],
					"texture": "#0"
				},
				"south": {
					"uv": [
						3.875,
						10.1875,
						4,
						10.5625
					],
					"texture": "#0"
				},
				"west": {
					"uv": [
						10.1875,
						3.9375,
						10.3125,
						4.3125
					],
					"texture": "#0"
				},
				"up": {
					"uv": [
						6.375,
						11.6875,
						6.25,
						11.5625
					],
					"texture": "#0"
				},
				"down": {
					"uv": [
						6.5625,
						11.5625,
						6.4375,
						11.6875
					],
					"texture": "#0"
				}
			}
		},
		{
			"from": [
				7.750029999999999,
				0,
				7.5
			],
			"to": [
				8.250029999999999,
				2.5,
				8.25
			],
			"rotation": {
				"angle": 0,
				"axis": "y",
				"origin": [
					-1.5262000000000011,
					-6.72395,
					2
				]
			},
			"faces": {
				"north": {
					"uv": [
						11.875,
						10.875,
						11.9375,
						11.0625
					],
					"texture": "#0"
				},
				"east": {
					"uv": [
						11.875,
						11.125,
						11.9375,
						11.3125
					],
					"texture": "#0"
				},
				"south": {
					"uv": [
						11.875,
						11.375,
						11.9375,
						11.5625
					],
					"texture": "#0"
				},
				"west": {
					"uv": [
						11.9375,
						0,
						12,
						0.1875
					],
					"texture": "#0"
				},
				"up": {
					"uv": [
						1.1875,
						12.4375,
						1.125,
						12.375
					],
					"texture": "#0"
				},
				"down": {
					"uv": [
						12.4375,
						1.125,
						12.375,
						1.1875
					],
					"texture": "#0"
				}
			}
		},
		{
			"from": [
				6.881310000000001,
				8.24372,
				6.5
			],
			"to": [
				7.916849999999998,
				8.99372,
				9.5
			],
			"rotation": {
				"angle": 45,
				"axis": "z",
				"origin": [
					7.39908,
					8.61872,
					8
				]
			},
			"faces": {
				"north": {
					"uv": [
						0.625,
						12.375,
						0.6875,
						12.4375
					],
					"texture": "#0"
				},
				"east": {
					"uv": [
						11.875,
						7.25,
						12.0625,
						7.3125
					],
					"texture": "#0"
				},
				"south": {
					"uv": [
						12.375,
						0.75,
						12.4375,
						0.8125
					],
					"texture": "#0"
				},
				"west": {
					"uv": [
						7.5,
						11.875,
						7.6875,
						11.9375
					],
					"texture": "#0"
				},
				"up": {
					"uv": [
						7.1875,
						12.0625,
						7.125,
						11.875
					],
					"texture": "#0"
				},
				"down": {
					"uv": [
						8.1875,
						11.875,
						8.125,
						12.0625
					],
					"texture": "#0"
				}
			}
		},
		{
			"from": [
				7.500029999999999,
				2.5,
				7.25
			],
			"to": [
				8.500029999999999,
				5,
				8.5
			],
			"rotation": {
				"angle": 0,
				"axis": "y",
				"origin": [
					-1.5262000000000011,
					-6.72395,
					2
				]
			},
			"faces": {
				"north": {
					"uv": [
						11.875,
						8.9375,
						11.9375,
						9.125
					],
					"texture": "#0"
				},
				"east": {
					"uv": [
						11.875,
						9.875,
						11.9375,
						10.0625
					],
					"texture": "#0"
				},
				"south": {
					"uv": [
						11.875,
						10.375,
						11.9375,
						10.5625
					],
					"texture": "#0"
				},
				"west": {
					"uv": [
						11.875,
						10.625,
						11.9375,
						10.8125
					],
					"texture": "#0"
				},
				"up": {
					"uv": [
						1.0625,
						12.4375,
						1,
						12.375
					],
					"texture": "#0"
				},
				"down": {
					"uv": [
						12.4375,
						1,
						12.375,
						1.0625
					],
					"texture": "#0"
				}
			}
		},
		{
			"from": [
				6.767799999999999,
				7.482230000000001,
				6.5
			],
			"to": [
				7.517799999999999,
				8.517769999999999,
				9.5
			],
			"rotation": {
				"angle": 0,
				"axis": "y",
				"origin": [
					7.142799999999999,
					8,
					8
				]
			},
			"faces": {
				"north": {
					"uv": [
						0.875,
						12.375,
						0.9375,
						12.4375
					],
					"texture": "#0"
				},
				"east": {
					"uv": [
						11.875,
						8.5,
						12.0625,
						8.5625
					],
					"texture": "#0"
				},
				"south": {
					"uv": [
						12.375,
						0.875,
						12.4375,
						0.9375
					],
					"texture": "#0"
				},
				"west": {
					"uv": [
						11.875,
						8.8125,
						12.0625,
						8.875
					],
					"texture": "#0"
				},
				"up": {
					"uv": [
						8.3125,
						12.0625,
						8.25,
						11.875
					],
					"texture": "#0"
				},
				"down": {
					"uv": [
						8.8125,
						11.875,
						8.75,
						12.0625
					],
					"texture": "#0"
				}
			}
		}
	],
	"display": {
		"head": {
			"rotation": [
				0,
				180,
				0
			]
		}
	}
}