{
	"credit": "Made with Blockbench",
	"textures": {
		"1": "expansion:tools/steel_pickaxe",
		"particle": "expansion:tools/steel_pickaxe"
	},
	"elements": [
		{
			"name": "steel_pickaxe_0",
			"from": [4.75, 11, 7.5],
			"to": [9.75, 14, 8.5],
			"rotation": {"angle": 0, "axis": "y", "origin": [-0.25, 0, 7.5]},
			"faces": {
				"north": {"uv": [10, 1, 5, 4], "texture": "#1"},
				"east": {"uv": [9, 1, 10, 4], "texture": "#1"},
				"south": {"uv": [5, 1, 10, 4], "texture": "#1"},
				"west": {"uv": [5, 1, 6, 4], "texture": "#1"},
				"up": {"uv": [5, 1, 10, 2], "texture": "#1"},
				"down": {"uv": [5, 3, 10, 4], "texture": "#1"}
			}
		},
		{
			"name": "steel_pickaxe_1",
			"from": [3.75, 12, 7.5],
			"to": [4.75, 13, 8.5],
			"rotation": {"angle": 0, "axis": "y", "origin": [-0.25, 0, 7.5]},
			"faces": {
				"north": {"uv": [5, 2, 4, 3], "texture": "#1"},
				"east": {"uv": [4, 2, 5, 3], "texture": "#1"},
				"south": {"uv": [4, 2, 5, 3], "texture": "#1"},
				"west": {"uv": [4, 2, 5, 3], "texture": "#1"},
				"up": {"uv": [4, 2, 5, 3], "texture": "#1"},
				"down": {"uv": [4, 2, 5, 3], "texture": "#1"}
			}
		},
		{
			"name": "steel_pickaxe_2",
			"from": [9.75, 8, 7.5],
			"to": [11.75, 13, 8.5],
			"rotation": {"angle": 0, "axis": "y", "origin": [-0.25, 0, 7.5]},
			"faces": {
				"north": {"uv": [12, 2, 10, 7], "texture": "#1"},
				"east": {"uv": [11, 2, 12, 7], "texture": "#1"},
				"south": {"uv": [10, 2, 12, 7], "texture": "#1"},
				"west": {"uv": [10, 2, 11, 7], "texture": "#1"},
				"up": {"uv": [10, 2, 12, 3], "texture": "#1"},
				"down": {"uv": [10, 6, 12, 7], "texture": "#1"}
			}
		},
		{
			"name": "steel_pickaxe_3",
			"from": [11.75, 4, 7.5],
			"to": [12.75, 12, 8.5],
			"rotation": {"angle": 0, "axis": "y", "origin": [-0.25, 0, 7.5]},
			"faces": {
				"north": {"uv": [13, 3, 12, 11], "texture": "#1"},
				"east": {"uv": [12, 3, 13, 11], "texture": "#1"},
				"south": {"uv": [12, 3, 13, 11], "texture": "#1"},
				"west": {"uv": [12, 3, 13, 11], "texture": "#1"},
				"up": {"uv": [12, 3, 13, 4], "texture": "#1"},
				"down": {"uv": [12, 10, 13, 11], "texture": "#1"}
			}
		},
		{
			"name": "steel_pickaxe_4",
			"from": [8.75, 7, 7.5],
			"to": [9.75, 11, 8.5],
			"rotation": {"angle": 0, "axis": "y", "origin": [-0.25, 0, 7.5]},
			"faces": {
				"north": {"uv": [10, 4, 9, 8], "texture": "#1"},
				"east": {"uv": [9, 4, 10, 8], "texture": "#1"},
				"south": {"uv": [9, 4, 10, 8], "texture": "#1"},
				"west": {"uv": [9, 4, 10, 8], "texture": "#1"},
				"up": {"uv": [9, 4, 10, 5], "texture": "#1"},
				"down": {"uv": [9, 7, 10, 8], "texture": "#1"}
			}
		},
		{
			"name": "steel_pickaxe_5",
			"from": [12.75, 3, 7.5],
			"to": [13.75, 11, 8.5],
			"rotation": {"angle": 0, "axis": "y", "origin": [-0.25, 0, 7.5]},
			"faces": {
				"north": {"uv": [14, 4, 13, 12], "texture": "#1"},
				"east": {"uv": [13, 4, 14, 12], "texture": "#1"},
				"south": {"uv": [13, 4, 14, 12], "texture": "#1"},
				"west": {"uv": [13, 4, 14, 12], "texture": "#1"},
				"up": {"uv": [13, 4, 14, 5], "texture": "#1"},
				"down": {"uv": [13, 11, 14, 12], "texture": "#1"}
			}
		},
		{
			"name": "steel_pickaxe_6",
			"from": [7.75, 6, 7.5],
			"to": [8.75, 9, 8.5],
			"rotation": {"angle": 0, "axis": "y", "origin": [-0.25, 0, 7.5]},
			"faces": {
				"north": {"uv": [9, 6, 8, 9], "texture": "#1"},
				"east": {"uv": [8, 6, 9, 9], "texture": "#1"},
				"south": {"uv": [8, 6, 9, 9], "texture": "#1"},
				"west": {"uv": [8, 6, 9, 9], "texture": "#1"},
				"up": {"uv": [8, 6, 9, 7], "texture": "#1"},
				"down": {"uv": [8, 8, 9, 9], "texture": "#1"}
			}
		},
		{
			"name": "steel_pickaxe_7",
			"from": [13.75, 4, 7.5],
			"to": [14.75, 9, 8.5],
			"rotation": {"angle": 0, "axis": "y", "origin": [-0.25, 0, 7.5]},
			"faces": {
				"north": {"uv": [15, 6, 14, 11], "texture": "#1"},
				"east": {"uv": [14, 6, 15, 11], "texture": "#1"},
				"south": {"uv": [14, 6, 15, 11], "texture": "#1"},
				"west": {"uv": [14, 6, 15, 11], "texture": "#1"},
				"up": {"uv": [14, 6, 15, 7], "texture": "#1"},
				"down": {"uv": [14, 10, 15, 11], "texture": "#1"}
			}
		},
		{
			"name": "steel_pickaxe_8",
			"from": [6.75, 5, 7.5],
			"to": [7.75, 8, 8.5],
			"rotation": {"angle": 0, "axis": "y", "origin": [-0.25, 0, 7.5]},
			"faces": {
				"north": {"uv": [8, 7, 7, 10], "texture": "#1"},
				"east": {"uv": [7, 7, 8, 10], "texture": "#1"},
				"south": {"uv": [7, 7, 8, 10], "texture": "#1"},
				"west": {"uv": [7, 7, 8, 10], "texture": "#1"},
				"up": {"uv": [7, 7, 8, 8], "texture": "#1"},
				"down": {"uv": [7, 9, 8, 10], "texture": "#1"}
			}
		},
		{
			"name": "steel_pickaxe_9",
			"from": [5.75, 4, 7.5],
			"to": [6.75, 7, 8.5],
			"rotation": {"angle": 0, "axis": "y", "origin": [-0.25, 0, 7.5]},
			"faces": {
				"north": {"uv": [7, 8, 6, 11], "texture": "#1"},
				"east": {"uv": [6, 8, 7, 11], "texture": "#1"},
				"south": {"uv": [6, 8, 7, 11], "texture": "#1"},
				"west": {"uv": [6, 8, 7, 11], "texture": "#1"},
				"up": {"uv": [6, 8, 7, 9], "texture": "#1"},
				"down": {"uv": [6, 10, 7, 11], "texture": "#1"}
			}
		},
		{
			"name": "steel_pickaxe_10",
			"from": [4.75, 3, 7.5],
			"to": [5.75, 6, 8.5],
			"rotation": {"angle": 0, "axis": "y", "origin": [-0.25, 0, 7.5]},
			"faces": {
				"north": {"uv": [6, 9, 5, 12], "texture": "#1"},
				"east": {"uv": [5, 9, 6, 12], "texture": "#1"},
				"south": {"uv": [5, 9, 6, 12], "texture": "#1"},
				"west": {"uv": [5, 9, 6, 12], "texture": "#1"},
				"up": {"uv": [5, 9, 6, 10], "texture": "#1"},
				"down": {"uv": [5, 11, 6, 12], "texture": "#1"}
			}
		},
		{
			"name": "steel_pickaxe_11",
			"from": [3.75, 2, 7.5],
			"to": [4.75, 5, 8.5],
			"rotation": {"angle": 0, "axis": "y", "origin": [-0.25, 0, 7.5]},
			"faces": {
				"north": {"uv": [5, 10, 4, 13], "texture": "#1"},
				"east": {"uv": [4, 10, 5, 13], "texture": "#1"},
				"south": {"uv": [4, 10, 5, 13], "texture": "#1"},
				"west": {"uv": [4, 10, 5, 13], "texture": "#1"},
				"up": {"uv": [4, 10, 5, 11], "texture": "#1"},
				"down": {"uv": [4, 12, 5, 13], "texture": "#1"}
			}
		},
		{
			"name": "steel_pickaxe_12",
			"from": [2.75, 0, 7.5],
			"to": [3.75, 4, 8.5],
			"rotation": {"angle": 0, "axis": "y", "origin": [-0.25, 0, 7.5]},
			"faces": {
				"north": {"uv": [4, 11, 3, 15], "texture": "#1"},
				"east": {"uv": [3, 11, 4, 15], "texture": "#1"},
				"south": {"uv": [3, 11, 4, 15], "texture": "#1"},
				"west": {"uv": [3, 11, 4, 15], "texture": "#1"},
				"up": {"uv": [3, 11, 4, 12], "texture": "#1"},
				"down": {"uv": [3, 14, 4, 15], "texture": "#1"}
			}
		},
		{
			"name": "steel_pickaxe_13",
			"from": [0.75, 0, 7.5],
			"to": [2.75, 3, 8.5],
			"rotation": {"angle": 0, "axis": "y", "origin": [-0.25, 0, 7.5]},
			"faces": {
				"north": {"uv": [3, 12, 1, 15], "texture": "#1"},
				"east": {"uv": [2, 12, 3, 15], "texture": "#1"},
				"south": {"uv": [1, 12, 3, 15], "texture": "#1"},
				"west": {"uv": [1, 12, 2, 15], "texture": "#1"},
				"up": {"uv": [1, 12, 3, 13], "texture": "#1"},
				"down": {"uv": [1, 14, 3, 15], "texture": "#1"}
			}
		}
	],
	"gui_light": "front",
	"display": {
		"thirdperson_righthand": {
			"rotation": [0, 90, 55],
			"translation": [0, 2.75, 2.5],
			"scale": [0.85, 0.85, 0.85]
		},
		"thirdperson_lefthand": {
			"rotation": [0, -90, -55],
			"translation": [0, 2.75, 2.5],
			"scale": [0.85, 0.85, 0.85]
		},
		"firstperson_righthand": {
			"rotation": [0, -90, 25],
			"translation": [1.13, 3.2, 1.13],
			"scale": [0.68, 0.68, 0.68]
		},
		"firstperson_lefthand": {
			"rotation": [0, -90, -25],
			"translation": [1.13, 3.2, 1.13],
			"scale": [0.68, 0.68, 0.68]
		},
		"ground": {
			"translation": [0, 2, 0],
			"scale": [0.5, 0.5, 0.5]
		},
		"gui": {
			"translation": [0, 1, 0]
		},
		"head": {
			"rotation": [90, 0, 0],
			"translation": [0, -42.4, 0],
			"scale": [1.6, 1.6, 1.6]
		},
		"fixed": {
			"rotation": [0, 180, 0]
		}
	},
	"groups": [
		{
			"name": "steel_pickaxe",
			"origin": [7.75, 8, 15.5],
			"color": 0,
			"nbt": "{}",
			"armAnimationEnabled": false,
			"children": [0, 1, 2, 3, 4, 5, 6, 7, 8, 9, 10, 11, 12, 13]
		}
	]
}