{
	"credit": "Made with Blockbench",
	"textures": {
		"0": "expansion:tools/wrench",
		"particle": "expansion:tools/wrench"
	},
	"elements": [
		{
			"name": "wrench_0",
			"from": [12, 15.01875, 7.71875],
			"to": [14, 16.01875, 8.71875],
			"rotation": {"angle": 0, "axis": "x", "origin": [7.96875, 10.5, 8.21875]},
			"faces": {
				"north": {"uv": [12, 1, 14, 0], "rotation": 180, "texture": "#0"},
				"east": {"uv": [13, 0, 14, 1], "texture": "#0"},
				"south": {"uv": [12, 0, 14, 1], "texture": "#0"},
				"west": {"uv": [12, 0, 13, 1], "texture": "#0"},
				"up": {"uv": [14, 0, 12, 1], "rotation": 180, "texture": "#0"},
				"down": {"uv": [12, 0, 14, 1], "texture": "#0"}
			}
		},
		{
			"name": "wrench_1",
			"from": [11, 11.01875, 7.71875],
			"to": [13, 15.01875, 8.71875],
			"rotation": {"angle": 0, "axis": "x", "origin": [7.96875, 10.5, 8.21875]},
			"faces": {
				"north": {"uv": [11, 5, 13, 1], "rotation": 180, "texture": "#0"},
				"east": {"uv": [12, 1, 13, 5], "texture": "#0"},
				"south": {"uv": [11, 1, 13, 5], "texture": "#0"},
				"west": {"uv": [11, 1, 12, 5], "texture": "#0"},
				"up": {"uv": [13, 1, 11, 2], "rotation": 180, "texture": "#0"},
				"down": {"uv": [11, 4, 13, 5], "texture": "#0"}
			}
		},
		{
			"name": "wrench_2",
			"from": [15, 12.01875, 7.71875],
			"to": [16, 14.01875, 8.71875],
			"rotation": {"angle": 0, "axis": "x", "origin": [7.96875, 10.5, 8.21875]},
			"faces": {
				"north": {"uv": [15, 4, 16, 2], "rotation": 180, "texture": "#0"},
				"east": {"uv": [15, 2, 16, 4], "texture": "#0"},
				"south": {"uv": [15, 2, 16, 4], "texture": "#0"},
				"west": {"uv": [15, 2, 16, 4], "texture": "#0"},
				"up": {"uv": [16, 2, 15, 3], "rotation": 180, "texture": "#0"},
				"down": {"uv": [15, 3, 16, 4], "texture": "#0"}
			}
		},
		{
			"name": "wrench_3",
			"from": [13, 11.01875, 7.71875],
			"to": [15, 13.01875, 8.71875],
			"rotation": {"angle": 0, "axis": "x", "origin": [7.96875, 10.5, 8.21875]},
			"faces": {
				"north": {"uv": [13, 5, 15, 3], "rotation": 180, "texture": "#0"},
				"east": {"uv": [14, 3, 15, 5], "texture": "#0"},
				"south": {"uv": [13, 3, 15, 5], "texture": "#0"},
				"west": {"uv": [13, 3, 14, 5], "texture": "#0"},
				"up": {"uv": [15, 3, 13, 4], "rotation": 180, "texture": "#0"},
				"down": {"uv": [13, 4, 15, 5], "texture": "#0"}
			}
		},
		{
			"name": "wrench_4",
			"from": [10, 9.01875, 7.71875],
			"to": [11, 12.01875, 8.71875],
			"rotation": {"angle": 0, "axis": "x", "origin": [7.96875, 10.5, 8.21875]},
			"faces": {
				"north": {"uv": [10, 7, 11, 4], "rotation": 180, "texture": "#0"},
				"east": {"uv": [10, 4, 11, 7], "texture": "#0"},
				"south": {"uv": [10, 4, 11, 7], "texture": "#0"},
				"west": {"uv": [10, 4, 11, 7], "texture": "#0"},
				"up": {"uv": [11, 4, 10, 5], "rotation": 180, "texture": "#0"},
				"down": {"uv": [10, 6, 11, 7], "texture": "#0"}
			}
		},
		{
			"name": "wrench_5",
			"from": [9, 8.01875, 7.71875],
			"to": [10, 11.01875, 8.71875],
			"rotation": {"angle": 0, "axis": "x", "origin": [7.96875, 10.5, 8.21875]},
			"faces": {
				"north": {"uv": [9, 8, 10, 5], "rotation": 180, "texture": "#0"},
				"east": {"uv": [9, 5, 10, 8], "texture": "#0"},
				"south": {"uv": [9, 5, 10, 8], "texture": "#0"},
				"west": {"uv": [9, 5, 10, 8], "texture": "#0"},
				"up": {"uv": [10, 5, 9, 6], "rotation": 180, "texture": "#0"},
				"down": {"uv": [9, 7, 10, 8], "texture": "#0"}
			}
		},
		{
			"name": "wrench_6",
			"from": [11, 10.01875, 7.71875],
			"to": [12, 11.01875, 8.71875],
			"rotation": {"angle": 0, "axis": "x", "origin": [7.96875, 10.5, 8.21875]},
			"faces": {
				"north": {"uv": [11, 6, 12, 5], "rotation": 180, "texture": "#0"},
				"east": {"uv": [11, 5, 12, 6], "texture": "#0"},
				"south": {"uv": [11, 5, 12, 6], "texture": "#0"},
				"west": {"uv": [11, 5, 12, 6], "texture": "#0"},
				"up": {"uv": [12, 5, 11, 6], "rotation": 180, "texture": "#0"},
				"down": {"uv": [11, 5, 12, 6], "texture": "#0"}
			}
		},
		{
			"name": "wrench_7",
			"from": [8, 7.01875, 7.71875],
			"to": [9, 10.01875, 8.71875],
			"rotation": {"angle": 0, "axis": "x", "origin": [7.96875, 10.5, 8.21875]},
			"faces": {
				"north": {"uv": [8, 9, 9, 6], "rotation": 180, "texture": "#0"},
				"east": {"uv": [8, 6, 9, 9], "texture": "#0"},
				"south": {"uv": [8, 6, 9, 9], "texture": "#0"},
				"west": {"uv": [8, 6, 9, 9], "texture": "#0"},
				"up": {"uv": [9, 6, 8, 7], "rotation": 180, "texture": "#0"},
				"down": {"uv": [8, 8, 9, 9], "texture": "#0"}
			}
		},
		{
			"name": "wrench_8",
			"from": [7, 6.01875, 7.71875],
			"to": [8, 9.01875, 8.71875],
			"rotation": {"angle": 0, "axis": "x", "origin": [7.96875, 10.5, 8.21875]},
			"faces": {
				"north": {"uv": [7, 10, 8, 7], "rotation": 180, "texture": "#0"},
				"east": {"uv": [7, 7, 8, 10], "texture": "#0"},
				"south": {"uv": [7, 7, 8, 10], "texture": "#0"},
				"west": {"uv": [7, 7, 8, 10], "texture": "#0"},
				"up": {"uv": [8, 7, 7, 8], "rotation": 180, "texture": "#0"},
				"down": {"uv": [7, 9, 8, 10], "texture": "#0"}
			}
		},
		{
			"name": "wrench_9",
			"from": [6, 5.01875, 7.71875],
			"to": [7, 8.01875, 8.71875],
			"rotation": {"angle": 0, "axis": "x", "origin": [7.96875, 10.5, 8.21875]},
			"faces": {
				"north": {"uv": [6, 11, 7, 8], "rotation": 180, "texture": "#0"},
				"east": {"uv": [6, 8, 7, 11], "texture": "#0"},
				"south": {"uv": [6, 8, 7, 11], "texture": "#0"},
				"west": {"uv": [6, 8, 7, 11], "texture": "#0"},
				"up": {"uv": [7, 8, 6, 9], "rotation": 180, "texture": "#0"},
				"down": {"uv": [6, 10, 7, 11], "texture": "#0"}
			}
		},
		{
			"name": "wrench_10",
			"from": [5, 4.01875, 7.71875],
			"to": [6, 7.01875, 8.71875],
			"rotation": {"angle": 0, "axis": "x", "origin": [7.96875, 10.5, 8.21875]},
			"faces": {
				"north": {"uv": [5, 12, 6, 9], "rotation": 180, "texture": "#0"},
				"east": {"uv": [5, 9, 6, 12], "texture": "#0"},
				"south": {"uv": [5, 9, 6, 12], "texture": "#0"},
				"west": {"uv": [5, 9, 6, 12], "texture": "#0"},
				"up": {"uv": [6, 9, 5, 10], "rotation": 180, "texture": "#0"},
				"down": {"uv": [5, 11, 6, 12], "texture": "#0"}
			}
		},
		{
			"name": "wrench_11",
			"from": [4, 1.01875, 7.71875],
			"to": [5, 6.01875, 8.71875],
			"rotation": {"angle": 0, "axis": "x", "origin": [7.96875, 10.5, 8.21875]},
			"faces": {
				"north": {"uv": [4, 15, 5, 10], "rotation": 180, "texture": "#0"},
				"east": {"uv": [4, 10, 5, 15], "texture": "#0"},
				"south": {"uv": [4, 10, 5, 15], "texture": "#0"},
				"west": {"uv": [4, 10, 5, 15], "texture": "#0"},
				"up": {"uv": [5, 10, 4, 11], "rotation": 180, "texture": "#0"},
				"down": {"uv": [4, 14, 5, 15], "texture": "#0"}
			}
		},
		{
			"name": "wrench_12",
			"from": [1, 3.01875, 7.71875],
			"to": [4, 5.01875, 8.71875],
			"rotation": {"angle": 0, "axis": "x", "origin": [7.96875, 10.5, 8.21875]},
			"faces": {
				"north": {"uv": [1, 13, 4, 11], "rotation": 180, "texture": "#0"},
				"east": {"uv": [3, 11, 4, 13], "texture": "#0"},
				"south": {"uv": [1, 11, 4, 13], "texture": "#0"},
				"west": {"uv": [1, 11, 2, 13], "texture": "#0"},
				"up": {"uv": [4, 11, 1, 12], "rotation": 180, "texture": "#0"},
				"down": {"uv": [1, 12, 4, 13], "texture": "#0"}
			}
		},
		{
			"name": "wrench_13",
			"from": [0, 2.01875, 7.71875],
			"to": [1, 4.01875, 8.71875],
			"rotation": {"angle": 0, "axis": "x", "origin": [7.96875, 10.5, 8.21875]},
			"faces": {
				"north": {"uv": [0, 14, 1, 12], "rotation": 180, "texture": "#0"},
				"east": {"uv": [0, 12, 1, 14], "texture": "#0"},
				"south": {"uv": [0, 12, 1, 14], "texture": "#0"},
				"west": {"uv": [0, 12, 1, 14], "texture": "#0"},
				"up": {"uv": [1, 12, 0, 13], "rotation": 180, "texture": "#0"},
				"down": {"uv": [0, 13, 1, 14], "texture": "#0"}
			}
		},
		{
			"name": "wrench_14",
			"from": [3, 0.01875, 7.71875],
			"to": [4, 3.01875, 8.71875],
			"rotation": {"angle": 0, "axis": "x", "origin": [7.96875, 10.5, 8.21875]},
			"faces": {
				"north": {"uv": [3, 16, 4, 13], "rotation": 180, "texture": "#0"},
				"east": {"uv": [3, 13, 4, 16], "texture": "#0"},
				"south": {"uv": [3, 13, 4, 16], "texture": "#0"},
				"west": {"uv": [3, 13, 4, 16], "texture": "#0"},
				"up": {"uv": [4, 13, 3, 14], "rotation": 180, "texture": "#0"},
				"down": {"uv": [3, 15, 4, 16], "texture": "#0"}
			}
		},
		{
			"name": "wrench_15",
			"from": [2, 0.01875, 7.71875],
			"to": [3, 1.01875, 8.71875],
			"rotation": {"angle": 0, "axis": "x", "origin": [7.96875, 10.5, 8.21875]},
			"faces": {
				"north": {"uv": [2, 16, 3, 15], "rotation": 180, "texture": "#0"},
				"east": {"uv": [2, 15, 3, 16], "texture": "#0"},
				"south": {"uv": [2, 15, 3, 16], "texture": "#0"},
				"west": {"uv": [2, 15, 3, 16], "texture": "#0"},
				"up": {"uv": [3, 15, 2, 16], "rotation": 180, "texture": "#0"},
				"down": {"uv": [2, 15, 3, 16], "texture": "#0"}
			}
		}
	],
	"gui_light": "front",
	"display": {
		"thirdperson_righthand": {
			"rotation": [0, 0, -135],
			"translation": [0, 0, 0.5],
			"scale": [0.85, 0.85, 0.85]
		},
		"thirdperson_lefthand": {
			"rotation": [0, 0, -45],
			"scale": [0.85, 0.85, 0.85]
		},
		"firstperson_righthand": {
			"rotation": [0, -75, -135],
			"translation": [3, 0, 0]
		},
		"firstperson_lefthand": {
			"rotation": [0, -75, -45],
			"translation": [3, 0, 0]
		},
		"ground": {
			"translation": [0, 3, 0],
			"scale": [0.6, 0.6, 0.6]
		},
		"head": {
			"rotation": [90, 0, 0],
			"translation": [0, -42.4, 0],
			"scale": [1.6, 1.6, 1.6]
		}
	},
	"groups": [
		{
			"name": "wrench",
			"origin": [8, 8, 8],
			"color": 0,
			"nbt": "{}",
			"children": [0, 1, 2, 3, 4, 5, 6, 7, 8, 9, 10, 11, 12, 13, 14, 15]
		}
	]
}