{
	"textures": {
		"2": "animated_java:item/mech_torso/gatling_gun"
	},
	"elements": [
		{
			"from": [8.61747, 2.43487, 7.35045],
			"to": [9.05318, 12.45606, 7.78616],
			"rotation": {
				"angle": 0,
				"axis": "y",
				"origin": [2.08191, 15.50599, 11.05394]
			},
			"faces": {
				"north": {
					"uv": [6.375, 7.5, 6.25, 10.375],
					"texture": "#2"
				},
				"east": {
					"uv": [2, 7.75, 1.875, 10.625],
					"texture": "#2"
				},
				"south": {
					"uv": [0.375, 7.625, 0.25, 10.5],
					"texture": "#2"
				},
				"west": {
					"uv": [0.125, 7.625, 0, 10.5],
					"texture": "#2"
				},
				"up": {
					"uv": [4.5, 3.375, 4.625, 3.25],
					"texture": "#2"
				},
				"down": {
					"uv": [4.5, 3.5, 4.625, 3.625],
					"texture": "#2"
				}
			}
		},
		{
			"from": [7.79016, 2.43487, 6.87065],
			"to": [8.22587, 12.45606, 7.30635],
			"rotation": {
				"angle": 0,
				"axis": "y",
				"origin": [8.44372, 15.50599, 4.69213]
			},
			"faces": {
				"north": {
					"uv": [2.25, 7.75, 2.125, 10.625],
					"texture": "#2"
				},
				"east": {
					"uv": [3, 7.75, 2.875, 10.625],
					"texture": "#2"
				},
				"south": {
					"uv": [2.75, 7.75, 2.625, 10.625],
					"texture": "#2"
				},
				"west": {
					"uv": [2.5, 7.75, 2.375, 10.625],
					"texture": "#2"
				},
				"up": {
					"uv": [2, 5.5, 2.125, 5.375],
					"texture": "#2"
				},
				"down": {
					"uv": [2, 5.625, 2.125, 5.75],
					"texture": "#2"
				}
			}
		},
		{
			"from": [7.79016, 2.43487, 8.61346],
			"to": [8.22587, 12.45606, 9.04917],
			"rotation": {
				"angle": 0,
				"axis": "y",
				"origin": [8.44372, 15.50599, 4.69213]
			},
			"faces": {
				"north": {
					"uv": [3.25, 7.75, 3.125, 10.625],
					"texture": "#2"
				},
				"east": {
					"uv": [4, 7.75, 3.875, 10.625],
					"texture": "#2"
				},
				"south": {
					"uv": [3.75, 7.75, 3.625, 10.625],
					"texture": "#2"
				},
				"west": {
					"uv": [3.5, 7.75, 3.375, 10.625],
					"texture": "#2"
				},
				"up": {
					"uv": [2, 6, 2.125, 5.875],
					"texture": "#2"
				},
				"down": {
					"uv": [2, 6.125, 2.125, 6.25],
					"texture": "#2"
				}
			}
		},
		{
			"from": [8.61747, 2.43487, 8.22186],
			"to": [9.05318, 12.45606, 8.65756],
			"rotation": {
				"angle": 0,
				"axis": "y",
				"origin": [2.08191, 15.50599, -3.76]
			},
			"faces": {
				"north": {
					"uv": [7.375, 7.75, 7.25, 10.625],
					"texture": "#2"
				},
				"east": {
					"uv": [4.25, 8, 4.125, 10.875],
					"texture": "#2"
				},
				"south": {
					"uv": [7.875, 7.75, 7.75, 10.625],
					"texture": "#2"
				},
				"west": {
					"uv": [7.625, 7.75, 7.5, 10.625],
					"texture": "#2"
				},
				"up": {
					"uv": [2, 6.5, 2.125, 6.375],
					"texture": "#2"
				},
				"down": {
					"uv": [5.125, 7.375, 5.25, 7.5],
					"texture": "#2"
				}
			}
		},
		{
			"from": [6.87465, 2.43487, 7.35045],
			"to": [7.31036, 12.45606, 7.78616],
			"rotation": {
				"angle": 0,
				"axis": "y",
				"origin": [2.08191, 15.50599, -3.76]
			},
			"faces": {
				"north": {
					"uv": [4.5, 8, 4.375, 10.875],
					"texture": "#2"
				},
				"east": {
					"uv": [8.125, 7.75, 8, 10.625],
					"texture": "#2"
				},
				"south": {
					"uv": [5, 8, 4.875, 10.875],
					"texture": "#2"
				},
				"west": {
					"uv": [4.75, 8, 4.625, 10.875],
					"texture": "#2"
				},
				"up": {
					"uv": [7.875, 1.875, 8, 1.75],
					"texture": "#2"
				},
				"down": {
					"uv": [7.875, 2, 8, 2.125],
					"texture": "#2"
				}
			}
		},
		{
			"from": [6.87465, 2.43487, 8.22186],
			"to": [7.31036, 12.45606, 8.65756],
			"rotation": {
				"angle": 0,
				"axis": "y",
				"origin": [2.08191, 15.50599, 11.05394]
			},
			"faces": {
				"north": {
					"uv": [8.25, 1.75, 8.125, 4.625],
					"texture": "#2"
				},
				"east": {
					"uv": [5.75, 8.125, 5.625, 11],
					"texture": "#2"
				},
				"south": {
					"uv": [5.5, 8.125, 5.375, 11],
					"texture": "#2"
				},
				"west": {
					"uv": [5.25, 8.125, 5.125, 11],
					"texture": "#2"
				},
				"up": {
					"uv": [7.875, 2.375, 8, 2.25],
					"texture": "#2"
				},
				"down": {
					"uv": [7.875, 2.5, 8, 2.625],
					"texture": "#2"
				}
			}
		},
		{
			"from": [15.96392, 3.30628, 28.08267],
			"to": [17.04677, 3.74198, 30.6969],
			"rotation": {
				"angle": -45,
				"axis": "y",
				"origin": [38.0716, 29.44852, 8.43971]
			},
			"faces": {
				"north": {
					"uv": [1.0625, 5.125, 0.75, 5.25],
					"texture": "#2"
				},
				"east": {
					"uv": [10.875, 10, 10.125, 10.125],
					"texture": "#2"
				},
				"south": {
					"uv": [0.8125, 9, 0.5, 9.125],
					"texture": "#2"
				},
				"west": {
					"uv": [10.875, 9.75, 10.125, 9.875],
					"texture": "#2"
				},
				"up": {
					"uv": [1.125, 9.125, 1.4375, 8.375],
					"texture": "#2"
				},
				"down": {
					"uv": [8.375, 1.75, 8.6875, 2.5],
					"texture": "#2"
				}
			}
		},
		{
			"from": [6.7009, 3.30628, 7.46259],
			"to": [9.31513, 3.74198, 8.54543],
			"rotation": {
				"angle": 0,
				"axis": "y",
				"origin": [38.0716, 29.44852, 8.43971]
			},
			"faces": {
				"north": {
					"uv": [11, 0, 10.25, 0.125],
					"texture": "#2"
				},
				"east": {
					"uv": [0.6875, 10.625, 0.375, 10.75],
					"texture": "#2"
				},
				"south": {
					"uv": [11, 1.125, 10.25, 1.25],
					"texture": "#2"
				},
				"west": {
					"uv": [10.5625, 8.75, 10.25, 8.875],
					"texture": "#2"
				},
				"up": {
					"uv": [8.25, 1.0625, 9, 0.75],
					"texture": "#2"
				},
				"down": {
					"uv": [8.375, 2.625, 9.125, 2.9375],
					"texture": "#2"
				}
			}
		},
		{
			"from": [7.46659, 3.30628, 6.6969],
			"to": [8.54944, 3.74198, 9.31112],
			"rotation": {
				"angle": 0,
				"axis": "y",
				"origin": [38.0716, 29.44852, 8.43971]
			},
			"faces": {
				"north": {
					"uv": [10.9375, 1.625, 10.625, 1.75],
					"texture": "#2"
				},
				"east": {
					"uv": [11, 5.625, 10.25, 5.75],
					"texture": "#2"
				},
				"south": {
					"uv": [10.9375, 1.875, 10.625, 2],
					"texture": "#2"
				},
				"west": {
					"uv": [11, 1.375, 10.25, 1.5],
					"texture": "#2"
				},
				"up": {
					"uv": [8.375, 3.875, 8.6875, 3.125],
					"texture": "#2"
				},
				"down": {
					"uv": [8.375, 4, 8.6875, 4.75],
					"texture": "#2"
				}
			}
		},
		{
			"from": [15.19824, 3.30628, 28.84836],
			"to": [17.81246, 3.74198, 29.93121],
			"rotation": {
				"angle": -45,
				"axis": "y",
				"origin": [38.0716, 29.44852, 8.43971]
			},
			"faces": {
				"north": {
					"uv": [11, 5.875, 10.25, 6],
					"texture": "#2"
				},
				"east": {
					"uv": [10.9375, 2.375, 10.625, 2.5],
					"texture": "#2"
				},
				"south": {
					"uv": [11, 6.125, 10.25, 6.25],
					"texture": "#2"
				},
				"west": {
					"uv": [10.9375, 2.125, 10.625, 2.25],
					"texture": "#2"
				},
				"up": {
					"uv": [8.375, 5.1875, 9.125, 4.875],
					"texture": "#2"
				},
				"down": {
					"uv": [8.375, 5.375, 9.125, 5.6875],
					"texture": "#2"
				}
			}
		},
		{
			"from": [6.7009, 7.66332, 7.46259],
			"to": [9.31513, 8.09902, 8.54543],
			"rotation": {
				"angle": 0,
				"axis": "y",
				"origin": [38.0716, 33.80556, 8.43971]
			},
			"faces": {
				"north": {
					"uv": [11, 6.375, 10.25, 6.5],
					"texture": "#2"
				},
				"east": {
					"uv": [10.9375, 4.875, 10.625, 5],
					"texture": "#2"
				},
				"south": {
					"uv": [11, 6.625, 10.25, 6.75],
					"texture": "#2"
				},
				"west": {
					"uv": [10.9375, 2.625, 10.625, 2.75],
					"texture": "#2"
				},
				"up": {
					"uv": [8.5, 1.5625, 9.25, 1.25],
					"texture": "#2"
				},
				"down": {
					"uv": [8.875, 1.75, 9.625, 2.0625],
					"texture": "#2"
				}
			}
		},
		{
			"from": [15.96392, 7.66332, 28.08267],
			"to": [17.04677, 8.09902, 30.6969],
			"rotation": {
				"angle": -45,
				"axis": "y",
				"origin": [38.0716, 33.80556, 8.43971]
			},
			"faces": {
				"north": {
					"uv": [10.0625, 10.625, 9.75, 10.75],
					"texture": "#2"
				},
				"east": {
					"uv": [11, 7.125, 10.25, 7.25],
					"texture": "#2"
				},
				"south": {
					"uv": [10.5625, 10.625, 10.25, 10.75],
					"texture": "#2"
				},
				"west": {
					"uv": [11, 6.875, 10.25, 7],
					"texture": "#2"
				},
				"up": {
					"uv": [8.875, 3.875, 9.1875, 3.125],
					"texture": "#2"
				},
				"down": {
					"uv": [8.875, 4, 9.1875, 4.75],
					"texture": "#2"
				}
			}
		},
		{
			"from": [6.7009, 8.53473, 7.46259],
			"to": [9.31513, 10.27754, 8.54543],
			"rotation": {
				"angle": 0,
				"axis": "y",
				"origin": [38.0716, 34.67697, 8.43971]
			},
			"faces": {
				"north": {
					"uv": [8, 2.875, 7.25, 3.375],
					"texture": "#2"
				},
				"east": {
					"uv": [8.5625, 9.75, 8.25, 10.25],
					"texture": "#2"
				},
				"south": {
					"uv": [8, 3.5, 7.25, 4],
					"texture": "#2"
				},
				"west": {
					"uv": [10.0625, 7.875, 9.75, 8.375],
					"texture": "#2"
				},
				"up": {
					"uv": [8.875, 7.8125, 9.625, 7.5],
					"texture": "#2"
				},
				"down": {
					"uv": [8.875, 8, 9.625, 8.3125],
					"texture": "#2"
				}
			}
		},
		{
			"from": [15.96392, 8.53473, 28.08267],
			"to": [17.04677, 10.27754, 30.6969],
			"rotation": {
				"angle": -45,
				"axis": "y",
				"origin": [38.0716, 34.67697, 8.43971]
			},
			"faces": {
				"north": {
					"uv": [10.1875, 2.875, 9.875, 3.375],
					"texture": "#2"
				},
				"east": {
					"uv": [8, 7.125, 7.25, 7.625],
					"texture": "#2"
				},
				"south": {
					"uv": [10.1875, 3.5, 9.875, 4],
					"texture": "#2"
				},
				"west": {
					"uv": [8, 4.125, 7.25, 4.625],
					"texture": "#2"
				},
				"up": {
					"uv": [8.25, 9.625, 8.5625, 8.875],
					"texture": "#2"
				},
				"down": {
					"uv": [8.875, 8.5, 9.1875, 9.25],
					"texture": "#2"
				}
			}
		},
		{
			"from": [6.7009, 11.58465, 7.46259],
			"to": [9.31513, 12.45606, 8.54543],
			"rotation": {
				"angle": 0,
				"axis": "y",
				"origin": [38.0716, 36.85549, 8.43971]
			},
			"faces": {
				"north": {
					"uv": [6.5, 0.75, 5.75, 1],
					"texture": "#2"
				},
				"east": {
					"uv": [10.6875, 4.5, 10.375, 4.75],
					"texture": "#2"
				},
				"south": {
					"uv": [2.75, 6.75, 2, 7],
					"texture": "#2"
				},
				"west": {
					"uv": [4.5625, 6.375, 4.25, 6.625],
					"texture": "#2"
				},
				"up": {
					"uv": [9.125, 1.0625, 9.875, 0.75],
					"texture": "#2"
				},
				"down": {
					"uv": [0.5, 9.25, 1.25, 9.5625],
					"texture": "#2"
				}
			}
		},
		{
			"from": [15.96392, 11.58465, 28.08267],
			"to": [17.04677, 12.45606, 30.6969],
			"rotation": {
				"angle": -45,
				"axis": "y",
				"origin": [38.0716, 36.85549, 8.43971]
			},
			"faces": {
				"north": {
					"uv": [8.5625, 10.375, 8.25, 10.625],
					"texture": "#2"
				},
				"east": {
					"uv": [10.25, 0.375, 9.5, 0.625],
					"texture": "#2"
				},
				"south": {
					"uv": [10.8125, 5.25, 10.5, 5.5],
					"texture": "#2"
				},
				"west": {
					"uv": [10.125, 0, 9.375, 0.25],
					"texture": "#2"
				},
				"up": {
					"uv": [6.5, 9.75, 6.8125, 9],
					"texture": "#2"
				},
				"down": {
					"uv": [1.375, 9.25, 1.6875, 10],
					"texture": "#2"
				}
			}
		},
		{
			"from": [7.46659, 11.58465, 6.6969],
			"to": [8.54944, 12.45606, 9.31112],
			"rotation": {
				"angle": 0,
				"axis": "y",
				"origin": [38.0716, 36.85549, 8.43971]
			},
			"faces": {
				"north": {
					"uv": [6.5625, 10.5, 6.25, 10.75],
					"texture": "#2"
				},
				"east": {
					"uv": [10.5, 2.125, 9.75, 2.375],
					"texture": "#2"
				},
				"south": {
					"uv": [7.0625, 10.5, 6.75, 10.75],
					"texture": "#2"
				},
				"west": {
					"uv": [10.5, 1.75, 9.75, 2],
					"texture": "#2"
				},
				"up": {
					"uv": [9.25, 3, 9.5625, 2.25],
					"texture": "#2"
				},
				"down": {
					"uv": [9.25, 4.875, 9.5625, 5.625],
					"texture": "#2"
				}
			}
		},
		{
			"from": [7.46659, 7.66332, 6.6969],
			"to": [8.54944, 8.09902, 9.31112],
			"rotation": {
				"angle": 0,
				"axis": "y",
				"origin": [38.0716, 33.80556, 8.43971]
			},
			"faces": {
				"north": {
					"uv": [11.0625, 0.625, 10.75, 0.75],
					"texture": "#2"
				},
				"east": {
					"uv": [11, 7.625, 10.25, 7.75],
					"texture": "#2"
				},
				"south": {
					"uv": [11.0625, 0.875, 10.75, 1],
					"texture": "#2"
				},
				"west": {
					"uv": [11, 7.375, 10.25, 7.5],
					"texture": "#2"
				},
				"up": {
					"uv": [9.375, 3.875, 9.6875, 3.125],
					"texture": "#2"
				},
				"down": {
					"uv": [9.375, 4, 9.6875, 4.75],
					"texture": "#2"
				}
			}
		},
		{
			"from": [15.19824, 7.66332, 28.84836],
			"to": [17.81246, 8.09902, 29.93121],
			"rotation": {
				"angle": -45,
				"axis": "y",
				"origin": [38.0716, 33.80556, 8.43971]
			},
			"faces": {
				"north": {
					"uv": [11, 7.875, 10.25, 8],
					"texture": "#2"
				},
				"east": {
					"uv": [2.5625, 10.75, 2.25, 10.875],
					"texture": "#2"
				},
				"south": {
					"uv": [11, 8.125, 10.25, 8.25],
					"texture": "#2"
				},
				"west": {
					"uv": [2.0625, 10.75, 1.75, 10.875],
					"texture": "#2"
				},
				"up": {
					"uv": [9.375, 1.5625, 10.125, 1.25],
					"texture": "#2"
				},
				"down": {
					"uv": [9.375, 5.75, 10.125, 6.0625],
					"texture": "#2"
				}
			}
		},
		{
			"from": [15.19824, 11.58465, 28.84836],
			"to": [17.81246, 12.45606, 29.93121],
			"rotation": {
				"angle": -45,
				"axis": "y",
				"origin": [38.0716, 36.85549, 8.43971]
			},
			"faces": {
				"north": {
					"uv": [10.5, 2.5, 9.75, 2.75],
					"texture": "#2"
				},
				"east": {
					"uv": [9.5625, 10.5, 9.25, 10.75],
					"texture": "#2"
				},
				"south": {
					"uv": [10.5, 4.875, 9.75, 5.125],
					"texture": "#2"
				},
				"west": {
					"uv": [9.0625, 10.5, 8.75, 10.75],
					"texture": "#2"
				},
				"up": {
					"uv": [9.375, 6.5625, 10.125, 6.25],
					"texture": "#2"
				},
				"down": {
					"uv": [9.375, 6.75, 10.125, 7.0625],
					"texture": "#2"
				}
			}
		},
		{
			"from": [15.19824, 8.53473, 28.84836],
			"to": [17.81246, 10.27754, 29.93121],
			"rotation": {
				"angle": -45,
				"axis": "y",
				"origin": [38.0716, 34.67697, 8.43971]
			},
			"faces": {
				"north": {
					"uv": [8.125, 0.625, 7.375, 1.125],
					"texture": "#2"
				},
				"east": {
					"uv": [6.8125, 9.875, 6.5, 10.375],
					"texture": "#2"
				},
				"south": {
					"uv": [5, 7.375, 4.25, 7.875],
					"texture": "#2"
				},
				"west": {
					"uv": [10.1875, 4.125, 9.875, 4.625],
					"texture": "#2"
				},
				"up": {
					"uv": [9.375, 8.8125, 10.125, 8.5],
					"texture": "#2"
				},
				"down": {
					"uv": [8.75, 9.375, 9.5, 9.6875],
					"texture": "#2"
				}
			}
		},
		{
			"from": [7.46659, 8.53473, 6.6969],
			"to": [8.54944, 10.27754, 9.31112],
			"rotation": {
				"angle": 0,
				"axis": "y",
				"origin": [38.0716, 34.67697, 8.43971]
			},
			"faces": {
				"north": {
					"uv": [9.0625, 9.875, 8.75, 10.375],
					"texture": "#2"
				},
				"east": {
					"uv": [8.25, 5.375, 7.5, 5.875],
					"texture": "#2"
				},
				"south": {
					"uv": [9.5625, 9.875, 9.25, 10.375],
					"texture": "#2"
				},
				"west": {
					"uv": [8.25, 4.75, 7.5, 5.25],
					"texture": "#2"
				},
				"up": {
					"uv": [9.625, 9.75, 9.9375, 9],
					"texture": "#2"
				},
				"down": {
					"uv": [0.5, 9.75, 0.8125, 10.5],
					"texture": "#2"
				}
			}
		}
	],
	"display": {
		"head": {
			"rotation": [0, 180, 0]
		}
	}
}