{
	"textures": {
		"5": "animated_java:item/mech_torso/drill"
	},
	"elements": [
		{
			"from": [5.4915, 6.99646, 6.99887],
			"to": [6.7415, 8.99646, 8.99887],
			"rotation": {
				"angle": 0,
				"axis": "y",
				"origin": [8.7415, 18.99646, 7.99887]
			},
			"faces": {
				"north": {
					"uv": [6.625, 9.5, 6.8125, 9.75],
					"texture": "#5"
				},
				"east": {
					"uv": [1.125, 3.25, 1.375, 3.5],
					"texture": "#5"
				},
				"south": {
					"uv": [0, 9.875, 0.1875, 10.125],
					"texture": "#5"
				},
				"west": {
					"uv": [0.75, 4.625, 1, 4.875],
					"texture": "#5"
				},
				"up": {
					"uv": [10.3125, 3, 10.125, 2.75],
					"texture": "#5"
				},
				"down": {
					"uv": [8.4375, 10.125, 8.25, 10.375],
					"texture": "#5"
				}
			}
		},
		{
			"from": [7.66957, 5.50014, 2.00009],
			"to": [9.66957, 10.4707, 14.00009],
			"rotation": {
				"angle": 45,
				"axis": "x",
				"origin": [13.66957, 7.98542, 8.00009]
			},
			"faces": {
				"north": {
					"uv": [1.875, 6.75, 2.125, 7.375],
					"texture": "#5"
				},
				"east": {
					"uv": [2.25, 3.75, 3.75, 4.375],
					"texture": "#5"
				},
				"south": {
					"uv": [6.875, 5.25, 7.125, 5.875],
					"texture": "#5"
				},
				"west": {
					"uv": [3.875, 3.75, 5.375, 4.375],
					"texture": "#5"
				},
				"up": {
					"uv": [1.75, 9.875, 1.5, 8.375],
					"texture": "#5"
				},
				"down": {
					"uv": [7.5, 9.875, 7.25, 11.375],
					"texture": "#5"
				}
			}
		},
		{
			"from": [7.66957, 5.50014, 2.00009],
			"to": [9.66957, 10.4707, 14.00009],
			"rotation": {
				"angle": 0,
				"axis": "y",
				"origin": [13.66957, 7.98542, 8.00009]
			},
			"faces": {
				"north": {
					"uv": [12.25, 7.875, 12.5, 8.5],
					"texture": "#5"
				},
				"east": {
					"uv": [4.125, 0, 5.625, 0.625],
					"texture": "#5"
				},
				"south": {
					"uv": [12.25, 8.625, 12.5, 9.25],
					"texture": "#5"
				},
				"west": {
					"uv": [4.125, 0.75, 5.625, 1.375],
					"texture": "#5"
				},
				"up": {
					"uv": [1.375, 11.75, 1.125, 10.25],
					"texture": "#5"
				},
				"down": {
					"uv": [9.75, 10.5, 9.5, 12],
					"texture": "#5"
				}
			}
		},
		{
			"from": [7.66957, 1.98542, 5.51481],
			"to": [9.66957, 13.98542, 10.48537],
			"rotation": {
				"angle": 45,
				"axis": "x",
				"origin": [13.66957, 7.98542, 8.00009]
			},
			"faces": {
				"north": {
					"uv": [5.25, 10.625, 5.5, 12.125],
					"texture": "#5"
				},
				"east": {
					"uv": [4.125, 1.5, 4.75, 3],
					"texture": "#5"
				},
				"south": {
					"uv": [5.625, 10.625, 5.875, 12.125],
					"texture": "#5"
				},
				"west": {
					"uv": [2.25, 4.5, 2.875, 6],
					"texture": "#5"
				},
				"up": {
					"uv": [12.5, 10, 12.25, 9.375],
					"texture": "#5"
				},
				"down": {
					"uv": [12.5, 10.125, 12.25, 10.75],
					"texture": "#5"
				}
			}
		},
		{
			"from": [8.16957, 0.98542, 6.51481],
			"to": [9.16957, 14.98542, 9.48537],
			"rotation": {
				"angle": 45,
				"axis": "x",
				"origin": [6.66957, 7.98542, 8.00009]
			},
			"faces": {
				"north": {
					"uv": [8, 10.875, 8.125, 12.625],
					"texture": "#5"
				},
				"east": {
					"uv": [5.625, 7.625, 6, 9.375],
					"texture": "#5"
				},
				"south": {
					"uv": [1.5, 11.25, 1.625, 13],
					"texture": "#5"
				},
				"west": {
					"uv": [6.125, 7.625, 6.5, 9.375],
					"texture": "#5"
				},
				"up": {
					"uv": [7.875, 4.625, 7.75, 4.25],
					"texture": "#5"
				},
				"down": {
					"uv": [10.875, 1.625, 10.75, 2],
					"texture": "#5"
				}
			}
		},
		{
			"from": [8.16957, 0.98542, 6.51481],
			"to": [9.16957, 14.98542, 9.48537],
			"rotation": {
				"angle": 0,
				"axis": "y",
				"origin": [6.66957, 7.98542, 8.00009]
			},
			"faces": {
				"north": {
					"uv": [1.75, 11.25, 1.875, 13],
					"texture": "#5"
				},
				"east": {
					"uv": [6.625, 7.625, 7, 9.375],
					"texture": "#5"
				},
				"south": {
					"uv": [11.25, 6.5, 11.375, 8.25],
					"texture": "#5"
				},
				"west": {
					"uv": [7.75, 0, 8.125, 1.75],
					"texture": "#5"
				},
				"up": {
					"uv": [13, 7.375, 12.875, 7],
					"texture": "#5"
				},
				"down": {
					"uv": [13.125, 11.375, 13, 11.75],
					"texture": "#5"
				}
			}
		},
		{
			"from": [8.16957, 6.50014, 1.00009],
			"to": [9.16957, 9.4707, 15.00009],
			"rotation": {
				"angle": 0,
				"axis": "y",
				"origin": [6.66957, 7.98542, 8.00009]
			},
			"faces": {
				"north": {
					"uv": [13, 11.875, 13.125, 12.25],
					"texture": "#5"
				},
				"east": {
					"uv": [1.875, 7.75, 3.625, 8.125],
					"texture": "#5"
				},
				"south": {
					"uv": [12.75, 13, 12.875, 13.375],
					"texture": "#5"
				},
				"west": {
					"uv": [7.75, 1.875, 9.5, 2.25],
					"texture": "#5"
				},
				"up": {
					"uv": [11.5, 10.125, 11.375, 8.375],
					"texture": "#5"
				},
				"down": {
					"uv": [11.5, 10.25, 11.375, 12],
					"texture": "#5"
				}
			}
		},
		{
			"from": [8.16957, 0.98542, 6.51481],
			"to": [9.16957, 14.98542, 9.48537],
			"rotation": {
				"angle": -45,
				"axis": "x",
				"origin": [6.66957, 7.98542, 8.00009]
			},
			"faces": {
				"north": {
					"uv": [4, 11.5, 4.125, 13.25],
					"texture": "#5"
				},
				"east": {
					"uv": [7.75, 2.375, 8.125, 4.125],
					"texture": "#5"
				},
				"south": {
					"uv": [4.25, 11.5, 4.375, 13.25],
					"texture": "#5"
				},
				"west": {
					"uv": [3.75, 7.875, 4.125, 9.625],
					"texture": "#5"
				},
				"up": {
					"uv": [13.125, 13.375, 13, 13],
					"texture": "#5"
				},
				"down": {
					"uv": [13.25, 0, 13.125, 0.375],
					"texture": "#5"
				}
			}
		},
		{
			"from": [7.66957, 1.98542, 5.51481],
			"to": [9.66957, 13.98542, 10.48537],
			"rotation": {
				"angle": 0,
				"axis": "y",
				"origin": [13.66957, 7.98542, 8.00009]
			},
			"faces": {
				"north": {
					"uv": [6, 10.625, 6.25, 12.125],
					"texture": "#5"
				},
				"east": {
					"uv": [3, 4.5, 3.625, 6],
					"texture": "#5"
				},
				"south": {
					"uv": [10.625, 9.25, 10.875, 10.75],
					"texture": "#5"
				},
				"west": {
					"uv": [3.75, 4.5, 4.375, 6],
					"texture": "#5"
				},
				"up": {
					"uv": [12.5, 11.5, 12.25, 10.875],
					"texture": "#5"
				},
				"down": {
					"uv": [11.25, 12.25, 11, 12.875],
					"texture": "#5"
				}
			}
		},
		{
			"from": [6.47173, 4.07006, 6.3598],
			"to": [7.79173, 11.99006, 9.64038],
			"rotation": {
				"angle": 0,
				"axis": "y",
				"origin": [4.88173, 7.78006, 8.00009]
			},
			"faces": {
				"north": {
					"uv": [7.375, 0, 7.5625, 1],
					"texture": "#5"
				},
				"east": {
					"uv": [9.875, 3.25, 10.3125, 4.25],
					"texture": "#5"
				},
				"south": {
					"uv": [3.375, 8.25, 3.5625, 9.25],
					"texture": "#5"
				},
				"west": {
					"uv": [9.875, 4.375, 10.3125, 5.375],
					"texture": "#5"
				},
				"up": {
					"uv": [11.4375, 2.5625, 11.25, 2.125],
					"texture": "#5"
				},
				"down": {
					"uv": [12.8125, 8, 12.625, 8.4375],
					"texture": "#5"
				}
			}
		},
		{
			"from": [6.47173, 6.31655, 3.86331],
			"to": [7.79173, 9.59712, 11.78331],
			"rotation": {
				"angle": 45,
				"axis": "x",
				"origin": [4.88173, 7.78006, 8.00009]
			},
			"faces": {
				"north": {
					"uv": [12.625, 8.625, 12.8125, 9.0625],
					"texture": "#5"
				},
				"east": {
					"uv": [9.625, 1.5, 10.625, 1.9375],
					"texture": "#5"
				},
				"south": {
					"uv": [12.625, 9.25, 12.8125, 9.6875],
					"texture": "#5"
				},
				"west": {
					"uv": [9.625, 8.625, 10.625, 9.0625],
					"texture": "#5"
				},
				"up": {
					"uv": [11.9375, 5.5, 11.75, 4.5],
					"texture": "#5"
				},
				"down": {
					"uv": [11.9375, 5.625, 11.75, 6.625],
					"texture": "#5"
				}
			}
		},
		{
			"from": [6.47173, 6.38977, 4.04009],
			"to": [7.79173, 9.67035, 11.96009],
			"rotation": {
				"angle": 0,
				"axis": "y",
				"origin": [4.88173, 7.78006, 8.00009]
			},
			"faces": {
				"north": {
					"uv": [12.625, 9.875, 12.8125, 10.3125],
					"texture": "#5"
				},
				"east": {
					"uv": [10, 5.5, 11, 5.9375],
					"texture": "#5"
				},
				"south": {
					"uv": [12.625, 10.5, 12.8125, 10.9375],
					"texture": "#5"
				},
				"west": {
					"uv": [10, 6.125, 11, 6.5625],
					"texture": "#5"
				},
				"up": {
					"uv": [11.9375, 7.75, 11.75, 6.75],
					"texture": "#5"
				},
				"down": {
					"uv": [1.3125, 11.875, 1.125, 12.875],
					"texture": "#5"
				}
			}
		},
		{
			"from": [6.47173, 3.99684, 6.18303],
			"to": [7.79173, 11.91684, 9.4636],
			"rotation": {
				"angle": 45,
				"axis": "x",
				"origin": [4.88173, 7.78006, 8.00009]
			},
			"faces": {
				"north": {
					"uv": [11.875, 1.75, 12.0625, 2.75],
					"texture": "#5"
				},
				"east": {
					"uv": [6.625, 9.875, 7.0625, 10.875],
					"texture": "#5"
				},
				"south": {
					"uv": [11.875, 2.875, 12.0625, 3.875],
					"texture": "#5"
				},
				"west": {
					"uv": [10, 9.25, 10.4375, 10.25],
					"texture": "#5"
				},
				"up": {
					"uv": [12.8125, 11.5625, 12.625, 11.125],
					"texture": "#5"
				},
				"down": {
					"uv": [12.8125, 11.75, 12.625, 12.1875],
					"texture": "#5"
				}
			}
		}
	],
	"display": {
		"head": {
			"rotation": [0, 180, 0]
		}
	}
}