{
	"textures": {
		"1": "animated_java:item/mech_torso/mech"
	},
	"elements": [
		{
			"from": [5.74102, 4.83743, 5.74102],
			"to": [12.06616, 11.16257, 10.25898],
			"rotation": {
				"angle": 0,
				"axis": "y",
				"origin": [4.83743, 8, 8]
			},
			"faces": {
				"north": {
					"uv": [7.125, 4.875, 7.5625, 5.3125],
					"texture": "#1"
				},
				"east": {
					"uv": [4.875, 2, 5.1875, 2.4375],
					"texture": "#1"
				},
				"south": {
					"uv": [7.25, 2.5, 7.6875, 2.9375],
					"texture": "#1"
				},
				"west": {
					"uv": [5.25, 3.5, 5.5625, 3.9375],
					"texture": "#1"
				},
				"up": {
					"uv": [5.375, 8.0625, 4.9375, 7.75],
					"texture": "#1"
				},
				"down": {
					"uv": [8.1875, 5.3125, 7.75, 5.625],
					"texture": "#1"
				}
			}
		},
		{
			"from": [6.64461, 5.74102, 4.83743],
			"to": [11.16257, 10.25898, 11.16257],
			"rotation": {
				"angle": 0,
				"axis": "y",
				"origin": [4.83743, 8, 8]
			},
			"faces": {
				"north": {
					"uv": [6.6875, 8.375, 7, 8.6875],
					"texture": "#1"
				},
				"east": {
					"uv": [7.8125, 0, 8.25, 0.3125],
					"texture": "#1"
				},
				"south": {
					"uv": [8.4375, 8.0625, 8.75, 8.375],
					"texture": "#1"
				},
				"west": {
					"uv": [7.8125, 0.375, 8.25, 0.6875],
					"texture": "#1"
				},
				"up": {
					"uv": [5.75, 8.1875, 5.4375, 7.75],
					"texture": "#1"
				},
				"down": {
					"uv": [8.125, 0.75, 7.8125, 1.1875],
					"texture": "#1"
				}
			}
		},
		{
			"from": [4.83743, -6.00568, 4.83743],
			"to": [11.16257, 3.93384, 11.16257],
			"rotation": {
				"angle": 0,
				"axis": "y",
				"origin": [8, -1.48772, 8]
			},
			"faces": {
				"north": {
					"uv": [5.5625, 2.75, 6, 3.4375],
					"texture": "#1"
				},
				"east": {
					"uv": [3.0625, 5.625, 3.5, 6.3125],
					"texture": "#1"
				},
				"south": {
					"uv": [5.6875, 3.5, 6.125, 4.1875],
					"texture": "#1"
				},
				"west": {
					"uv": [4.625, 5.6875, 5.0625, 6.375],
					"texture": "#1"
				},
				"up": {
					"uv": [3.0625, 7.6875, 2.625, 7.25],
					"texture": "#1"
				},
				"down": {
					"uv": [7.6875, 5.375, 7.25, 5.8125],
					"texture": "#1"
				}
			}
		},
		{
			"from": [11.16257, -5.10208, 6.64461],
			"to": [12.06616, 3.03024, 9.35539],
			"rotation": {
				"angle": 0,
				"axis": "y",
				"origin": [8, -1.48772, 8]
			},
			"faces": {
				"north": {
					"uv": [5.4375, 1.375, 5.5, 1.9375],
					"texture": "#1"
				},
				"east": {
					"uv": [7.6875, 8.3125, 7.875, 8.875],
					"texture": "#1"
				},
				"south": {
					"uv": [5.75, 0.75, 5.8125, 1.3125],
					"texture": "#1"
				},
				"west": {
					"uv": [0.1875, 8.375, 0.375, 8.9375],
					"texture": "#1"
				},
				"up": {
					"uv": [9.6875, 10.1875, 9.625, 10],
					"texture": "#1"
				},
				"down": {
					"uv": [10.125, 1.0625, 10.0625, 1.25],
					"texture": "#1"
				}
			}
		},
		{
			"from": [5.83138, -10.52364, 10.25898],
			"to": [10.25898, -0.58412, 12.06616],
			"rotation": {
				"angle": 0,
				"axis": "y",
				"origin": [8, -1.48772, 8]
			},
			"faces": {
				"north": {
					"uv": [0, 6.5625, 0.3125, 7.25],
					"texture": "#1"
				},
				"east": {
					"uv": [2.3125, 5.125, 2.4375, 5.8125],
					"texture": "#1"
				},
				"south": {
					"uv": [1.25, 6.875, 1.5625, 7.5625],
					"texture": "#1"
				},
				"west": {
					"uv": [0.4375, 8.375, 0.5625, 9.0625],
					"texture": "#1"
				},
				"up": {
					"uv": [7.6875, 7.0625, 7.375, 6.9375],
					"texture": "#1"
				},
				"down": {
					"uv": [2.0625, 9.5625, 1.75, 9.6875],
					"texture": "#1"
				}
			}
		},
		{
			"from": [5.92174, -12.83743, 9.82989],
			"to": [10.16862, -10.12665, 11.63708],
			"rotation": {
				"angle": 45,
				"axis": "x",
				"origin": [7.09641, -10.8431, 11.37241]
			},
			"faces": {
				"north": {
					"uv": [7.8125, 1.75, 8.125, 1.9375],
					"texture": "#1"
				},
				"east": {
					"uv": [2.6875, 9.875, 2.8125, 10.0625],
					"texture": "#1"
				},
				"south": {
					"uv": [8.25, 9.125, 8.5625, 9.3125],
					"texture": "#1"
				},
				"west": {
					"uv": [9.875, 3.375, 10, 3.5625],
					"texture": "#1"
				},
				"up": {
					"uv": [9.875, 3.125, 9.5625, 3],
					"texture": "#1"
				},
				"down": {
					"uv": [9.875, 4, 9.5625, 4.125],
					"texture": "#1"
				}
			}
		},
		{
			"from": [3.03024, -8.71645, 4.38563],
			"to": [4.83743, 4.83743, 11.61437],
			"rotation": {
				"angle": 0,
				"axis": "y",
				"origin": [8, -1.48772, 8]
			},
			"faces": {
				"north": {
					"uv": [0, 8.0625, 0.125, 9],
					"texture": "#1"
				},
				"east": {
					"uv": [4.625, 4.6875, 5.125, 5.625],
					"texture": "#1"
				},
				"south": {
					"uv": [0.8125, 8.0625, 0.9375, 9],
					"texture": "#1"
				},
				"west": {
					"uv": [4.875, 0, 5.375, 0.9375],
					"texture": "#1"
				},
				"up": {
					"uv": [4.25, 9.4375, 4.125, 8.9375],
					"texture": "#1"
				},
				"down": {
					"uv": [7.75, 8.9375, 7.625, 9.4375],
					"texture": "#1"
				}
			}
		},
		{
			"from": [3.45934, 4.44044, 4.39469],
			"to": [5.26653, 6.24763, 11.60535],
			"rotation": {
				"angle": -45,
				"axis": "z",
				"origin": [3.72399, 5.15689, 8.4518]
			},
			"faces": {
				"north": {
					"uv": [9.9375, 5.3125, 10.0625, 5.4375],
					"texture": "#1"
				},
				"east": {
					"uv": [8.875, 3.375, 9.375, 3.5],
					"texture": "#1"
				},
				"south": {
					"uv": [9.9375, 6.4375, 10.0625, 6.5625],
					"texture": "#1"
				},
				"west": {
					"uv": [8.9375, 0.25, 9.4375, 0.375],
					"texture": "#1"
				},
				"up": {
					"uv": [0.3125, 9.5, 0.1875, 9],
					"texture": "#1"
				},
				"down": {
					"uv": [2.25, 9, 2.125, 9.5],
					"texture": "#1"
				}
			}
		},
		{
			"from": [5.74102, -4.19849, 3.93384],
			"to": [9.35539, 2.12665, 4.83743],
			"rotation": {
				"angle": 0,
				"axis": "y",
				"origin": [8, -1.48772, 8]
			},
			"faces": {
				"north": {
					"uv": [1.375, 8.3125, 1.625, 8.75],
					"texture": "#1"
				},
				"east": {
					"uv": [0.9375, 5.1875, 1, 5.625],
					"texture": "#1"
				},
				"south": {
					"uv": [1.6875, 8.3125, 1.9375, 8.75],
					"texture": "#1"
				},
				"west": {
					"uv": [0.375, 6.5625, 0.4375, 7],
					"texture": "#1"
				},
				"up": {
					"uv": [4.4375, 4.0625, 4.1875, 4],
					"texture": "#1"
				},
				"down": {
					"uv": [5.9375, 4.5625, 5.6875, 4.625],
					"texture": "#1"
				}
			}
		},
		{
			"from": [7.5482, -9.62004, 5.74102],
			"to": [9.35539, -5.10208, 9.35539],
			"rotation": {
				"angle": 0,
				"axis": "y",
				"origin": [8, -5.10208, 8]
			},
			"faces": {
				"north": {
					"uv": [3.125, 7.25, 3.25, 7.5625],
					"texture": "#1"
				},
				"east": {
					"uv": [7.1875, 1.5, 7.4375, 1.8125],
					"texture": "#1"
				},
				"south": {
					"uv": [7.625, 9.5, 7.75, 9.8125],
					"texture": "#1"
				},
				"west": {
					"uv": [3.125, 8.8125, 3.375, 9.125],
					"texture": "#1"
				},
				"up": {
					"uv": [9.75, 6, 9.625, 5.75],
					"texture": "#1"
				},
				"down": {
					"uv": [9.75, 9.6875, 9.625, 9.9375],
					"texture": "#1"
				}
			}
		},
		{
			"from": [7.5482, 2.12665, 6.64461],
			"to": [10.25898, 9.35539, 9.35539],
			"rotation": {
				"angle": 0,
				"axis": "y",
				"origin": [7.5482, 3.48204, 8]
			},
			"faces": {
				"north": {
					"uv": [2.875, 8.5, 3.0625, 9],
					"texture": "#1"
				},
				"east": {
					"uv": [3.4375, 8.5, 3.625, 9],
					"texture": "#1"
				},
				"south": {
					"uv": [6.375, 8.5625, 6.5625, 9.0625],
					"texture": "#1"
				},
				"west": {
					"uv": [8.5625, 7.3125, 8.75, 7.8125],
					"texture": "#1"
				},
				"up": {
					"uv": [9.8125, 1.25, 9.625, 1.0625],
					"texture": "#1"
				},
				"down": {
					"uv": [9.8125, 1.3125, 9.625, 1.5],
					"texture": "#1"
				}
			}
		}
	],
	"display": {
		"head": {
			"rotation": [0, 180, 0]
		}
	}
}