{
	"textures": {
		"4": "animated_java:item/mech_torso/rocket"
	},
	"elements": [
		{
			"from": [6.69808, -0.67944, 5.83014],
			"to": [7.56603, 7.13206, 9.30192],
			"rotation": {
				"angle": 0,
				"axis": "y",
				"origin": [8, 8, 8]
			},
			"faces": {
				"north": {
					"uv": [6.625, 4.5, 6.875, 6.75],
					"texture": "#4"
				},
				"east": {
					"uv": [0, 0, 1, 2.25],
					"texture": "#4"
				},
				"south": {
					"uv": [6.625, 6.875, 6.875, 9.125],
					"texture": "#4"
				},
				"west": {
					"uv": [1.125, 0, 2.125, 2.25],
					"texture": "#4"
				},
				"up": {
					"uv": [8.125, 7.75, 7.875, 6.75],
					"texture": "#4"
				},
				"down": {
					"uv": [8.125, 7.875, 7.875, 8.875],
					"texture": "#4"
				}
			}
		},
		{
			"from": [6.26411, -1.11341, 7.13206],
			"to": [7.13206, 3.22631, 8],
			"rotation": {
				"angle": 0,
				"axis": "y",
				"origin": [8, 8, 8]
			},
			"faces": {
				"north": {
					"uv": [4.5, 7.125, 4.75, 8.375],
					"texture": "#4"
				},
				"east": {
					"uv": [4.875, 7.125, 5.125, 8.375],
					"texture": "#4"
				},
				"south": {
					"uv": [5.25, 7.125, 5.5, 8.375],
					"texture": "#4"
				},
				"west": {
					"uv": [7.375, 0, 7.625, 1.25],
					"texture": "#4"
				},
				"up": {
					"uv": [9.625, 8.75, 9.375, 8.5],
					"texture": "#4"
				},
				"down": {
					"uv": [9.625, 8.875, 9.375, 9.125],
					"texture": "#4"
				}
			}
		},
		{
			"from": [10.60383, -1.11341, 7.13206],
			"to": [11.47178, 3.22631, 8],
			"rotation": {
				"angle": 0,
				"axis": "y",
				"origin": [8, 8, 8]
			},
			"faces": {
				"north": {
					"uv": [7.375, 1.375, 7.625, 2.625],
					"texture": "#4"
				},
				"east": {
					"uv": [7.375, 2.75, 7.625, 4],
					"texture": "#4"
				},
				"south": {
					"uv": [7.375, 4.125, 7.625, 5.375],
					"texture": "#4"
				},
				"west": {
					"uv": [7.375, 5.5, 7.625, 6.75],
					"texture": "#4"
				},
				"up": {
					"uv": [1.625, 9.75, 1.375, 9.5],
					"texture": "#4"
				},
				"down": {
					"uv": [2, 9.5, 1.75, 9.75],
					"texture": "#4"
				}
			}
		},
		{
			"from": [4.50609, 2.35926, 6.69808],
			"to": [4.94006, 3.66118, 8.43397],
			"rotation": {
				"angle": 22.5,
				"axis": "z",
				"origin": [6.4723, 7.86877, 8]
			},
			"faces": {
				"north": {
					"uv": [0.75, 9.875, 0.875, 10.25],
					"texture": "#4"
				},
				"east": {
					"uv": [8.375, 2, 8.875, 2.375],
					"texture": "#4"
				},
				"south": {
					"uv": [9.875, 0.75, 10, 1.125],
					"texture": "#4"
				},
				"west": {
					"uv": [8.375, 2.5, 8.875, 2.875],
					"texture": "#4"
				},
				"up": {
					"uv": [7.75, 9.75, 7.625, 9.25],
					"texture": "#4"
				},
				"down": {
					"uv": [2.25, 9.5, 2.125, 10],
					"texture": "#4"
				}
			}
		},
		{
			"from": [5.00431, 3.56208, 6.69808],
			"to": [5.43828, 4.864, 8.43397],
			"rotation": {
				"angle": 22.5,
				"axis": "z",
				"origin": [6.4723, 7.86877, 8]
			},
			"faces": {
				"north": {
					"uv": [1, 9.875, 1.125, 10.25],
					"texture": "#4"
				},
				"east": {
					"uv": [8.375, 3, 8.875, 3.375],
					"texture": "#4"
				},
				"south": {
					"uv": [1.25, 9.875, 1.375, 10.25],
					"texture": "#4"
				},
				"west": {
					"uv": [8.375, 3.5, 8.875, 3.875],
					"texture": "#4"
				},
				"up": {
					"uv": [2.5, 10, 2.375, 9.5],
					"texture": "#4"
				},
				"down": {
					"uv": [2.75, 9.5, 2.625, 10],
					"texture": "#4"
				}
			}
		},
		{
			"from": [5.50253, 4.76489, 6.69808],
			"to": [5.93651, 6.06681, 8.43397],
			"rotation": {
				"angle": 22.5,
				"axis": "z",
				"origin": [6.4723, 7.86877, 8]
			},
			"faces": {
				"north": {
					"uv": [9.875, 1.25, 10, 1.625],
					"texture": "#4"
				},
				"east": {
					"uv": [8.375, 4, 8.875, 4.375],
					"texture": "#4"
				},
				"south": {
					"uv": [1.5, 9.875, 1.625, 10.25],
					"texture": "#4"
				},
				"west": {
					"uv": [8.375, 4.5, 8.875, 4.875],
					"texture": "#4"
				},
				"up": {
					"uv": [3, 10, 2.875, 9.5],
					"texture": "#4"
				},
				"down": {
					"uv": [3.25, 9.5, 3.125, 10],
					"texture": "#4"
				}
			}
		},
		{
			"from": [6.00076, 5.96771, 6.69808],
			"to": [6.43473, 7.26962, 8.43397],
			"rotation": {
				"angle": 22.5,
				"axis": "z",
				"origin": [6.4723, 7.86877, 8]
			},
			"faces": {
				"north": {
					"uv": [1.75, 9.875, 1.875, 10.25],
					"texture": "#4"
				},
				"east": {
					"uv": [8.375, 5, 8.875, 5.375],
					"texture": "#4"
				},
				"south": {
					"uv": [5.5, 9.875, 5.625, 10.25],
					"texture": "#4"
				},
				"west": {
					"uv": [8.375, 5.5, 8.875, 5.875],
					"texture": "#4"
				},
				"up": {
					"uv": [3.5, 10, 3.375, 9.5],
					"texture": "#4"
				},
				"down": {
					"uv": [3.75, 9.5, 3.625, 10],
					"texture": "#4"
				}
			}
		},
		{
			"from": [10.16986, -0.67944, 5.83014],
			"to": [11.0378, 7.13206, 9.30192],
			"rotation": {
				"angle": 0,
				"axis": "y",
				"origin": [23.623, 8, 8]
			},
			"faces": {
				"north": {
					"uv": [7, 0, 7.25, 2.25],
					"texture": "#4"
				},
				"east": {
					"uv": [2.25, 0, 3.25, 2.25],
					"texture": "#4"
				},
				"south": {
					"uv": [7, 2.375, 7.25, 4.625],
					"texture": "#4"
				},
				"west": {
					"uv": [0, 2.375, 1, 4.625],
					"texture": "#4"
				},
				"up": {
					"uv": [8.25, 3, 8, 2],
					"texture": "#4"
				},
				"down": {
					"uv": [8.25, 3.125, 8, 4.125],
					"texture": "#4"
				}
			}
		},
		{
			"from": [13.85292, -2.9551, 6.69808],
			"to": [14.28689, -1.65319, 8.43397],
			"rotation": {
				"angle": -22.5,
				"axis": "z",
				"origin": [25.1507, 7.86877, 8]
			},
			"faces": {
				"north": {
					"uv": [5.75, 9.875, 5.875, 10.25],
					"texture": "#4"
				},
				"east": {
					"uv": [8.375, 6, 8.875, 6.375],
					"texture": "#4"
				},
				"south": {
					"uv": [6, 9.875, 6.125, 10.25],
					"texture": "#4"
				},
				"west": {
					"uv": [4.5, 8.5, 5, 8.875],
					"texture": "#4"
				},
				"up": {
					"uv": [4, 10, 3.875, 9.5],
					"texture": "#4"
				},
				"down": {
					"uv": [4.25, 9.5, 4.125, 10],
					"texture": "#4"
				}
			}
		},
		{
			"from": [13.3547, -1.75229, 6.69808],
			"to": [13.78867, -0.45037, 8.43397],
			"rotation": {
				"angle": -22.5,
				"axis": "z",
				"origin": [25.1507, 7.86877, 8]
			},
			"faces": {
				"north": {
					"uv": [6.25, 9.875, 6.375, 10.25],
					"texture": "#4"
				},
				"east": {
					"uv": [5.125, 8.5, 5.625, 8.875],
					"texture": "#4"
				},
				"south": {
					"uv": [6.5, 9.875, 6.625, 10.25],
					"texture": "#4"
				},
				"west": {
					"uv": [8.625, 0, 9.125, 0.375],
					"texture": "#4"
				},
				"up": {
					"uv": [9.625, 7.5, 9.5, 7],
					"texture": "#4"
				},
				"down": {
					"uv": [9.625, 7.625, 9.5, 8.125],
					"texture": "#4"
				}
			}
		},
		{
			"from": [12.85648, -0.54947, 6.69808],
			"to": [13.29045, 0.75244, 8.43397],
			"rotation": {
				"angle": -22.5,
				"axis": "z",
				"origin": [25.1507, 7.86877, 8]
			},
			"faces": {
				"north": {
					"uv": [7.625, 9.875, 7.75, 10.25],
					"texture": "#4"
				},
				"east": {
					"uv": [8.625, 0.5, 9.125, 0.875],
					"texture": "#4"
				},
				"south": {
					"uv": [9.25, 9.875, 9.375, 10.25],
					"texture": "#4"
				},
				"west": {
					"uv": [8.625, 1, 9.125, 1.375],
					"texture": "#4"
				},
				"up": {
					"uv": [8.375, 10, 8.25, 9.5],
					"texture": "#4"
				},
				"down": {
					"uv": [8.625, 9.5, 8.5, 10],
					"texture": "#4"
				}
			}
		},
		{
			"from": [12.35826, 0.65334, 6.69808],
			"to": [12.79223, 1.95526, 8.43397],
			"rotation": {
				"angle": -22.5,
				"axis": "z",
				"origin": [25.1507, 7.86877, 8]
			},
			"faces": {
				"north": {
					"uv": [0, 10, 0.125, 10.375],
					"texture": "#4"
				},
				"east": {
					"uv": [8.625, 1.5, 9.125, 1.875],
					"texture": "#4"
				},
				"south": {
					"uv": [10, 9.25, 10.125, 9.625],
					"texture": "#4"
				},
				"west": {
					"uv": [8.625, 6.5, 9.125, 6.875],
					"texture": "#4"
				},
				"up": {
					"uv": [8.875, 10, 8.75, 9.5],
					"texture": "#4"
				},
				"down": {
					"uv": [9.125, 9.5, 9, 10],
					"texture": "#4"
				}
			}
		},
		{
			"from": [6.59898, 6.63383, 5.83014],
			"to": [7.46693, 8.89049, 6.69808],
			"rotation": {
				"angle": -22.5,
				"axis": "z",
				"origin": [7.9009, 6.63383, 8]
			},
			"faces": {
				"north": {
					"uv": [8.625, 8.5, 8.875, 9.125],
					"texture": "#4"
				},
				"east": {
					"uv": [8.25, 8.75, 8.5, 9.375],
					"texture": "#4"
				},
				"south": {
					"uv": [9, 2, 9.25, 2.625],
					"texture": "#4"
				},
				"west": {
					"uv": [9, 2.75, 9.25, 3.375],
					"texture": "#4"
				},
				"up": {
					"uv": [9.5, 9.75, 9.25, 9.5],
					"texture": "#4"
				},
				"down": {
					"uv": [0.25, 9.625, 0, 9.875],
					"texture": "#4"
				}
			}
		},
		{
			"from": [6.59898, 6.63383, 8.43397],
			"to": [7.46693, 8.89049, 9.30192],
			"rotation": {
				"angle": -22.5,
				"axis": "z",
				"origin": [7.9009, 6.63383, 8]
			},
			"faces": {
				"north": {
					"uv": [9, 3.5, 9.25, 4.125],
					"texture": "#4"
				},
				"east": {
					"uv": [9, 4.25, 9.25, 4.875],
					"texture": "#4"
				},
				"south": {
					"uv": [4.5, 9, 4.75, 9.625],
					"texture": "#4"
				},
				"west": {
					"uv": [4.875, 9, 5.125, 9.625],
					"texture": "#4"
				},
				"up": {
					"uv": [9.875, 0.625, 9.625, 0.375],
					"texture": "#4"
				},
				"down": {
					"uv": [9.875, 9.25, 9.625, 9.5],
					"texture": "#4"
				}
			}
		},
		{
			"from": [6.59898, 6.63383, 6.69808],
			"to": [7.46693, 7.50178, 8.43397],
			"rotation": {
				"angle": -22.5,
				"axis": "z",
				"origin": [7.9009, 6.63383, 8]
			},
			"faces": {
				"north": {
					"uv": [9.625, 9.625, 9.875, 9.875],
					"texture": "#4"
				},
				"east": {
					"uv": [0, 9.25, 0.5, 9.5],
					"texture": "#4"
				},
				"south": {
					"uv": [9.75, 2.5, 10, 2.75],
					"texture": "#4"
				},
				"west": {
					"uv": [9.25, 0, 9.75, 0.25],
					"texture": "#4"
				},
				"up": {
					"uv": [9.5, 0.875, 9.25, 0.375],
					"texture": "#4"
				},
				"down": {
					"uv": [0.875, 9.25, 0.625, 9.75],
					"texture": "#4"
				}
			}
		},
		{
			"from": [11.32606, 11.9482, 6.69808],
			"to": [12.194, 12.81614, 8.43397],
			"rotation": {
				"angle": 22.5,
				"axis": "z",
				"origin": [23.7221, 6.63383, 8]
			},
			"faces": {
				"north": {
					"uv": [9.75, 2.875, 10, 3.125],
					"texture": "#4"
				},
				"east": {
					"uv": [9.25, 1, 9.75, 1.25],
					"texture": "#4"
				},
				"south": {
					"uv": [9.75, 3.25, 10, 3.5],
					"texture": "#4"
				},
				"west": {
					"uv": [9.25, 1.375, 9.75, 1.625],
					"texture": "#4"
				},
				"up": {
					"uv": [1.25, 9.75, 1, 9.25],
					"texture": "#4"
				},
				"down": {
					"uv": [6.625, 9.25, 6.375, 9.75],
					"texture": "#4"
				}
			}
		},
		{
			"from": [11.32606, 11.9482, 5.83014],
			"to": [12.194, 14.20486, 6.69808],
			"rotation": {
				"angle": 22.5,
				"axis": "z",
				"origin": [23.7221, 6.63383, 8]
			},
			"faces": {
				"north": {
					"uv": [9, 5, 9.25, 5.625],
					"texture": "#4"
				},
				"east": {
					"uv": [5.25, 9, 5.5, 9.625],
					"texture": "#4"
				},
				"south": {
					"uv": [9, 5.75, 9.25, 6.375],
					"texture": "#4"
				},
				"west": {
					"uv": [7, 9, 7.25, 9.625],
					"texture": "#4"
				},
				"up": {
					"uv": [10, 3.875, 9.75, 3.625],
					"texture": "#4"
				},
				"down": {
					"uv": [10, 4, 9.75, 4.25],
					"texture": "#4"
				}
			}
		},
		{
			"from": [11.32606, 11.9482, 8.43397],
			"to": [12.194, 14.20486, 9.30192],
			"rotation": {
				"angle": 22.5,
				"axis": "z",
				"origin": [23.7221, 6.63383, 8]
			},
			"faces": {
				"north": {
					"uv": [7.875, 9, 8.125, 9.625],
					"texture": "#4"
				},
				"east": {
					"uv": [9, 8.5, 9.25, 9.125],
					"texture": "#4"
				},
				"south": {
					"uv": [5.625, 9.125, 5.875, 9.75],
					"texture": "#4"
				},
				"west": {
					"uv": [6, 9.125, 6.25, 9.75],
					"texture": "#4"
				},
				"up": {
					"uv": [4.625, 10, 4.375, 9.75],
					"texture": "#4"
				},
				"down": {
					"uv": [10, 4.375, 9.75, 4.625],
					"texture": "#4"
				}
			}
		},
		{
			"from": [8.65096, -0.67944, 6.26411],
			"to": [9.08493, 7.13206, 8.86794],
			"rotation": {
				"angle": 0,
				"axis": "y",
				"origin": [8, 8, 8]
			},
			"faces": {
				"north": {
					"uv": [7.375, 6.875, 7.5, 9.125],
					"texture": "#4"
				},
				"east": {
					"uv": [1.125, 2.375, 2.125, 4.625],
					"texture": "#4"
				},
				"south": {
					"uv": [7.625, 6.875, 7.75, 9.125],
					"texture": "#4"
				},
				"west": {
					"uv": [2.25, 2.375, 3.25, 4.625],
					"texture": "#4"
				},
				"up": {
					"uv": [6.875, 10.25, 6.75, 9.25],
					"texture": "#4"
				},
				"down": {
					"uv": [7.5, 9.25, 7.375, 10.25],
					"texture": "#4"
				}
			}
		},
		{
			"from": [7.56603, 1.92439, 5.83014],
			"to": [10.16986, 2.35836, 9.30192],
			"rotation": {
				"angle": 0,
				"axis": "y",
				"origin": [8, 8, 8]
			},
			"faces": {
				"north": {
					"uv": [9.25, 6.75, 10, 6.875],
					"texture": "#4"
				},
				"east": {
					"uv": [9.25, 1.75, 10.25, 1.875],
					"texture": "#4"
				},
				"south": {
					"uv": [8.625, 9.25, 9.375, 9.375],
					"texture": "#4"
				},
				"west": {
					"uv": [9.25, 6.5, 10.25, 6.625],
					"texture": "#4"
				},
				"up": {
					"uv": [6.5, 5.75, 5.75, 4.75],
					"texture": "#4"
				},
				"down": {
					"uv": [6.5, 5.875, 5.75, 6.875],
					"texture": "#4"
				}
			}
		},
		{
			"from": [7.56603, -0.67944, 4.9622],
			"to": [10.16986, 7.13206, 6.26411],
			"rotation": {
				"angle": 0,
				"axis": "y",
				"origin": [10.38685, 3.22631, 4.52822]
			},
			"faces": {
				"north": {
					"uv": [3.375, 0, 4.125, 2.25],
					"texture": "#4"
				},
				"east": {
					"uv": [1.75, 4.75, 2.125, 7],
					"texture": "#4"
				},
				"south": {
					"uv": [3.375, 2.375, 4.125, 4.625],
					"texture": "#4"
				},
				"west": {
					"uv": [2.25, 4.75, 2.625, 7],
					"texture": "#4"
				},
				"up": {
					"uv": [8.5, 0.375, 7.75, 0],
					"texture": "#4"
				},
				"down": {
					"uv": [8.5, 0.5, 7.75, 0.875],
					"texture": "#4"
				}
			}
		},
		{
			"from": [8.43397, -1.11341, 4.52822],
			"to": [9.30192, 5.83014, 5.39617],
			"rotation": {
				"angle": 0,
				"axis": "y",
				"origin": [10.38685, 3.22631, 4.52822]
			},
			"faces": {
				"north": {
					"uv": [7, 4.75, 7.25, 6.75],
					"texture": "#4"
				},
				"east": {
					"uv": [5.75, 7, 6, 9],
					"texture": "#4"
				},
				"south": {
					"uv": [6.125, 7, 6.375, 9],
					"texture": "#4"
				},
				"west": {
					"uv": [7, 6.875, 7.25, 8.875],
					"texture": "#4"
				},
				"up": {
					"uv": [5, 10, 4.75, 9.75],
					"texture": "#4"
				},
				"down": {
					"uv": [10, 4.75, 9.75, 5],
					"texture": "#4"
				}
			}
		},
		{
			"from": [8.43397, 4.95129, 5.78201],
			"to": [9.30192, 5.81923, 6.64995],
			"rotation": {
				"angle": 45,
				"axis": "x",
				"origin": [8.86794, 6.90416, 6.21598]
			},
			"faces": {
				"north": {
					"uv": [5.125, 9.75, 5.375, 10],
					"texture": "#4"
				},
				"east": {
					"uv": [9.75, 5.125, 10, 5.375],
					"texture": "#4"
				},
				"south": {
					"uv": [9.75, 5.5, 10, 5.75],
					"texture": "#4"
				},
				"west": {
					"uv": [9.75, 5.875, 10, 6.125],
					"texture": "#4"
				},
				"up": {
					"uv": [7.25, 10, 7, 9.75],
					"texture": "#4"
				},
				"down": {
					"uv": [10, 7, 9.75, 7.25],
					"texture": "#4"
				}
			}
		},
		{
			"from": [8.43397, -1.11341, 9.71525],
			"to": [9.30192, 5.83014, 10.58319],
			"rotation": {
				"angle": 0,
				"axis": "y",
				"origin": [10.38685, 3.22631, 8.52183]
			},
			"faces": {
				"north": {
					"uv": [0, 7.125, 0.25, 9.125],
					"texture": "#4"
				},
				"east": {
					"uv": [0.375, 7.125, 0.625, 9.125],
					"texture": "#4"
				},
				"south": {
					"uv": [0.75, 7.125, 1, 9.125],
					"texture": "#4"
				},
				"west": {
					"uv": [1.125, 7.125, 1.375, 9.125],
					"texture": "#4"
				},
				"up": {
					"uv": [10, 7.625, 9.75, 7.375],
					"texture": "#4"
				},
				"down": {
					"uv": [10, 7.75, 9.75, 8],
					"texture": "#4"
				}
			}
		},
		{
			"from": [8.43397, 3.49369, 7.8577],
			"to": [9.30192, 4.36163, 8.72565],
			"rotation": {
				"angle": -45,
				"axis": "x",
				"origin": [8.86794, 6.90416, 6.83407]
			},
			"faces": {
				"north": {
					"uv": [7.875, 9.75, 8.125, 10],
					"texture": "#4"
				},
				"east": {
					"uv": [9.75, 8.125, 10, 8.375],
					"texture": "#4"
				},
				"south": {
					"uv": [9.75, 8.5, 10, 8.75],
					"texture": "#4"
				},
				"west": {
					"uv": [9.75, 8.875, 10, 9.125],
					"texture": "#4"
				},
				"up": {
					"uv": [10.125, 0.25, 9.875, 0],
					"texture": "#4"
				},
				"down": {
					"uv": [0.625, 9.875, 0.375, 10.125],
					"texture": "#4"
				}
			}
		},
		{
			"from": [7.1693, -0.6751, 5.05204],
			"to": [7.78294, 7.1364, 6.28018],
			"rotation": {
				"angle": -45,
				"axis": "y",
				"origin": [7.47612, 3.22631, 5.48601]
			},
			"faces": {
				"north": {
					"uv": [1.5, 7.125, 1.6875, 9.375],
					"texture": "#4"
				},
				"east": {
					"uv": [2.75, 4.75, 3.125, 7],
					"texture": "#4"
				},
				"south": {
					"uv": [1.875, 7.125, 2.0625, 9.375],
					"texture": "#4"
				},
				"west": {
					"uv": [3.25, 4.75, 3.625, 7],
					"texture": "#4"
				},
				"up": {
					"uv": [9.5625, 2.875, 9.375, 2.5],
					"texture": "#4"
				},
				"down": {
					"uv": [9.5625, 3, 9.375, 3.375],
					"texture": "#4"
				}
			}
		},
		{
			"from": [14.0204, -0.6751, -4.76763],
			"to": [14.63403, 7.1364, -3.53949],
			"rotation": {
				"angle": 45,
				"axis": "y",
				"origin": [24.14688, 3.22631, 5.48601]
			},
			"faces": {
				"north": {
					"uv": [2.25, 7.125, 2.4375, 9.375],
					"texture": "#4"
				},
				"east": {
					"uv": [3.75, 4.75, 4.125, 7],
					"texture": "#4"
				},
				"south": {
					"uv": [2.625, 7.125, 2.8125, 9.375],
					"texture": "#4"
				},
				"west": {
					"uv": [4.25, 4.75, 4.625, 7],
					"texture": "#4"
				},
				"up": {
					"uv": [9.5625, 3.875, 9.375, 3.5],
					"texture": "#4"
				},
				"down": {
					"uv": [9.5625, 4, 9.375, 4.375],
					"texture": "#4"
				}
			}
		},
		{
			"from": [15.63143, -0.6751, 18.00423],
			"to": [16.24507, 7.1364, 19.23237],
			"rotation": {
				"angle": -45,
				"axis": "y",
				"origin": [24.14688, 3.22631, 7.36769]
			},
			"faces": {
				"north": {
					"uv": [3, 7.125, 3.1875, 9.375],
					"texture": "#4"
				},
				"east": {
					"uv": [4.75, 4.75, 5.125, 7],
					"texture": "#4"
				},
				"south": {
					"uv": [3.375, 7.125, 3.5625, 9.375],
					"texture": "#4"
				},
				"west": {
					"uv": [5.125, 0, 5.5, 2.25],
					"texture": "#4"
				},
				"up": {
					"uv": [9.5625, 4.875, 9.375, 4.5],
					"texture": "#4"
				},
				"down": {
					"uv": [9.5625, 5, 9.375, 5.375],
					"texture": "#4"
				}
			}
		},
		{
			"from": [5.55826, -0.6751, 8.18456],
			"to": [6.1719, 7.1364, 9.4127],
			"rotation": {
				"angle": 45,
				"axis": "y",
				"origin": [7.47612, 3.22631, 7.36769]
			},
			"faces": {
				"north": {
					"uv": [3.75, 7.125, 3.9375, 9.375],
					"texture": "#4"
				},
				"east": {
					"uv": [5.125, 2.375, 5.5, 4.625],
					"texture": "#4"
				},
				"south": {
					"uv": [4.125, 7.125, 4.3125, 9.375],
					"texture": "#4"
				},
				"west": {
					"uv": [5.25, 4.75, 5.625, 7],
					"texture": "#4"
				},
				"up": {
					"uv": [9.5625, 5.875, 9.375, 5.5],
					"texture": "#4"
				},
				"down": {
					"uv": [9.5625, 6, 9.375, 6.375],
					"texture": "#4"
				}
			}
		},
		{
			"from": [7.57037, 6.8834, 5.34435],
			"to": [10.16552, 10.35518, 6.21229],
			"rotation": {
				"angle": 22.5,
				"axis": "x",
				"origin": [8.86794, 7.96833, 5.77832]
			},
			"faces": {
				"north": {
					"uv": [6.125, 0, 6.875, 1],
					"texture": "#4"
				},
				"east": {
					"uv": [8, 4.25, 8.25, 5.25],
					"texture": "#4"
				},
				"south": {
					"uv": [6.125, 1.125, 6.875, 2.125],
					"texture": "#4"
				},
				"west": {
					"uv": [8, 5.375, 8.25, 6.375],
					"texture": "#4"
				},
				"up": {
					"uv": [9.375, 7.25, 8.625, 7],
					"texture": "#4"
				},
				"down": {
					"uv": [9.375, 7.375, 8.625, 7.625],
					"texture": "#4"
				}
			}
		},
		{
			"from": [7.57037, 8.50031, 9.57408],
			"to": [10.16552, 11.97209, 10.44202],
			"rotation": {
				"angle": -22.5,
				"axis": "x",
				"origin": [7.56603, 7.13206, 13.74528]
			},
			"faces": {
				"north": {
					"uv": [6.125, 2.25, 6.875, 3.25],
					"texture": "#4"
				},
				"east": {
					"uv": [8.25, 6.5, 8.5, 7.5],
					"texture": "#4"
				},
				"south": {
					"uv": [6.125, 3.375, 6.875, 4.375],
					"texture": "#4"
				},
				"west": {
					"uv": [8.25, 7.625, 8.5, 8.625],
					"texture": "#4"
				},
				"up": {
					"uv": [9.375, 8, 8.625, 7.75],
					"texture": "#4"
				},
				"down": {
					"uv": [9.375, 8.125, 8.625, 8.375],
					"texture": "#4"
				}
			}
		},
		{
			"from": [7.56603, -0.67944, 8.86794],
			"to": [10.16986, 7.13206, 10.16986],
			"rotation": {
				"angle": 0,
				"axis": "y",
				"origin": [10.38685, 3.22631, 4.52822]
			},
			"faces": {
				"north": {
					"uv": [4.25, 0, 5, 2.25],
					"texture": "#4"
				},
				"east": {
					"uv": [5.625, 0, 6, 2.25],
					"texture": "#4"
				},
				"south": {
					"uv": [4.25, 2.375, 5, 4.625],
					"texture": "#4"
				},
				"west": {
					"uv": [5.625, 2.375, 6, 4.625],
					"texture": "#4"
				},
				"up": {
					"uv": [8.5, 1.375, 7.75, 1],
					"texture": "#4"
				},
				"down": {
					"uv": [8.5, 1.5, 7.75, 1.875],
					"texture": "#4"
				}
			}
		},
		{
			"from": [7.56603, -0.68378, 7.34904],
			"to": [10.16986, 7.12772, 7.78301],
			"rotation": {
				"angle": 0,
				"axis": "y",
				"origin": [10.38685, 3.22631, 4.52822]
			},
			"faces": {
				"north": {
					"uv": [0, 4.75, 0.75, 7],
					"texture": "#4"
				},
				"east": {
					"uv": [7.75, 2, 7.875, 4.25],
					"texture": "#4"
				},
				"south": {
					"uv": [0.875, 4.75, 1.625, 7],
					"texture": "#4"
				},
				"west": {
					"uv": [7.75, 4.375, 7.875, 6.625],
					"texture": "#4"
				},
				"up": {
					"uv": [10.125, 2.125, 9.375, 2],
					"texture": "#4"
				},
				"down": {
					"uv": [10.125, 2.25, 9.375, 2.375],
					"texture": "#4"
				}
			}
		}
	],
	"display": {
		"head": {
			"rotation": [0, 180, 0]
		}
	}
}