{
	"textures": {
		"0": "expansion:vehicles/mech_torso/mech"
	},
	"elements": [
		{
			"from": [
				-4,
				22.914387499999997,
				-3.325915
			],
			"to": [
				-0.25,
				25.914387500000004,
				-0.3259150000000002
			],
			"rotation": {
				"angle": -22.5,
				"axis": "x",
				"origin": [
					-2.5,
					33.789387500000004,
					-6.325914999999998
				]
			},
			"faces": {
				"north": {
					"uv": [
						4.875,
						11.0625,
						5.1875,
						11.3125
					],
					"texture": "#0"
				},
				"east": {
					"uv": [
						1.8125,
						8.25,
						2.0625,
						8.5
					],
					"texture": "#0"
				},
				"south": {
					"uv": [
						7.25,
						11.0625,
						7.5625,
						11.3125
					],
					"texture": "#0"
				},
				"west": {
					"uv": [
						9.375,
						11.375,
						9.625,
						11.625
					],
					"texture": "#0"
				},
				"up": {
					"uv": [
						11.4375,
						7,
						11.125,
						6.75
					],
					"texture": "#0"
				},
				"down": {
					"uv": [
						11.4375,
						7.9375,
						11.125,
						8.1875
					],
					"texture": "#0"
				}
			}
		},
		{
			"from": [
				-4,
				25.809935000000003,
				2.2309925
			],
			"to": [
				-0.25,
				28.809935000000003,
				14.9809925
			],
			"rotation": {
				"angle": 0,
				"axis": "y",
				"origin": [
					-2.5,
					36.684935,
					8.9809925
				]
			},
			"faces": {
				"north": {
					"uv": [
						9,
						11.125,
						9.3125,
						11.375
					],
					"texture": "#0"
				},
				"east": {
					"uv": [
						6.9375,
						2.6875,
						8,
						2.9375
					],
					"texture": "#0"
				},
				"south": {
					"uv": [
						10.1875,
						11.125,
						10.5,
						11.375
					],
					"texture": "#0"
				},
				"west": {
					"uv": [
						7.3125,
						5.8125,
						8.375,
						6.0625
					],
					"texture": "#0"
				},
				"up": {
					"uv": [
						4.25,
						7.8125,
						3.9375,
						6.75
					],
					"texture": "#0"
				},
				"down": {
					"uv": [
						4.625,
						6.75,
						4.3125,
						7.8125
					],
					"texture": "#0"
				}
			}
		},
		{
			"from": [
				-0.25,
				14.559935,
				1.6684925000000002
			],
			"to": [
				2,
				28.059935000000003,
				13.4809925
			],
			"rotation": {
				"angle": 0,
				"axis": "y",
				"origin": [
					-15.315460000000002,
					19.059935,
					3.7527799999999996
				]
			},
			"faces": {
				"north": {
					"uv": [
						1.5625,
						8.625,
						1.75,
						9.75
					],
					"texture": "#0"
				},
				"east": {
					"uv": [
						0,
						1.4375,
						1,
						2.5625
					],
					"texture": "#0"
				},
				"south": {
					"uv": [
						3.3125,
						8.625,
						3.5,
						9.75
					],
					"texture": "#0"
				},
				"west": {
					"uv": [
						1.0625,
						1.4375,
						2.0625,
						2.5625
					],
					"texture": "#0"
				},
				"up": {
					"uv": [
						7.3125,
						10,
						7.125,
						9
					],
					"texture": "#0"
				},
				"down": {
					"uv": [
						2.625,
						9.0625,
						2.4375,
						10.0625
					],
					"texture": "#0"
				}
			}
		},
		{
			"from": [
				-3.625,
				20.934935000000003,
				6.7309925
			],
			"to": [
				-1.375,
				23.184935000000003,
				8.9809925
			],
			"rotation": {
				"angle": 0,
				"axis": "y",
				"origin": [
					-2.875,
					22.809935000000003,
					7.8559925
				]
			},
			"faces": {
				"north": {
					"uv": [
						5.5625,
						5.125,
						5.75,
						5.3125
					],
					"texture": "#0"
				},
				"east": {
					"uv": [
						8.8125,
						7.75,
						9,
						7.9375
					],
					"texture": "#0"
				},
				"south": {
					"uv": [
						11.5625,
						9.375,
						11.75,
						9.5625
					],
					"texture": "#0"
				},
				"west": {
					"uv": [
						11.5625,
						9.75,
						11.75,
						9.9375
					],
					"texture": "#0"
				},
				"up": {
					"uv": [
						11.75,
						10.875,
						11.5625,
						10.6875
					],
					"texture": "#0"
				},
				"down": {
					"uv": [
						11.0625,
						11.5625,
						10.875,
						11.75
					],
					"texture": "#0"
				}
			}
		},
		{
			"from": [
				17.375,
				20.934935000000003,
				6.7309925
			],
			"to": [
				19.625,
				23.184935000000003,
				8.9809925
			],
			"rotation": {
				"angle": 0,
				"axis": "y",
				"origin": [
					18.875,
					22.809935000000003,
					7.8559925
				]
			},
			"faces": {
				"north": {
					"uv": [
						11.5625,
						10.9375,
						11.75,
						11.125
					],
					"texture": "#0"
				},
				"east": {
					"uv": [
						11.125,
						11.5625,
						11.3125,
						11.75
					],
					"texture": "#0"
				},
				"south": {
					"uv": [
						11.375,
						11.5625,
						11.5625,
						11.75
					],
					"texture": "#0"
				},
				"west": {
					"uv": [
						11.625,
						3.0625,
						11.8125,
						3.25
					],
					"texture": "#0"
				},
				"up": {
					"uv": [
						11.8125,
						6.125,
						11.625,
						5.9375
					],
					"texture": "#0"
				},
				"down": {
					"uv": [
						11.8125,
						6.1875,
						11.625,
						6.375
					],
					"texture": "#0"
				}
			}
		},
		{
			"from": [
				-2.5,
				16.809935,
				2.4184925
			],
			"to": [
				-0.25,
				25.809935000000003,
				11.9809925
			],
			"rotation": {
				"angle": 0,
				"axis": "y",
				"origin": [
					-17.56546,
					19.059935,
					3.7527799999999996
				]
			},
			"faces": {
				"north": {
					"uv": [
						3.5,
						10.25,
						3.6875,
						11
					],
					"texture": "#0"
				},
				"east": {
					"uv": [
						0,
						3.8125,
						0.8125,
						4.5625
					],
					"texture": "#0"
				},
				"south": {
					"uv": [
						10.25,
						3.5625,
						10.4375,
						4.3125
					],
					"texture": "#0"
				},
				"west": {
					"uv": [
						4,
						1,
						4.8125,
						1.75
					],
					"texture": "#0"
				},
				"up": {
					"uv": [
						2.875,
						10.9375,
						2.6875,
						10.125
					],
					"texture": "#0"
				},
				"down": {
					"uv": [
						4,
						10.125,
						3.8125,
						10.9375
					],
					"texture": "#0"
				}
			}
		},
		{
			"from": [
				16.25,
				25.809935000000003,
				2.2309925
			],
			"to": [
				20,
				28.809935000000003,
				14.9809925
			],
			"rotation": {
				"angle": 0,
				"axis": "y",
				"origin": [
					18.5,
					36.684935,
					8.9809925
				]
			},
			"faces": {
				"north": {
					"uv": [
						10.5625,
						11.125,
						10.875,
						11.375
					],
					"texture": "#0"
				},
				"east": {
					"uv": [
						7.375,
						0.4375,
						8.4375,
						0.6875
					],
					"texture": "#0"
				},
				"south": {
					"uv": [
						0.25,
						11.1875,
						0.5625,
						11.4375
					],
					"texture": "#0"
				},
				"west": {
					"uv": [
						7.375,
						3.9375,
						8.4375,
						4.1875
					],
					"texture": "#0"
				},
				"up": {
					"uv": [
						7.1875,
						7.3125,
						6.875,
						6.25
					],
					"texture": "#0"
				},
				"down": {
					"uv": [
						5,
						6.9375,
						4.6875,
						8
					],
					"texture": "#0"
				}
			}
		},
		{
			"from": [
				14,
				14.559935,
				1.6684925000000002
			],
			"to": [
				16.25,
				28.059935000000003,
				13.4809925
			],
			"rotation": {
				"angle": 0,
				"axis": "y",
				"origin": [
					31.31546,
					19.059935,
					3.7527799999999996
				]
			},
			"faces": {
				"north": {
					"uv": [
						3.5625,
						8.625,
						3.75,
						9.75
					],
					"texture": "#0"
				},
				"east": {
					"uv": [
						2.125,
						0,
						3.125,
						1.125
					],
					"texture": "#0"
				},
				"south": {
					"uv": [
						8.625,
						4.875,
						8.8125,
						6
					],
					"texture": "#0"
				},
				"west": {
					"uv": [
						2.125,
						1.1875,
						3.125,
						2.3125
					],
					"texture": "#0"
				},
				"up": {
					"uv": [
						2.875,
						10.0625,
						2.6875,
						9.0625
					],
					"texture": "#0"
				},
				"down": {
					"uv": [
						4,
						9.0625,
						3.8125,
						10.0625
					],
					"texture": "#0"
				}
			}
		},
		{
			"from": [
				12.722075,
				19.0740275,
				-5.206720000000001
			],
			"to": [
				15.722075,
				26.574027500000003,
				3.04328
			],
			"rotation": {
				"angle": 22.5,
				"axis": "y",
				"origin": [
					15.722075,
					22.0740275,
					-0.7067200000000007
				]
			},
			"faces": {
				"north": {
					"uv": [
						9.1875,
						9.9375,
						9.4375,
						10.5625
					],
					"texture": "#0"
				},
				"east": {
					"uv": [
						5.5625,
						4.4375,
						6.25,
						5.0625
					],
					"texture": "#0"
				},
				"south": {
					"uv": [
						2.9375,
						10,
						3.1875,
						10.625
					],
					"texture": "#0"
				},
				"west": {
					"uv": [
						5.6875,
						1.1875,
						6.375,
						1.8125
					],
					"texture": "#0"
				},
				"up": {
					"uv": [
						5.75,
						10.1875,
						5.5,
						9.5
					],
					"texture": "#0"
				},
				"down": {
					"uv": [
						8.8125,
						9.5,
						8.5625,
						10.1875
					],
					"texture": "#0"
				}
			}
		},
		{
			"from": [
				12.722075,
				14.5740275,
				-3.1442200000000007
			],
			"to": [
				13.097075,
				19.0740275,
				2.10578
			],
			"rotation": {
				"angle": 22.5,
				"axis": "y",
				"origin": [
					15.722075,
					22.0740275,
					-0.7067200000000007
				]
			},
			"faces": {
				"north": {
					"uv": [
						4.625,
						6.3125,
						4.6875,
						6.6875
					],
					"texture": "#0"
				},
				"east": {
					"uv": [
						9.4375,
						7.3125,
						9.875,
						7.6875
					],
					"texture": "#0"
				},
				"south": {
					"uv": [
						3.8125,
						8.625,
						3.875,
						9
					],
					"texture": "#0"
				},
				"west": {
					"uv": [
						9.5625,
						0.3125,
						10,
						0.6875
					],
					"texture": "#0"
				},
				"up": {
					"uv": [
						5.625,
						1.625,
						5.5625,
						1.1875
					],
					"texture": "#0"
				},
				"down": {
					"uv": [
						5.375,
						11.6875,
						5.3125,
						12.125
					],
					"texture": "#0"
				}
			}
		},
		{
			"from": [
				10.6865525,
				10.059935,
				-4.2251650000000005
			],
			"to": [
				15.9365525,
				14.559935,
				7.212335
			],
			"rotation": {
				"angle": 22.5,
				"axis": "y",
				"origin": [
					14.0615525,
					12.5765,
					0.4623350000000004
				]
			},
			"faces": {
				"north": {
					"uv": [
						9.5625,
						2.0625,
						10,
						2.4375
					],
					"texture": "#0"
				},
				"east": {
					"uv": [
						6.375,
						3.4375,
						7.3125,
						3.8125
					],
					"texture": "#0"
				},
				"south": {
					"uv": [
						9.625,
						7.75,
						10.0625,
						8.125
					],
					"texture": "#0"
				},
				"west": {
					"uv": [
						6.375,
						3.875,
						7.3125,
						4.25
					],
					"texture": "#0"
				},
				"up": {
					"uv": [
						6.3125,
						4.25,
						5.875,
						3.3125
					],
					"texture": "#0"
				},
				"down": {
					"uv": [
						5.1875,
						5.9375,
						4.75,
						6.875
					],
					"texture": "#0"
				}
			}
		},
		{
			"from": [
				13.12694,
				10.059935,
				5.980992499999999
			],
			"to": [
				18.376939999999998,
				14.559935,
				11.9809925
			],
			"rotation": {
				"angle": 0,
				"axis": "y",
				"origin": [
					16.501939999999998,
					12.5765,
					10.7353625
				]
			},
			"faces": {
				"north": {
					"uv": [
						0.4375,
						9.6875,
						0.875,
						10.0625
					],
					"texture": "#0"
				},
				"east": {
					"uv": [
						4.0625,
						9.0625,
						4.5625,
						9.4375
					],
					"texture": "#0"
				},
				"south": {
					"uv": [
						9.6875,
						4.8125,
						10.125,
						5.1875
					],
					"texture": "#0"
				},
				"west": {
					"uv": [
						5.4375,
						9.0625,
						5.9375,
						9.4375
					],
					"texture": "#0"
				},
				"up": {
					"uv": [
						8.6875,
						8.9375,
						8.25,
						8.4375
					],
					"texture": "#0"
				},
				"down": {
					"uv": [
						8.9375,
						1.0625,
						8.5,
						1.5625
					],
					"texture": "#0"
				}
			}
		},
		{
			"from": [
				16.25,
				14.0762675,
				14.7584375
			],
			"to": [
				20,
				17.0762675,
				18.5084375
			],
			"rotation": {
				"angle": -22.5,
				"axis": "x",
				"origin": [
					18.5,
					6.2012675,
					11.7584375
				]
			},
			"faces": {
				"north": {
					"uv": [
						11.1875,
						1.8125,
						11.5,
						2.0625
					],
					"texture": "#0"
				},
				"east": {
					"uv": [
						11.1875,
						2.125,
						11.5,
						2.375
					],
					"texture": "#0"
				},
				"south": {
					"uv": [
						11.1875,
						2.4375,
						11.5,
						2.6875
					],
					"texture": "#0"
				},
				"west": {
					"uv": [
						11.1875,
						2.75,
						11.5,
						3
					],
					"texture": "#0"
				},
				"up": {
					"uv": [
						11.0625,
						8.375,
						10.75,
						8.0625
					],
					"texture": "#0"
				},
				"down": {
					"uv": [
						10.5,
						10.75,
						10.1875,
						11.0625
					],
					"texture": "#0"
				}
			}
		},
		{
			"from": [
				16.25,
				16.809935,
				2.4184925
			],
			"to": [
				18.5,
				25.809935000000003,
				11.9809925
			],
			"rotation": {
				"angle": 0,
				"axis": "y",
				"origin": [
					33.56546,
					19.059935,
					3.7527799999999996
				]
			},
			"faces": {
				"north": {
					"uv": [
						4.0625,
						10.25,
						4.25,
						11
					],
					"texture": "#0"
				},
				"east": {
					"uv": [
						4,
						1.8125,
						4.8125,
						2.5625
					],
					"texture": "#0"
				},
				"south": {
					"uv": [
						5,
						10.25,
						5.1875,
						11
					],
					"texture": "#0"
				},
				"west": {
					"uv": [
						4.25,
						0,
						5.0625,
						0.75
					],
					"texture": "#0"
				},
				"up": {
					"uv": [
						10.375,
						5.375,
						10.1875,
						4.5625
					],
					"texture": "#0"
				},
				"down": {
					"uv": [
						3.4375,
						10.25,
						3.25,
						11.0625
					],
					"texture": "#0"
				}
			}
		},
		{
			"from": [
				10.3142675,
				10.059935,
				9.2626475
			],
			"to": [
				15.5642675,
				14.559935,
				15.6376475
			],
			"rotation": {
				"angle": -45,
				"axis": "y",
				"origin": [
					13.6892675,
					12.5765,
					14.0170175
				]
			},
			"faces": {
				"north": {
					"uv": [
						9.6875,
						5.75,
						10.125,
						6.125
					],
					"texture": "#0"
				},
				"east": {
					"uv": [
						8.625,
						6.0625,
						9.1875,
						6.4375
					],
					"texture": "#0"
				},
				"south": {
					"uv": [
						9.75,
						3.6875,
						10.1875,
						4.0625
					],
					"texture": "#0"
				},
				"west": {
					"uv": [
						8.625,
						6.5,
						9.1875,
						6.875
					],
					"texture": "#0"
				},
				"up": {
					"uv": [
						2.5625,
						8.5,
						2.125,
						7.9375
					],
					"texture": "#0"
				},
				"down": {
					"uv": [
						5.4375,
						8.0625,
						5,
						8.625
					],
					"texture": "#0"
				}
			}
		},
		{
			"from": [
				0.27792500000000064,
				19.0740275,
				-5.206720000000001
			],
			"to": [
				3.2779249999999998,
				26.574027500000003,
				3.04328
			],
			"rotation": {
				"angle": -22.5,
				"axis": "y",
				"origin": [
					0.27792500000000064,
					22.0740275,
					-0.7067200000000007
				]
			},
			"faces": {
				"north": {
					"uv": [
						7,
						10.0625,
						7.25,
						10.6875
					],
					"texture": "#0"
				},
				"east": {
					"uv": [
						2.8125,
						5.75,
						3.5,
						6.375
					],
					"texture": "#0"
				},
				"south": {
					"uv": [
						9.5,
						10.0625,
						9.75,
						10.6875
					],
					"texture": "#0"
				},
				"west": {
					"uv": [
						5.8125,
						5.125,
						6.5,
						5.75
					],
					"texture": "#0"
				},
				"up": {
					"uv": [
						9.125,
						10.1875,
						8.875,
						9.5
					],
					"texture": "#0"
				},
				"down": {
					"uv": [
						1.1875,
						9.5625,
						0.9375,
						10.25
					],
					"texture": "#0"
				}
			}
		},
		{
			"from": [
				-4,
				16.059935,
				11.9809925
			],
			"to": [
				-0.25,
				25.809935000000003,
				14.9809925
			],
			"rotation": {
				"angle": 0,
				"axis": "y",
				"origin": [
					-2.5,
					19.059935,
					22.8559925
				]
			},
			"faces": {
				"north": {
					"uv": [
						7,
						7.4375,
						7.3125,
						8.25
					],
					"texture": "#0"
				},
				"east": {
					"uv": [
						0.625,
						8.8125,
						0.875,
						9.625
					],
					"texture": "#0"
				},
				"south": {
					"uv": [
						7.375,
						7.4375,
						7.6875,
						8.25
					],
					"texture": "#0"
				},
				"west": {
					"uv": [
						9,
						0.875,
						9.25,
						1.6875
					],
					"texture": "#0"
				},
				"up": {
					"uv": [
						3.1875,
						11.4375,
						2.875,
						11.1875
					],
					"texture": "#0"
				},
				"down": {
					"uv": [
						11.5,
						3.5625,
						11.1875,
						3.8125
					],
					"texture": "#0"
				}
			}
		},
		{
			"from": [
				-4,
				14.0762675,
				14.7584375
			],
			"to": [
				-0.25,
				17.0762675,
				18.5084375
			],
			"rotation": {
				"angle": -22.5,
				"axis": "x",
				"origin": [
					-2.5,
					6.2012675,
					11.7584375
				]
			},
			"faces": {
				"north": {
					"uv": [
						11.1875,
						3.875,
						11.5,
						4.125
					],
					"texture": "#0"
				},
				"east": {
					"uv": [
						11.1875,
						4.1875,
						11.5,
						4.4375
					],
					"texture": "#0"
				},
				"south": {
					"uv": [
						11.1875,
						4.5,
						11.5,
						4.75
					],
					"texture": "#0"
				},
				"west": {
					"uv": [
						11.1875,
						4.8125,
						11.5,
						5.0625
					],
					"texture": "#0"
				},
				"up": {
					"uv": [
						10.875,
						11.0625,
						10.5625,
						10.75
					],
					"texture": "#0"
				},
				"down": {
					"uv": [
						0.625,
						10.8125,
						0.3125,
						11.125
					],
					"texture": "#0"
				}
			}
		},
		{
			"from": [
				-2.3769399999999994,
				10.059935,
				5.980992499999999
			],
			"to": [
				2.8730600000000006,
				14.559935,
				11.9809925
			],
			"rotation": {
				"angle": 0,
				"axis": "y",
				"origin": [
					-0.5019399999999994,
					12.5765,
					10.7353625
				]
			},
			"faces": {
				"north": {
					"uv": [
						3.3125,
						9.8125,
						3.75,
						10.1875
					],
					"texture": "#0"
				},
				"east": {
					"uv": [
						9.0625,
						7.75,
						9.5625,
						8.125
					],
					"texture": "#0"
				},
				"south": {
					"uv": [
						9.8125,
						6.1875,
						10.25,
						6.5625
					],
					"texture": "#0"
				},
				"west": {
					"uv": [
						0.9375,
						9.125,
						1.4375,
						9.5
					],
					"texture": "#0"
				},
				"up": {
					"uv": [
						8.9375,
						4.1875,
						8.5,
						3.6875
					],
					"texture": "#0"
				},
				"down": {
					"uv": [
						5.9375,
						8.5,
						5.5,
						9
					],
					"texture": "#0"
				}
			}
		},
		{
			"from": [
				2,
				26.73116,
				2.7578224999999996
			],
			"to": [
				14,
				29.73116,
				14.0078225
			],
			"rotation": {
				"angle": 0,
				"axis": "y",
				"origin": [
					8,
					10.231160000000001,
					6.8828225
				]
			},
			"faces": {
				"north": {
					"uv": [
						7.4375,
						1.4375,
						8.4375,
						1.6875
					],
					"texture": "#0"
				},
				"east": {
					"uv": [
						8.125,
						0,
						9.0625,
						0.25
					],
					"texture": "#0"
				},
				"south": {
					"uv": [
						7.5625,
						5.125,
						8.5625,
						5.375
					],
					"texture": "#0"
				},
				"west": {
					"uv": [
						5.5,
						8.1875,
						6.4375,
						8.4375
					],
					"texture": "#0"
				},
				"up": {
					"uv": [
						2.0625,
						3.5625,
						1.0625,
						2.625
					],
					"texture": "#0"
				},
				"down": {
					"uv": [
						4.1875,
						0,
						3.1875,
						0.9375
					],
					"texture": "#0"
				}
			}
		},
		{
			"from": [
				2,
				24.982175000000005,
				12.7729925
			],
			"to": [
				14,
				29.219675000000002,
				15.772992499999999
			],
			"rotation": {
				"angle": -45,
				"axis": "x",
				"origin": [
					8,
					27.344675000000002,
					14.272992499999999
				]
			},
			"faces": {
				"north": {
					"uv": [
						6.3125,
						0.4375,
						7.3125,
						0.8125
					],
					"texture": "#0"
				},
				"east": {
					"uv": [
						2.375,
						10.8125,
						2.625,
						11.1875
					],
					"texture": "#0"
				},
				"south": {
					"uv": [
						3.5625,
						6.3125,
						4.5625,
						6.6875
					],
					"texture": "#0"
				},
				"west": {
					"uv": [
						6.5,
						10.8125,
						6.75,
						11.1875
					],
					"texture": "#0"
				},
				"up": {
					"uv": [
						8.5625,
						5.6875,
						7.5625,
						5.4375
					],
					"texture": "#0"
				},
				"down": {
					"uv": [
						8.75,
						7.4375,
						7.75,
						7.6875
					],
					"texture": "#0"
				}
			}
		},
		{
			"from": [
				2,
				10.059935,
				13.2578225
			],
			"to": [
				14,
				26.747435000000003,
				17.0078225
			],
			"rotation": {
				"angle": 0,
				"axis": "y",
				"origin": [
					35.75,
					19.606160000000003,
					15.5078225
				]
			},
			"faces": {
				"north": {
					"uv": [
						0,
						0,
						1,
						1.375
					],
					"texture": "#0"
				},
				"east": {
					"uv": [
						5.8125,
						5.8125,
						6.125,
						7.1875
					],
					"texture": "#0"
				},
				"south": {
					"uv": [
						1.0625,
						0,
						2.0625,
						1.375
					],
					"texture": "#0"
				},
				"west": {
					"uv": [
						5.875,
						1.875,
						6.1875,
						3.25
					],
					"texture": "#0"
				},
				"up": {
					"uv": [
						7.9375,
						2.625,
						6.9375,
						2.3125
					],
					"texture": "#0"
				},
				"down": {
					"uv": [
						8,
						4.75,
						7,
						5.0625
					],
					"texture": "#0"
				}
			}
		},
		{
			"from": [
				3.5,
				7.809934999999999,
				-2.2690075000000007
			],
			"to": [
				12.5,
				10.809935,
				5.418492499999999
			],
			"rotation": {
				"angle": 0,
				"axis": "y",
				"origin": [
					10.25,
					4.82828,
					-5.456507500000001
				]
			},
			"faces": {
				"north": {
					"uv": [
						9.125,
						0,
						9.875,
						0.25
					],
					"texture": "#0"
				},
				"east": {
					"uv": [
						10.0625,
						0.4375,
						10.6875,
						0.6875
					],
					"texture": "#0"
				},
				"south": {
					"uv": [
						9.125,
						1.75,
						9.875,
						2
					],
					"texture": "#0"
				},
				"west": {
					"uv": [
						9.8125,
						10.0625,
						10.4375,
						10.3125
					],
					"texture": "#0"
				},
				"up": {
					"uv": [
						5.625,
						2.375,
						4.875,
						1.75
					],
					"texture": "#0"
				},
				"down": {
					"uv": [
						3.5625,
						5.0625,
						2.8125,
						5.6875
					],
					"texture": "#0"
				}
			}
		},
		{
			"from": [
				0.06344750000000055,
				10.059935,
				-4.2251650000000005
			],
			"to": [
				5.3134475000000005,
				14.559935,
				7.212335
			],
			"rotation": {
				"angle": -22.5,
				"axis": "y",
				"origin": [
					1.9384475000000005,
					12.5765,
					0.4623350000000004
				]
			},
			"faces": {
				"north": {
					"uv": [
						7.375,
						9.875,
						7.8125,
						10.25
					],
					"texture": "#0"
				},
				"east": {
					"uv": [
						1.5,
						6.5625,
						2.4375,
						6.9375
					],
					"texture": "#0"
				},
				"south": {
					"uv": [
						7.875,
						9.875,
						8.3125,
						10.25
					],
					"texture": "#0"
				},
				"west": {
					"uv": [
						2.5,
						6.5625,
						3.4375,
						6.9375
					],
					"texture": "#0"
				},
				"up": {
					"uv": [
						0.9375,
						7.0625,
						0.5,
						6.125
					],
					"texture": "#0"
				},
				"down": {
					"uv": [
						1.4375,
						6.125,
						1,
						7.0625
					],
					"texture": "#0"
				}
			}
		},
		{
			"from": [
				-4,
				25.809935000000003,
				2.2309925
			],
			"to": [
				-0.25,
				28.809935000000003,
				14.9809925
			],
			"rotation": {
				"angle": 0,
				"axis": "y",
				"origin": [
					-2.5,
					36.684935,
					8.9809925
				]
			},
			"faces": {
				"north": {
					"uv": [
						11.1875,
						5.625,
						11.5,
						5.875
					],
					"texture": "#0"
				},
				"east": {
					"uv": [
						7.375,
						4.25,
						8.4375,
						4.5
					],
					"texture": "#0"
				},
				"south": {
					"uv": [
						5.75,
						11.1875,
						6.0625,
						11.4375
					],
					"texture": "#0"
				},
				"west": {
					"uv": [
						7.4375,
						0.75,
						8.5,
						1
					],
					"texture": "#0"
				},
				"up": {
					"uv": [
						5.375,
						8,
						5.0625,
						6.9375
					],
					"texture": "#0"
				},
				"down": {
					"uv": [
						5.75,
						6.9375,
						5.4375,
						8
					],
					"texture": "#0"
				}
			}
		},
		{
			"from": [
				-4,
				16.059935,
				11.9809925
			],
			"to": [
				-0.25,
				25.809935000000003,
				14.9809925
			],
			"rotation": {
				"angle": 0,
				"axis": "y",
				"origin": [
					-2.5,
					19.059935,
					22.8559925
				]
			},
			"faces": {
				"north": {
					"uv": [
						2.8125,
						7.6875,
						3.125,
						8.5
					],
					"texture": "#0"
				},
				"east": {
					"uv": [
						9,
						3.6875,
						9.25,
						4.5
					],
					"texture": "#0"
				},
				"south": {
					"uv": [
						3.1875,
						7.75,
						3.5,
						8.5625
					],
					"texture": "#0"
				},
				"west": {
					"uv": [
						6.5,
						9,
						6.75,
						9.8125
					],
					"texture": "#0"
				},
				"up": {
					"uv": [
						6.4375,
						11.4375,
						6.125,
						11.1875
					],
					"texture": "#0"
				},
				"down": {
					"uv": [
						11.5,
						7.0625,
						11.1875,
						7.3125
					],
					"texture": "#0"
				}
			}
		},
		{
			"from": [
				16.25,
				16.059935,
				11.9809925
			],
			"to": [
				20,
				25.809935000000003,
				14.9809925
			],
			"rotation": {
				"angle": 0,
				"axis": "y",
				"origin": [
					17.75,
					19.059935,
					22.8559925
				]
			},
			"faces": {
				"north": {
					"uv": [
						3.5625,
						7.75,
						3.875,
						8.5625
					],
					"texture": "#0"
				},
				"east": {
					"uv": [
						6.8125,
						9,
						7.0625,
						9.8125
					],
					"texture": "#0"
				},
				"south": {
					"uv": [
						7.75,
						6.125,
						8.0625,
						6.9375
					],
					"texture": "#0"
				},
				"west": {
					"uv": [
						8.25,
						9,
						8.5,
						9.8125
					],
					"texture": "#0"
				},
				"up": {
					"uv": [
						11.5,
						7.625,
						11.1875,
						7.375
					],
					"texture": "#0"
				},
				"down": {
					"uv": [
						8.9375,
						11.1875,
						8.625,
						11.4375
					],
					"texture": "#0"
				}
			}
		},
		{
			"from": [
				-4,
				14.0762675,
				14.7584375
			],
			"to": [
				-0.25,
				17.0762675,
				18.5084375
			],
			"rotation": {
				"angle": -22.5,
				"axis": "x",
				"origin": [
					-2.5,
					6.2012675,
					11.7584375
				]
			},
			"faces": {
				"north": {
					"uv": [
						11.1875,
						9,
						11.5,
						9.25
					],
					"texture": "#0"
				},
				"east": {
					"uv": [
						11.1875,
						9.3125,
						11.5,
						9.5625
					],
					"texture": "#0"
				},
				"south": {
					"uv": [
						11.1875,
						10.3125,
						11.5,
						10.5625
					],
					"texture": "#0"
				},
				"west": {
					"uv": [
						11.1875,
						10.625,
						11.5,
						10.875
					],
					"texture": "#0"
				},
				"up": {
					"uv": [
						11.125,
						4.5625,
						10.8125,
						4.25
					],
					"texture": "#0"
				},
				"down": {
					"uv": [
						11.125,
						4.625,
						10.8125,
						4.9375
					],
					"texture": "#0"
				}
			}
		},
		{
			"from": [
				-4,
				22.914387499999997,
				-3.325915
			],
			"to": [
				-0.25,
				25.914387500000004,
				-0.3259150000000002
			],
			"rotation": {
				"angle": -22.5,
				"axis": "x",
				"origin": [
					-2.5,
					33.789387500000004,
					-6.325914999999998
				]
			},
			"faces": {
				"north": {
					"uv": [
						11.1875,
						10.9375,
						11.5,
						11.1875
					],
					"texture": "#0"
				},
				"east": {
					"uv": [
						9.6875,
						11.375,
						9.9375,
						11.625
					],
					"texture": "#0"
				},
				"south": {
					"uv": [
						1.5625,
						11.25,
						1.875,
						11.5
					],
					"texture": "#0"
				},
				"west": {
					"uv": [
						3.25,
						11.4375,
						3.5,
						11.6875
					],
					"texture": "#0"
				},
				"up": {
					"uv": [
						2.4375,
						11.5,
						2.125,
						11.25
					],
					"texture": "#0"
				},
				"down": {
					"uv": [
						11.5625,
						3.0625,
						11.25,
						3.3125
					],
					"texture": "#0"
				}
			}
		},
		{
			"from": [
				16.25,
				22.914387499999997,
				-3.325915
			],
			"to": [
				20,
				25.914387500000004,
				-0.3259150000000002
			],
			"rotation": {
				"angle": -22.5,
				"axis": "x",
				"origin": [
					17.75,
					33.789387500000004,
					-6.325914999999998
				]
			},
			"faces": {
				"north": {
					"uv": [
						10.9375,
						11.25,
						11.25,
						11.5
					],
					"texture": "#0"
				},
				"east": {
					"uv": [
						3.5625,
						11.4375,
						3.8125,
						11.6875
					],
					"texture": "#0"
				},
				"south": {
					"uv": [
						6.5,
						11.3125,
						6.8125,
						11.5625
					],
					"texture": "#0"
				},
				"west": {
					"uv": [
						3.875,
						11.4375,
						4.125,
						11.6875
					],
					"texture": "#0"
				},
				"up": {
					"uv": [
						8.3125,
						11.5625,
						8,
						11.3125
					],
					"texture": "#0"
				},
				"down": {
					"uv": [
						11.625,
						11.25,
						11.3125,
						11.5
					],
					"texture": "#0"
				}
			}
		},
		{
			"from": [
				-0.25,
				14.559935,
				1.6684925000000002
			],
			"to": [
				2,
				28.059935000000003,
				13.4809925
			],
			"rotation": {
				"angle": 0,
				"axis": "y",
				"origin": [
					-15.315460000000002,
					19.059935,
					3.7527799999999996
				]
			},
			"faces": {
				"north": {
					"uv": [
						7.75,
						8.6875,
						7.9375,
						9.8125
					],
					"texture": "#0"
				},
				"east": {
					"uv": [
						2.125,
						2.375,
						3.125,
						3.5
					],
					"texture": "#0"
				},
				"south": {
					"uv": [
						8,
						8.6875,
						8.1875,
						9.8125
					],
					"texture": "#0"
				},
				"west": {
					"uv": [
						0,
						2.625,
						1,
						3.75
					],
					"texture": "#0"
				},
				"up": {
					"uv": [
						6.1875,
						10.0625,
						6,
						9.0625
					],
					"texture": "#0"
				},
				"down": {
					"uv": [
						6.4375,
						9.0625,
						6.25,
						10.0625
					],
					"texture": "#0"
				}
			}
		},
		{
			"from": [
				0.4357325000000003,
				10.059935,
				9.2626475
			],
			"to": [
				5.6857325,
				14.559935,
				15.6376475
			],
			"rotation": {
				"angle": 45,
				"axis": "y",
				"origin": [
					2.3107325000000003,
					12.5765,
					14.0170175
				]
			},
			"faces": {
				"north": {
					"uv": [
						1.5625,
						9.9375,
						2,
						10.3125
					],
					"texture": "#0"
				},
				"east": {
					"uv": [
						0,
						8.8125,
						0.5625,
						9.1875
					],
					"texture": "#0"
				},
				"south": {
					"uv": [
						9.9375,
						1.5625,
						10.375,
						1.9375
					],
					"texture": "#0"
				},
				"west": {
					"uv": [
						8.8125,
						7.3125,
						9.375,
						7.6875
					],
					"texture": "#0"
				},
				"up": {
					"uv": [
						0.4375,
						8.75,
						0,
						8.1875
					],
					"texture": "#0"
				},
				"down": {
					"uv": [
						0.9375,
						8.1875,
						0.5,
						8.75
					],
					"texture": "#0"
				}
			}
		},
		{
			"from": [
				3.2923399999999994,
				7.809934999999999,
				2.4483049999999995
			],
			"to": [
				7.04234,
				10.809935,
				6.3858049999999995
			],
			"rotation": {
				"angle": -22.5,
				"axis": "y",
				"origin": [
					5.16734,
					8.0765075,
					2.6358049999999995
				]
			},
			"faces": {
				"north": {
					"uv": [
						11.375,
						0,
						11.6875,
						0.25
					],
					"texture": "#0"
				},
				"east": {
					"uv": [
						11.375,
						0.3125,
						11.6875,
						0.5625
					],
					"texture": "#0"
				},
				"south": {
					"uv": [
						0.625,
						11.375,
						0.9375,
						11.625
					],
					"texture": "#0"
				},
				"west": {
					"uv": [
						11.375,
						0.625,
						11.6875,
						0.875
					],
					"texture": "#0"
				},
				"up": {
					"uv": [
						11.125,
						5.3125,
						10.8125,
						5
					],
					"texture": "#0"
				},
				"down": {
					"uv": [
						11.125,
						5.625,
						10.8125,
						5.9375
					],
					"texture": "#0"
				}
			}
		},
		{
			"from": [
				2,
				10.0579775,
				10.309505
			],
			"to": [
				14,
				13.0579775,
				16.984505
			],
			"rotation": {
				"angle": -22.5,
				"axis": "x",
				"origin": [
					12.125,
					12.57455,
					16.684505
				]
			},
			"faces": {
				"north": {
					"uv": [
						7.75,
						7.75,
						8.75,
						8
					],
					"texture": "#0"
				},
				"east": {
					"uv": [
						10.125,
						1.1875,
						10.6875,
						1.4375
					],
					"texture": "#0"
				},
				"south": {
					"uv": [
						0,
						7.875,
						1,
						8.125
					],
					"texture": "#0"
				},
				"west": {
					"uv": [
						10.125,
						5.4375,
						10.6875,
						5.6875
					],
					"texture": "#0"
				},
				"up": {
					"uv": [
						5.25,
						3.1875,
						4.25,
						2.625
					],
					"texture": "#0"
				},
				"down": {
					"uv": [
						5.25,
						3.25,
						4.25,
						3.8125
					],
					"texture": "#0"
				}
			}
		},
		{
			"from": [
				2,
				7.809934999999999,
				5.3828225
			],
			"to": [
				14,
				10.809935,
				11.7578225
			],
			"rotation": {
				"angle": 0,
				"axis": "y",
				"origin": [
					12.125,
					8.0765075,
					10.2578225
				]
			},
			"faces": {
				"north": {
					"uv": [
						1.0625,
						7.9375,
						2.0625,
						8.1875
					],
					"texture": "#0"
				},
				"east": {
					"uv": [
						10.125,
						8.1875,
						10.6875,
						8.4375
					],
					"texture": "#0"
				},
				"south": {
					"uv": [
						8,
						2.25,
						9,
						2.5
					],
					"texture": "#0"
				},
				"west": {
					"uv": [
						10.1875,
						5.75,
						10.75,
						6
					],
					"texture": "#0"
				},
				"up": {
					"uv": [
						5.25,
						4.4375,
						4.25,
						3.875
					],
					"texture": "#0"
				},
				"down": {
					"uv": [
						1.875,
						4.3125,
						0.875,
						4.875
					],
					"texture": "#0"
				}
			}
		},
		{
			"from": [
				8.95766,
				7.809934999999999,
				2.4483049999999995
			],
			"to": [
				12.70766,
				10.809935,
				6.3858049999999995
			],
			"rotation": {
				"angle": 22.5,
				"axis": "y",
				"origin": [
					10.83266,
					8.0765075,
					2.6358049999999995
				]
			},
			"faces": {
				"north": {
					"uv": [
						11.375,
						0.9375,
						11.6875,
						1.1875
					],
					"texture": "#0"
				},
				"east": {
					"uv": [
						11.375,
						1.25,
						11.6875,
						1.5
					],
					"texture": "#0"
				},
				"south": {
					"uv": [
						4.6875,
						11.375,
						5,
						11.625
					],
					"texture": "#0"
				},
				"west": {
					"uv": [
						5.0625,
						11.375,
						5.375,
						11.625
					],
					"texture": "#0"
				},
				"up": {
					"uv": [
						6.0625,
						11.125,
						5.75,
						10.8125
					],
					"texture": "#0"
				},
				"down": {
					"uv": [
						6.4375,
						10.8125,
						6.125,
						11.125
					],
					"texture": "#0"
				}
			}
		},
		{
			"from": [
				2,
				10.059935,
				-4.585877499999999
			],
			"to": [
				14,
				14.559935,
				0.4766225000000004
			],
			"rotation": {
				"angle": 0,
				"axis": "y",
				"origin": [
					8,
					12.5765,
					-3.147385
				]
			},
			"faces": {
				"north": {
					"uv": [
						6.3125,
						4.3125,
						7.3125,
						4.6875
					],
					"texture": "#0"
				},
				"east": {
					"uv": [
						9.9375,
						3.125,
						10.375,
						3.5
					],
					"texture": "#0"
				},
				"south": {
					"uv": [
						6.375,
						3,
						7.375,
						3.375
					],
					"texture": "#0"
				},
				"west": {
					"uv": [
						9.9375,
						6.625,
						10.375,
						7
					],
					"texture": "#0"
				},
				"up": {
					"uv": [
						6.125,
						0.4375,
						5.125,
						0
					],
					"texture": "#0"
				},
				"down": {
					"uv": [
						5.75,
						5.4375,
						4.75,
						5.875
					],
					"texture": "#0"
				}
			}
		},
		{
			"from": [
				6.5,
				8.559935,
				-5.269007500000001
			],
			"to": [
				9.5,
				16.059935,
				-2.2690075000000007
			],
			"rotation": {
				"angle": 0,
				"axis": "y",
				"origin": [
					2.75,
					13.3265,
					-4.393007499999998
				]
			},
			"faces": {
				"north": {
					"uv": [
						1.25,
						9.5625,
						1.5,
						10.25
					],
					"texture": "#0"
				},
				"east": {
					"uv": [
						4.375,
						9.5625,
						4.625,
						10.25
					],
					"texture": "#0"
				},
				"south": {
					"uv": [
						4.6875,
						9.5625,
						4.9375,
						10.25
					],
					"texture": "#0"
				},
				"west": {
					"uv": [
						9.5625,
						9.3125,
						9.8125,
						10
					],
					"texture": "#0"
				},
				"up": {
					"uv": [
						5.6875,
						11.6875,
						5.4375,
						11.4375
					],
					"texture": "#0"
				},
				"down": {
					"uv": [
						9.25,
						11.4375,
						9,
						11.6875
					],
					"texture": "#0"
				}
			}
		},
		{
			"from": [
				2,
				12.894927500000001,
				-1.9940575000000003
			],
			"to": [
				14,
				19.6449275,
				0.8184424999999997
			],
			"rotation": {
				"angle": -22.5,
				"axis": "x",
				"origin": [
					9.5,
					12.144927500000001,
					-1.9940575000000003
				]
			},
			"faces": {
				"north": {
					"uv": [
						1.9375,
						4.3125,
						2.9375,
						4.875
					],
					"texture": "#0"
				},
				"east": {
					"uv": [
						5.25,
						10.25,
						5.5,
						10.8125
					],
					"texture": "#0"
				},
				"south": {
					"uv": [
						3,
						4.4375,
						4,
						5
					],
					"texture": "#0"
				},
				"west": {
					"uv": [
						8.375,
						10.25,
						8.625,
						10.8125
					],
					"texture": "#0"
				},
				"up": {
					"uv": [
						9.0625,
						2,
						8.0625,
						1.75
					],
					"texture": "#0"
				},
				"down": {
					"uv": [
						9.0625,
						2.5625,
						8.0625,
						2.8125
					],
					"texture": "#0"
				}
			}
		},
		{
			"from": [
				14,
				12.894927500000001,
				0.8184424999999997
			],
			"to": [
				14.075,
				19.6449275,
				4.3809425
			],
			"rotation": {
				"angle": -22.5,
				"axis": "x",
				"origin": [
					9.5,
					12.144927500000001,
					-1.9940575000000003
				]
			},
			"faces": {
				"north": {
					"uv": [
						0.75,
						5.4375,
						0.75,
						6
					],
					"texture": "#0"
				},
				"east": {
					"uv": [
						7.375,
						9.0625,
						7.6875,
						9.625
					],
					"texture": "#0"
				},
				"south": {
					"uv": [
						5.75,
						5.9375,
						5.75,
						6.5
					],
					"texture": "#0"
				},
				"west": {
					"uv": [
						9.3125,
						4.8125,
						9.625,
						5.375
					],
					"texture": "#0"
				},
				"up": {
					"uv": [
						4.1875,
						2.9375,
						4.1875,
						2.625
					],
					"texture": "#0"
				},
				"down": {
					"uv": [
						3.5625,
						5.75,
						3.5625,
						6.0625
					],
					"texture": "#0"
				}
			}
		},
		{
			"from": [
				1.9250000000000007,
				12.894927500000001,
				0.8184424999999997
			],
			"to": [
				2,
				19.6449275,
				4.3809425
			],
			"rotation": {
				"angle": -22.5,
				"axis": "x",
				"origin": [
					6.5,
					12.144927500000001,
					-1.9940575000000003
				]
			},
			"faces": {
				"north": {
					"uv": [
						0.75,
						5.4375,
						0.75,
						6
					],
					"texture": "#0"
				},
				"east": {
					"uv": [
						9.625,
						4.8125,
						9.3125,
						5.375
					],
					"texture": "#0"
				},
				"south": {
					"uv": [
						5.75,
						5.9375,
						5.75,
						6.5
					],
					"texture": "#0"
				},
				"west": {
					"uv": [
						7.6875,
						9.0625,
						7.375,
						9.625
					],
					"texture": "#0"
				},
				"up": {
					"uv": [
						4.1875,
						2.9375,
						4.1875,
						2.625
					],
					"texture": "#0"
				},
				"down": {
					"uv": [
						3.5625,
						5.75,
						3.5625,
						6.0625
					],
					"texture": "#0"
				}
			}
		},
		{
			"from": [
				2.9029249999999998,
				14.5740275,
				-3.1442200000000007
			],
			"to": [
				3.2779249999999998,
				19.0740275,
				2.10578
			],
			"rotation": {
				"angle": -22.5,
				"axis": "y",
				"origin": [
					0.27792500000000064,
					22.0740275,
					-0.7067200000000007
				]
			},
			"faces": {
				"north": {
					"uv": [
						9,
						10.6875,
						9.0625,
						11.0625
					],
					"texture": "#0"
				},
				"east": {
					"uv": [
						9.9375,
						7.0625,
						10.375,
						7.4375
					],
					"texture": "#0"
				},
				"south": {
					"uv": [
						4.3125,
						11.75,
						4.375,
						12.125
					],
					"texture": "#0"
				},
				"west": {
					"uv": [
						10.0625,
						0,
						10.5,
						0.375
					],
					"texture": "#0"
				},
				"up": {
					"uv": [
						4,
						12.1875,
						3.9375,
						11.75
					],
					"texture": "#0"
				},
				"down": {
					"uv": [
						4.125,
						11.75,
						4.0625,
						12.1875
					],
					"texture": "#0"
				}
			}
		},
		{
			"from": [
				2,
				19.0740275,
				-4.864179999999999
			],
			"to": [
				14,
				26.574027500000003,
				-2.051680000000001
			],
			"rotation": {
				"angle": 0,
				"axis": "y",
				"origin": [
					9.5,
					22.0740275,
					-4.864179999999999
				]
			},
			"faces": {
				"north": {
					"uv": [
						1.0625,
						3.625,
						2.0625,
						4.25
					],
					"texture": "#0"
				},
				"east": {
					"uv": [
						0.3125,
						10.125,
						0.5625,
						10.75
					],
					"texture": "#0"
				},
				"south": {
					"uv": [
						3.1875,
						3.75,
						4.1875,
						4.375
					],
					"texture": "#0"
				},
				"west": {
					"uv": [
						0.625,
						10.125,
						0.875,
						10.75
					],
					"texture": "#0"
				},
				"up": {
					"uv": [
						9.0625,
						3.625,
						8.0625,
						3.375
					],
					"texture": "#0"
				},
				"down": {
					"uv": [
						4.9375,
						8.0625,
						3.9375,
						8.3125
					],
					"texture": "#0"
				}
			}
		},
		{
			"from": [
				2,
				23,
				-4.75
			],
			"to": [
				14,
				26,
				3.5
			],
			"rotation": {
				"angle": -22.5,
				"axis": "x",
				"origin": [
					9.5,
					26,
					-6.25
				]
			},
			"faces": {
				"north": {
					"uv": [
						8.0625,
						4.5625,
						9.0625,
						4.8125
					],
					"texture": "#0"
				},
				"east": {
					"uv": [
						9.375,
						5.4375,
						10.0625,
						5.6875
					],
					"texture": "#0"
				},
				"south": {
					"uv": [
						8.0625,
						7,
						9.0625,
						7.25
					],
					"texture": "#0"
				},
				"west": {
					"uv": [
						9.375,
						8.4375,
						10.0625,
						8.6875
					],
					"texture": "#0"
				},
				"up": {
					"uv": [
						4.1875,
						3.6875,
						3.1875,
						3
					],
					"texture": "#0"
				},
				"down": {
					"uv": [
						3.125,
						3.5625,
						2.125,
						4.25
					],
					"texture": "#0"
				}
			}
		}
	],
	"display": {
		"head": {
			"rotation": [
				0,
				180,
				0
			]
		}
	}
}