{
	"textures": {
		"0": "animated_java:item/fabricator/fabricator"
	},
	"display": {
		"head": {
			"rotation": [0, 180, 0]
		}
	},
	"elements": [
		{
			"from": [2.22272, -9.40346, -0.80698],
			"to": [13.88111, 2.25493, 10.85141],
			"rotation": {
				"angle": 0,
				"axis": "y",
				"origin": [8.05192, -9.38892, 5.02222]
			},
			"faces": {
				"north": {
					"uv": [0, 0, 2, 2],
					"texture": "#0"
				},
				"east": {
					"uv": [0, 2, 2, 4],
					"texture": "#0"
				},
				"south": {
					"uv": [2, 0, 4, 2],
					"texture": "#0"
				},
				"west": {
					"uv": [2, 2, 4, 4],
					"texture": "#0"
				},
				"up": {
					"uv": [2, 6, 0, 4],
					"texture": "#0"
				},
				"down": {
					"uv": [6, 0, 4, 2],
					"texture": "#0"
				}
			}
		},
		{
			"from": [2.96409, 2.2404, -0.06561],
			"to": [13.13974, 2.96723, 10.11004],
			"rotation": {
				"angle": 0,
				"axis": "y",
				"origin": [8.05192, -9.38892, 5.02222]
			},
			"faces": {
				"north": {
					"uv": [6.5, 6.5, 8.25, 6.625],
					"texture": "#0"
				},
				"east": {
					"uv": [6.5, 6.625, 8.25, 6.75],
					"texture": "#0"
				},
				"south": {
					"uv": [1.75, 6.75, 3.5, 6.875],
					"texture": "#0"
				},
				"west": {
					"uv": [6.75, 2, 8.5, 2.125],
					"texture": "#0"
				},
				"up": {
					"uv": [3.75, 5.75, 2, 4],
					"texture": "#0"
				},
				"down": {
					"uv": [5.75, 2, 4, 3.75],
					"texture": "#0"
				}
			}
		},
		{
			"from": [3.69092, 2.2404, 10.11004],
			"to": [12.41291, 5.14773, 10.83688],
			"rotation": {
				"angle": 0,
				"axis": "y",
				"origin": [8.05192, -9.38892, 5.02222]
			},
			"faces": {
				"north": {
					"uv": [6, 0, 7.5, 0.5],
					"texture": "#0"
				},
				"east": {
					"uv": [7.375, 7.375, 7.5, 7.875],
					"texture": "#0"
				},
				"south": {
					"uv": [6, 0.5, 7.5, 1],
					"texture": "#0"
				},
				"west": {
					"uv": [7.5, 0, 7.625, 0.5],
					"texture": "#0"
				},
				"up": {
					"uv": [8.25, 5.25, 6.75, 5.125],
					"texture": "#0"
				},
				"down": {
					"uv": [6.75, 6.75, 5.25, 6.875],
					"texture": "#0"
				}
			}
		},
		{
			"from": [6.59825, 2.96723, 9.38321],
			"to": [7.32508, 13.86971, 10.11004],
			"rotation": {
				"angle": 0,
				"axis": "y",
				"origin": [8.05192, -9.38892, 5.02222]
			},
			"faces": {
				"north": {
					"uv": [1.25, 6, 1.375, 7.875],
					"texture": "#0"
				},
				"east": {
					"uv": [1.375, 6, 1.5, 7.875],
					"texture": "#0"
				},
				"south": {
					"uv": [1.5, 6, 1.625, 7.875],
					"texture": "#0"
				},
				"west": {
					"uv": [1.625, 6, 1.75, 7.875],
					"texture": "#0"
				},
				"up": {
					"uv": [7.875, 0.875, 7.75, 0.75],
					"texture": "#0"
				},
				"down": {
					"uv": [7.875, 0.875, 7.75, 1],
					"texture": "#0"
				}
			}
		},
		{
			"from": [2.23726, 2.2404, 7.92955],
			"to": [2.96409, 3.69406, 10.83688],
			"rotation": {
				"angle": 0,
				"axis": "y",
				"origin": [8.05192, -9.38892, 5.02222]
			},
			"faces": {
				"north": {
					"uv": [7.5, 2.875, 7.625, 3.125],
					"texture": "#0"
				},
				"east": {
					"uv": [3, 6.5, 3.5, 6.75],
					"texture": "#0"
				},
				"south": {
					"uv": [7.5, 3.125, 7.625, 3.375],
					"texture": "#0"
				},
				"west": {
					"uv": [0, 7, 0.5, 7.25],
					"texture": "#0"
				},
				"up": {
					"uv": [7.375, 1.5, 7.25, 1],
					"texture": "#0"
				},
				"down": {
					"uv": [7.375, 1.5, 7.25, 2],
					"texture": "#0"
				}
			}
		},
		{
			"from": [2.64476, 3.2242, 7.92955],
			"to": [3.3716, 4.31445, 10.83688],
			"rotation": {
				"angle": -45,
				"axis": "z",
				"origin": [3.00818, 3.95103, 9.38321]
			},
			"faces": {
				"north": {
					"uv": [4.625, 7.5, 4.75, 7.75],
					"texture": "#0"
				},
				"east": {
					"uv": [0.5, 7, 1, 7.25],
					"texture": "#0"
				},
				"south": {
					"uv": [4.75, 7.5, 4.875, 7.75],
					"texture": "#0"
				},
				"west": {
					"uv": [2.125, 7, 2.625, 7.25],
					"texture": "#0"
				},
				"up": {
					"uv": [3, 7.75, 2.875, 7.25],
					"texture": "#0"
				},
				"down": {
					"uv": [3.125, 7.25, 3, 7.75],
					"texture": "#0"
				}
			}
		},
		{
			"from": [2.96409, 2.2404, 7.92955],
			"to": [3.69092, 13.86971, 10.83688],
			"rotation": {
				"angle": 0,
				"axis": "y",
				"origin": [8.05192, -9.38892, 5.02222]
			},
			"faces": {
				"north": {
					"uv": [3.5, 5.75, 3.625, 7.75],
					"texture": "#0"
				},
				"east": {
					"uv": [5.25, 3.75, 5.75, 5.75],
					"texture": "#0"
				},
				"south": {
					"uv": [3.625, 5.75, 3.75, 7.75],
					"texture": "#0"
				},
				"west": {
					"uv": [3.75, 5.5, 4.25, 7.5],
					"texture": "#0"
				},
				"up": {
					"uv": [2.25, 7.75, 2.125, 7.25],
					"texture": "#0"
				},
				"down": {
					"uv": [2.375, 7.25, 2.25, 7.75],
					"texture": "#0"
				}
			}
		},
		{
			"from": [2.96409, 9.50872, 6.47588],
			"to": [3.69092, 13.86971, 7.92955],
			"rotation": {
				"angle": 0,
				"axis": "y",
				"origin": [8.05192, -9.38892, 5.02222]
			},
			"faces": {
				"north": {
					"uv": [6.625, 6.875, 6.75, 7.625],
					"texture": "#0"
				},
				"east": {
					"uv": [1.75, 6, 2, 6.75],
					"texture": "#0"
				},
				"south": {
					"uv": [3.125, 7, 3.25, 7.75],
					"texture": "#0"
				},
				"west": {
					"uv": [6.75, 2.875, 7, 3.625],
					"texture": "#0"
				},
				"up": {
					"uv": [7.625, 3.625, 7.5, 3.375],
					"texture": "#0"
				},
				"down": {
					"uv": [3.875, 7.5, 3.75, 7.75],
					"texture": "#0"
				}
			}
		},
		{
			"from": [2.96409, 8.48083, 7.80485],
			"to": [3.69092, 10.66132, 8.89509],
			"rotation": {
				"angle": -45,
				"axis": "x",
				"origin": [3.32751, 8.48083, 8.53168]
			},
			"faces": {
				"north": {
					"uv": [7.5, 0.5, 7.625, 0.875],
					"texture": "#0"
				},
				"east": {
					"uv": [7, 4.125, 7.25, 4.5],
					"texture": "#0"
				},
				"south": {
					"uv": [7.5, 0.875, 7.625, 1.25],
					"texture": "#0"
				},
				"west": {
					"uv": [7, 4.5, 7.25, 4.875],
					"texture": "#0"
				},
				"up": {
					"uv": [5, 7.75, 4.875, 7.5],
					"texture": "#0"
				},
				"down": {
					"uv": [5.125, 7.5, 5, 7.75],
					"texture": "#0"
				}
			}
		},
		{
			"from": [3.69092, 13.86971, 6.47588],
			"to": [12.41291, 14.59654, 10.83688],
			"rotation": {
				"angle": 0,
				"axis": "y",
				"origin": [8.05192, -9.38892, 5.02222]
			},
			"faces": {
				"north": {
					"uv": [6.75, 2.625, 8.25, 2.75],
					"texture": "#0"
				},
				"east": {
					"uv": [7, 3.625, 7.75, 3.75],
					"texture": "#0"
				},
				"south": {
					"uv": [6.75, 2.75, 8.25, 2.875],
					"texture": "#0"
				},
				"west": {
					"uv": [7, 3.75, 7.75, 3.875],
					"texture": "#0"
				},
				"up": {
					"uv": [5.25, 4.75, 3.75, 4],
					"texture": "#0"
				},
				"down": {
					"uv": [5.25, 4.75, 3.75, 5.5],
					"texture": "#0"
				}
			}
		},
		{
			"from": [3.00819, 13.76328, 6.47588],
			"to": [4.03607, 14.49011, 10.83688],
			"rotation": {
				"angle": 45,
				"axis": "z",
				"origin": [3.73502, 14.12669, 8.65638]
			},
			"faces": {
				"north": {
					"uv": [7.625, 4.25, 7.75, 4.375],
					"texture": "#0"
				},
				"east": {
					"uv": [7, 4.875, 7.75, 5],
					"texture": "#0"
				},
				"south": {
					"uv": [7.625, 4.375, 7.75, 4.5],
					"texture": "#0"
				},
				"west": {
					"uv": [7, 5, 7.75, 5.125],
					"texture": "#0"
				},
				"up": {
					"uv": [3.375, 7.75, 3.25, 7],
					"texture": "#0"
				},
				"down": {
					"uv": [5.375, 7, 5.25, 7.75],
					"texture": "#0"
				}
			}
		},
		{
			"from": [2.96409, 2.13396, -0.74834],
			"to": [13.13974, 2.86079, 0.27954],
			"rotation": {
				"angle": -45,
				"axis": "x",
				"origin": [-2.12373, 2.49738, -0.02151]
			},
			"faces": {
				"north": {
					"uv": [6.75, 2.125, 8.5, 2.25],
					"texture": "#0"
				},
				"east": {
					"uv": [7.75, 0.5, 7.875, 0.625],
					"texture": "#0"
				},
				"south": {
					"uv": [6.75, 2.25, 8.5, 2.375],
					"texture": "#0"
				},
				"west": {
					"uv": [7.75, 0.625, 7.875, 0.75],
					"texture": "#0"
				},
				"up": {
					"uv": [8.5, 2.5, 6.75, 2.375],
					"texture": "#0"
				},
				"down": {
					"uv": [8.5, 2.5, 6.75, 2.625],
					"texture": "#0"
				}
			}
		},
		{
			"from": [6.59825, 13.14288, 6.47588],
			"to": [9.50558, 13.86971, 10.83688],
			"rotation": {
				"angle": 0,
				"axis": "y",
				"origin": [8.05192, -9.38892, 5.02222]
			},
			"faces": {
				"north": {
					"uv": [2.375, 7.25, 2.875, 7.375],
					"texture": "#0"
				},
				"east": {
					"uv": [7, 3.875, 7.75, 4],
					"texture": "#0"
				},
				"south": {
					"uv": [7.25, 4.125, 7.75, 4.25],
					"texture": "#0"
				},
				"west": {
					"uv": [7, 4, 7.75, 4.125],
					"texture": "#0"
				},
				"up": {
					"uv": [3.5, 6.5, 3, 5.75],
					"texture": "#0"
				},
				"down": {
					"uv": [5.75, 5.75, 5.25, 6.5],
					"texture": "#0"
				}
			}
		},
		{
			"from": [6.02196, 13.50629, 6.47588],
			"to": [7.04985, 14.23312, 10.83688],
			"rotation": {
				"angle": -45,
				"axis": "z",
				"origin": [6.38538, 13.86971, 8.65638]
			},
			"faces": {
				"north": {
					"uv": [7.625, 7.5, 7.75, 7.625],
					"texture": "#0"
				},
				"east": {
					"uv": [5.375, 7, 6.125, 7.125],
					"texture": "#0"
				},
				"south": {
					"uv": [7.625, 7.625, 7.75, 7.75],
					"texture": "#0"
				},
				"west": {
					"uv": [7, 6, 7.75, 6.125],
					"texture": "#0"
				},
				"up": {
					"uv": [6.25, 7.75, 6.125, 7],
					"texture": "#0"
				},
				"down": {
					"uv": [6.375, 7, 6.25, 7.75],
					"texture": "#0"
				}
			}
		},
		{
			"from": [13.13974, 2.2404, 7.92955],
			"to": [13.86657, 3.69406, 10.83688],
			"rotation": {
				"angle": 0,
				"axis": "y",
				"origin": [8.05192, -9.38892, 5.02222]
			},
			"faces": {
				"north": {
					"uv": [7.625, 2.875, 7.75, 3.125],
					"texture": "#0"
				},
				"east": {
					"uv": [7, 3.125, 7.5, 3.375],
					"texture": "#0"
				},
				"south": {
					"uv": [7.625, 3.125, 7.75, 3.375],
					"texture": "#0"
				},
				"west": {
					"uv": [7, 3.375, 7.5, 3.625],
					"texture": "#0"
				},
				"up": {
					"uv": [2.5, 7.875, 2.375, 7.375],
					"texture": "#0"
				},
				"down": {
					"uv": [2.625, 7.375, 2.5, 7.875],
					"texture": "#0"
				}
			}
		},
		{
			"from": [12.73224, 3.2242, 7.92955],
			"to": [13.45907, 4.31445, 10.83688],
			"rotation": {
				"angle": 45,
				"axis": "z",
				"origin": [13.09565, 3.95103, 9.38321]
			},
			"faces": {
				"north": {
					"uv": [2.625, 7.625, 2.75, 7.875],
					"texture": "#0"
				},
				"east": {
					"uv": [2.625, 7, 3.125, 7.25],
					"texture": "#0"
				},
				"south": {
					"uv": [2.75, 7.625, 2.875, 7.875],
					"texture": "#0"
				},
				"west": {
					"uv": [7, 2.875, 7.5, 3.125],
					"texture": "#0"
				},
				"up": {
					"uv": [7.5, 1.5, 7.375, 1],
					"texture": "#0"
				},
				"down": {
					"uv": [7.5, 1.5, 7.375, 2],
					"texture": "#0"
				}
			}
		},
		{
			"from": [12.41291, 2.2404, 7.92955],
			"to": [13.13974, 13.86971, 10.83688],
			"rotation": {
				"angle": 0,
				"axis": "y",
				"origin": [8.05192, -9.38892, 5.02222]
			},
			"faces": {
				"north": {
					"uv": [1, 6, 1.125, 8],
					"texture": "#0"
				},
				"east": {
					"uv": [4.25, 5.5, 4.75, 7.5],
					"texture": "#0"
				},
				"south": {
					"uv": [1.125, 6, 1.25, 8],
					"texture": "#0"
				},
				"west": {
					"uv": [4.75, 5.5, 5.25, 7.5],
					"texture": "#0"
				},
				"up": {
					"uv": [7.375, 4.75, 7.25, 4.25],
					"texture": "#0"
				},
				"down": {
					"uv": [7.375, 7.125, 7.25, 7.625],
					"texture": "#0"
				}
			}
		},
		{
			"from": [12.41291, 9.50872, 6.47588],
			"to": [13.13974, 13.86971, 7.92955],
			"rotation": {
				"angle": 0,
				"axis": "y",
				"origin": [8.05192, -9.38892, 5.02222]
			},
			"faces": {
				"north": {
					"uv": [7, 7.125, 7.125, 7.875],
					"texture": "#0"
				},
				"east": {
					"uv": [6.75, 3.625, 7, 4.375],
					"texture": "#0"
				},
				"south": {
					"uv": [7.125, 7.125, 7.25, 7.875],
					"texture": "#0"
				},
				"west": {
					"uv": [6.75, 4.375, 7, 5.125],
					"texture": "#0"
				},
				"up": {
					"uv": [7.75, 1.75, 7.625, 1.5],
					"texture": "#0"
				},
				"down": {
					"uv": [7.75, 1.75, 7.625, 2],
					"texture": "#0"
				}
			}
		},
		{
			"from": [12.41291, 8.48083, 7.80485],
			"to": [13.13974, 10.66132, 8.89509],
			"rotation": {
				"angle": -45,
				"axis": "x",
				"origin": [12.77633, 8.48083, 8.53168]
			},
			"faces": {
				"north": {
					"uv": [7.5, 1.25, 7.625, 1.625],
					"texture": "#0"
				},
				"east": {
					"uv": [5.625, 7.125, 5.875, 7.5],
					"texture": "#0"
				},
				"south": {
					"uv": [7.5, 1.625, 7.625, 2],
					"texture": "#0"
				},
				"west": {
					"uv": [5.875, 7.125, 6.125, 7.5],
					"texture": "#0"
				},
				"up": {
					"uv": [7.75, 1.25, 7.625, 1],
					"texture": "#0"
				},
				"down": {
					"uv": [7.75, 1.25, 7.625, 1.5],
					"texture": "#0"
				}
			}
		},
		{
			"from": [12.06776, 13.76328, 6.47588],
			"to": [13.09565, 14.49011, 10.83688],
			"rotation": {
				"angle": -45,
				"axis": "z",
				"origin": [12.36881, 14.12669, 8.65638]
			},
			"faces": {
				"north": {
					"uv": [7.75, 0.25, 7.875, 0.375],
					"texture": "#0"
				},
				"east": {
					"uv": [7, 6.375, 7.75, 6.5],
					"texture": "#0"
				},
				"south": {
					"uv": [7.75, 0.375, 7.875, 0.5],
					"texture": "#0"
				},
				"west": {
					"uv": [7, 7, 7.75, 7.125],
					"texture": "#0"
				},
				"up": {
					"uv": [5.5, 7.875, 5.375, 7.125],
					"texture": "#0"
				},
				"down": {
					"uv": [5.625, 7.125, 5.5, 7.875],
					"texture": "#0"
				}
			}
		},
		{
			"from": [9.05399, 13.50629, 6.47588],
			"to": [10.08187, 14.23312, 10.83688],
			"rotation": {
				"angle": 45,
				"axis": "z",
				"origin": [9.71846, 13.86971, 8.65638]
			},
			"faces": {
				"north": {
					"uv": [7.75, 0, 7.875, 0.125],
					"texture": "#0"
				},
				"east": {
					"uv": [7, 6.125, 7.75, 6.25],
					"texture": "#0"
				},
				"south": {
					"uv": [7.75, 0.125, 7.875, 0.25],
					"texture": "#0"
				},
				"west": {
					"uv": [7, 6.25, 7.75, 6.375],
					"texture": "#0"
				},
				"up": {
					"uv": [6.5, 7.75, 6.375, 7],
					"texture": "#0"
				},
				"down": {
					"uv": [7, 7, 6.875, 7.75],
					"texture": "#0"
				}
			}
		}
	]
}