{
	"textures": {
		"5": "expansion:vehicles/mech_torso/drill"
	},
	"elements": [
		{
			"from": [
				5.491500000000002,
				6.996459999999999,
				6.99887
			],
			"to": [
				6.741500000000002,
				8.996459999999999,
				8.99887
			],
			"rotation": {
				"angle": 0,
				"axis": "y",
				"origin": [
					13.05461,
					18.99646,
					4.848940000000001
				]
			},
			"faces": {
				"north": {
					"uv": [
						1.5,
						13.125,
						1.6875,
						13.375
					],
					"texture": "#5"
				},
				"east": {
					"uv": [
						7.375,
						1.125,
						7.625,
						1.375
					],
					"texture": "#5"
				},
				"south": {
					"uv": [
						1.875,
						13.125,
						2.0625,
						13.375
					],
					"texture": "#5"
				},
				"west": {
					"uv": [
						9.125,
						1.5,
						9.375,
						1.75
					],
					"texture": "#5"
				},
				"up": {
					"uv": [
						2.4375,
						13.375,
						2.25,
						13.125
					],
					"texture": "#5"
				},
				"down": {
					"uv": [
						2.8125,
						13.125,
						2.625,
						13.375
					],
					"texture": "#5"
				}
			}
		},
		{
			"from": [
				7.66957,
				7.72747,
				1.07749
			],
			"to": [
				9.66957,
				12.698039999999999,
				13.077490000000001
			],
			"rotation": {
				"angle": 45,
				"axis": "x",
				"origin": [
					17.982680000000002,
					7.985420000000001,
					4.850160000000001
				]
			},
			"faces": {
				"north": {
					"uv": [
						12.25,
						11.625,
						12.5,
						12.25
					],
					"texture": "#5"
				},
				"east": {
					"uv": [
						4.5,
						4.5,
						6,
						5.125
					],
					"texture": "#5"
				},
				"south": {
					"uv": [
						12.375,
						0,
						12.625,
						0.625
					],
					"texture": "#5"
				},
				"west": {
					"uv": [
						4.875,
						1.5,
						6.375,
						2.125
					],
					"texture": "#5"
				},
				"up": {
					"uv": [
						11,
						1.5,
						10.75,
						0
					],
					"texture": "#5"
				},
				"down": {
					"uv": [
						2.375,
						10.75,
						2.125,
						12.25
					],
					"texture": "#5"
				}
			}
		},
		{
			"from": [
				7.66957,
				5.500139999999998,
				2.00009
			],
			"to": [
				9.66957,
				10.4707,
				14.00009
			],
			"rotation": {
				"angle": 0,
				"axis": "y",
				"origin": [
					17.982680000000002,
					7.985420000000001,
					4.850160000000001
				]
			},
			"faces": {
				"north": {
					"uv": [
						2,
						12.375,
						2.25,
						13
					],
					"texture": "#5"
				},
				"east": {
					"uv": [
						4.875,
						2.25,
						6.375,
						2.875
					],
					"texture": "#5"
				},
				"south": {
					"uv": [
						2.375,
						12.375,
						2.625,
						13
					],
					"texture": "#5"
				},
				"west": {
					"uv": [
						4.875,
						3,
						6.375,
						3.625
					],
					"texture": "#5"
				},
				"up": {
					"uv": [
						2.75,
						12.25,
						2.5,
						10.75
					],
					"texture": "#5"
				},
				"down": {
					"uv": [
						3.125,
						10.75,
						2.875,
						12.25
					],
					"texture": "#5"
				}
			}
		},
		{
			"from": [
				7.66957,
				4.21275,
				4.59221
			],
			"to": [
				9.66957,
				16.21275,
				9.56278
			],
			"rotation": {
				"angle": 45,
				"axis": "x",
				"origin": [
					17.982680000000002,
					7.985420000000001,
					4.850160000000001
				]
			},
			"faces": {
				"north": {
					"uv": [
						0,
						10.875,
						0.25,
						12.375
					],
					"texture": "#5"
				},
				"east": {
					"uv": [
						0,
						4.625,
						0.625,
						6.125
					],
					"texture": "#5"
				},
				"south": {
					"uv": [
						0.375,
						10.875,
						0.625,
						12.375
					],
					"texture": "#5"
				},
				"west": {
					"uv": [
						0.75,
						5.125,
						1.375,
						6.625
					],
					"texture": "#5"
				},
				"up": {
					"uv": [
						3,
						13,
						2.75,
						12.375
					],
					"texture": "#5"
				},
				"down": {
					"uv": [
						12,
						12.375,
						11.75,
						13
					],
					"texture": "#5"
				}
			}
		},
		{
			"from": [
				8.16957,
				3.2127499999999998,
				5.59221
			],
			"to": [
				9.16957,
				17.21275,
				8.56278
			],
			"rotation": {
				"angle": 45,
				"axis": "x",
				"origin": [
					10.98268,
					7.985420000000001,
					4.850160000000001
				]
			},
			"faces": {
				"north": {
					"uv": [
						4.5,
						11.5,
						4.625,
						13.25
					],
					"texture": "#5"
				},
				"east": {
					"uv": [
						0,
						8,
						0.375,
						9.75
					],
					"texture": "#5"
				},
				"south": {
					"uv": [
						4.75,
						11.5,
						4.875,
						13.25
					],
					"texture": "#5"
				},
				"west": {
					"uv": [
						8,
						4.25,
						8.375,
						6
					],
					"texture": "#5"
				},
				"up": {
					"uv": [
						13.25,
						7.375,
						13.125,
						7
					],
					"texture": "#5"
				},
				"down": {
					"uv": [
						11.875,
						13.125,
						11.75,
						13.5
					],
					"texture": "#5"
				}
			}
		},
		{
			"from": [
				8.16957,
				0.9854200000000013,
				6.51481
			],
			"to": [
				9.16957,
				14.985420000000001,
				9.48537
			],
			"rotation": {
				"angle": 0,
				"axis": "y",
				"origin": [
					10.98268,
					7.985420000000001,
					4.850160000000001
				]
			},
			"faces": {
				"north": {
					"uv": [
						5,
						11.5,
						5.125,
						13.25
					],
					"texture": "#5"
				},
				"east": {
					"uv": [
						8,
						6.125,
						8.375,
						7.875
					],
					"texture": "#5"
				},
				"south": {
					"uv": [
						11.5,
						6.5,
						11.625,
						8.25
					],
					"texture": "#5"
				},
				"west": {
					"uv": [
						7.125,
						8,
						7.5,
						9.75
					],
					"texture": "#5"
				},
				"up": {
					"uv": [
						12.125,
						13.5,
						12,
						13.125
					],
					"texture": "#5"
				},
				"down": {
					"uv": [
						12.375,
						13.125,
						12.25,
						13.5
					],
					"texture": "#5"
				}
			}
		},
		{
			"from": [
				8.16957,
				6.500139999999998,
				1.0000900000000001
			],
			"to": [
				9.16957,
				9.4707,
				15.00009
			],
			"rotation": {
				"angle": 0,
				"axis": "y",
				"origin": [
					10.98268,
					7.985420000000001,
					4.850160000000001
				]
			},
			"faces": {
				"north": {
					"uv": [
						13.125,
						12.375,
						13.25,
						12.75
					],
					"texture": "#5"
				},
				"east": {
					"uv": [
						7.625,
						8,
						9.375,
						8.375
					],
					"texture": "#5"
				},
				"south": {
					"uv": [
						0,
						13.25,
						0.125,
						13.625
					],
					"texture": "#5"
				},
				"west": {
					"uv": [
						8.25,
						0,
						10,
						0.375
					],
					"texture": "#5"
				},
				"up": {
					"uv": [
						7.25,
						13.25,
						7.125,
						11.5
					],
					"texture": "#5"
				},
				"down": {
					"uv": [
						7.5,
						11.5,
						7.375,
						13.25
					],
					"texture": "#5"
				}
			}
		},
		{
			"from": [
				8.16957,
				-1.2419100000000007,
				5.59221
			],
			"to": [
				9.16957,
				12.75809,
				8.56278
			],
			"rotation": {
				"angle": -45,
				"axis": "x",
				"origin": [
					10.98268,
					7.985420000000001,
					4.850160000000001
				]
			},
			"faces": {
				"north": {
					"uv": [
						9.875,
						11.5,
						10,
						13.25
					],
					"texture": "#5"
				},
				"east": {
					"uv": [
						1.875,
						8.25,
						2.25,
						10
					],
					"texture": "#5"
				},
				"south": {
					"uv": [
						10.125,
						11.5,
						10.25,
						13.25
					],
					"texture": "#5"
				},
				"west": {
					"uv": [
						2.375,
						8.25,
						2.75,
						10
					],
					"texture": "#5"
				},
				"up": {
					"uv": [
						0.375,
						13.625,
						0.25,
						13.25
					],
					"texture": "#5"
				},
				"down": {
					"uv": [
						0.625,
						13.25,
						0.5,
						13.625
					],
					"texture": "#5"
				}
			}
		},
		{
			"from": [
				7.66957,
				1.9854200000000013,
				5.514810000000001
			],
			"to": [
				9.66957,
				13.985420000000001,
				10.48537
			],
			"rotation": {
				"angle": 0,
				"axis": "y",
				"origin": [
					17.982680000000002,
					7.985420000000001,
					4.850160000000001
				]
			},
			"faces": {
				"north": {
					"uv": [
						0.75,
						10.875,
						1,
						12.375
					],
					"texture": "#5"
				},
				"east": {
					"uv": [
						1.5,
						5.125,
						2.125,
						6.625
					],
					"texture": "#5"
				},
				"south": {
					"uv": [
						3.25,
						10.875,
						3.5,
						12.375
					],
					"texture": "#5"
				},
				"west": {
					"uv": [
						4.5,
						5.25,
						5.125,
						6.75
					],
					"texture": "#5"
				},
				"up": {
					"uv": [
						12.375,
						13,
						12.125,
						12.375
					],
					"texture": "#5"
				},
				"down": {
					"uv": [
						0.25,
						12.5,
						0,
						13.125
					],
					"texture": "#5"
				}
			}
		},
		{
			"from": [
				6.471730000000001,
				4.070060000000002,
				6.3598
			],
			"to": [
				7.791730000000001,
				11.99006,
				9.64037
			],
			"rotation": {
				"angle": 0,
				"axis": "y",
				"origin": [
					9.194840000000001,
					7.780059999999999,
					4.850160000000001
				]
			},
			"faces": {
				"north": {
					"uv": [
						11.875,
						7.875,
						12.0625,
						8.875
					],
					"texture": "#5"
				},
				"east": {
					"uv": [
						10.125,
						0,
						10.5625,
						1
					],
					"texture": "#5"
				},
				"south": {
					"uv": [
						11.875,
						9,
						12.0625,
						10
					],
					"texture": "#5"
				},
				"west": {
					"uv": [
						1.5,
						10.125,
						1.9375,
						11.125
					],
					"texture": "#5"
				},
				"up": {
					"uv": [
						12.9375,
						0.4375,
						12.75,
						0
					],
					"texture": "#5"
				},
				"down": {
					"uv": [
						8.0625,
						12.75,
						7.875,
						13.1875
					],
					"texture": "#5"
				}
			}
		},
		{
			"from": [
				6.471730000000001,
				8.543890000000001,
				2.94072
			],
			"to": [
				7.791730000000001,
				11.824459999999998,
				10.86072
			],
			"rotation": {
				"angle": 45,
				"axis": "x",
				"origin": [
					9.194840000000001,
					7.780059999999999,
					4.850160000000001
				]
			},
			"faces": {
				"north": {
					"uv": [
						12.75,
						12.375,
						12.9375,
						12.8125
					],
					"texture": "#5"
				},
				"east": {
					"uv": [
						10,
						6.75,
						11,
						7.1875
					],
					"texture": "#5"
				},
				"south": {
					"uv": [
						12.875,
						0.625,
						13.0625,
						1.0625
					],
					"texture": "#5"
				},
				"west": {
					"uv": [
						2.125,
						10.125,
						3.125,
						10.5625
					],
					"texture": "#5"
				},
				"up": {
					"uv": [
						12.0625,
						11.125,
						11.875,
						10.125
					],
					"texture": "#5"
				},
				"down": {
					"uv": [
						12.0625,
						11.25,
						11.875,
						12.25
					],
					"texture": "#5"
				}
			}
		},
		{
			"from": [
				6.471730000000001,
				6.389769999999999,
				4.04009
			],
			"to": [
				7.791730000000001,
				9.67035,
				11.960090000000001
			],
			"rotation": {
				"angle": 0,
				"axis": "y",
				"origin": [
					9.194840000000001,
					7.780059999999999,
					4.850160000000001
				]
			},
			"faces": {
				"north": {
					"uv": [
						12.875,
						1.25,
						13.0625,
						1.6875
					],
					"texture": "#5"
				},
				"east": {
					"uv": [
						10.125,
						2.125,
						11.125,
						2.5625
					],
					"texture": "#5"
				},
				"south": {
					"uv": [
						12.875,
						1.875,
						13.0625,
						2.3125
					],
					"texture": "#5"
				},
				"west": {
					"uv": [
						0,
						10.25,
						1,
						10.6875
					],
					"texture": "#5"
				},
				"up": {
					"uv": [
						12.1875,
						1,
						12,
						0
					],
					"texture": "#5"
				},
				"down": {
					"uv": [
						12.3125,
						4.5,
						12.125,
						5.5
					],
					"texture": "#5"
				}
			}
		},
		{
			"from": [
				6.471730000000001,
				6.224170000000001,
				5.2604299999999995
			],
			"to": [
				7.791730000000001,
				14.144169999999999,
				8.541
			],
			"rotation": {
				"angle": 45,
				"axis": "x",
				"origin": [
					9.194840000000001,
					7.780059999999999,
					4.850160000000001
				]
			},
			"faces": {
				"north": {
					"uv": [
						12.125,
						5.625,
						12.3125,
						6.625
					],
					"texture": "#5"
				},
				"east": {
					"uv": [
						10.25,
						7.375,
						10.6875,
						8.375
					],
					"texture": "#5"
				},
				"south": {
					"uv": [
						12.125,
						6.75,
						12.3125,
						7.75
					],
					"texture": "#5"
				},
				"west": {
					"uv": [
						4,
						10.375,
						4.4375,
						11.375
					],
					"texture": "#5"
				},
				"up": {
					"uv": [
						13.0625,
						2.9375,
						12.875,
						2.5
					],
					"texture": "#5"
				},
				"down": {
					"uv": [
						13.0625,
						3.125,
						12.875,
						3.5625
					],
					"texture": "#5"
				}
			}
		}
	],
	"display": {
		"head": {
			"rotation": [
				0,
				180,
				0
			]
		}
	}
}