{
	"textures": {
		"1": "expansion:vehicles/mech_torso/drills"
	},
	"elements": [
		{
			"from": [
				26.285714285714285,
				-1.4285714285714288,
				5.142857142857143
			],
			"to": [
				32,
				10,
				10.857142857142858
			],
			"rotation": {
				"angle": 0,
				"axis": "y",
				"origin": [
					8,
					8,
					8
				]
			},
			"faces": {
				"north": {
					"uv": [
						2.5,
						5,
						5,
						10
					],
					"texture": "#1"
				},
				"east": {
					"uv": [
						5,
						5,
						7.5,
						10
					],
					"texture": "#1"
				},
				"south": {
					"uv": [
						7.5,
						0,
						10,
						5
					],
					"texture": "#1"
				},
				"west": {
					"uv": [
						7.5,
						5,
						10,
						10
					],
					"texture": "#1"
				},
				"up": {
					"uv": [
						5,
						12.5,
						2.5,
						10
					],
					"texture": "#1"
				},
				"down": {
					"uv": [
						12.5,
						2.5,
						10,
						5
					],
					"texture": "#1"
				}
			}
		}
	],
	"display": {
		"head": {
			"rotation": [
				0,
				180,
				0
			]
		}
	}
}