{
	"textures": {
		"5": "expansion:vehicles/mech_torso/drill"
	},
	"elements": [
		{
			"from": [
				11.789952558274665,
				4.551078415527593,
				6.691789041171306
			],
			"to": [
				12.444058037689011,
				13.054449647914097,
				9.308210958828694
			],
			"rotation": {
				"angle": 0,
				"axis": "y",
				"origin": [
					12.444058037689011,
					9.783922250842366,
					8
				]
			},
			"faces": {
				"north": {
					"uv": [
						11.625,
						10.25,
						11.75,
						11.875
					],
					"texture": "#5"
				},
				"east": {
					"uv": [
						3.75,
						6.125,
						4.25,
						7.75
					],
					"texture": "#5"
				},
				"south": {
					"uv": [
						11.75,
						0,
						11.875,
						1.625
					],
					"texture": "#5"
				},
				"west": {
					"uv": [
						0,
						6.25,
						0.5,
						7.875
					],
					"texture": "#5"
				},
				"up": {
					"uv": [
						4.125,
						10.25,
						4,
						9.75
					],
					"texture": "#5"
				},
				"down": {
					"uv": [
						12.125,
						1.125,
						12,
						1.625
					],
					"texture": "#5"
				}
			}
		},
		{
			"from": [
				6.557108722959892,
				7.815038593586006,
				4.729472602928267
			],
			"to": [
				11.789952558274665,
				16.979056360181005,
				11.270527397071733
			],
			"rotation": {
				"angle": 0,
				"axis": "y",
				"origin": [
					12.444058037689011,
					9.783922250842366,
					8
				]
			},
			"faces": {
				"north": {
					"uv": [
						3,
						0,
						4,
						1.75
					],
					"texture": "#5"
				},
				"east": {
					"uv": [
						1.625,
						0,
						2.875,
						1.75
					],
					"texture": "#5"
				},
				"south": {
					"uv": [
						3,
						1.875,
						4,
						3.625
					],
					"texture": "#5"
				},
				"west": {
					"uv": [
						1.625,
						1.875,
						2.875,
						3.625
					],
					"texture": "#5"
				},
				"up": {
					"uv": [
						1,
						4.5,
						0,
						3.25
					],
					"texture": "#5"
				},
				"down": {
					"uv": [
						2.125,
						3.75,
						1.125,
						5
					],
					"texture": "#5"
				}
			}
		},
		{
			"from": [
				5.903003243545545,
				9.129816771428018,
				6.691789041171306
			],
			"to": [
				6.557108722959892,
				15.016766086157137,
				9.308210958828694
			],
			"rotation": {
				"angle": 0,
				"axis": "y",
				"origin": [
					12.444058037689011,
					9.783922250842366,
					8
				]
			},
			"faces": {
				"north": {
					"uv": [
						7.625,
						12.5,
						7.75,
						13.625
					],
					"texture": "#5"
				},
				"east": {
					"uv": [
						8.5,
						6.125,
						9,
						7.25
					],
					"texture": "#5"
				},
				"south": {
					"uv": [
						10.625,
						12.5,
						10.75,
						13.625
					],
					"texture": "#5"
				},
				"west": {
					"uv": [
						7.625,
						8.5,
						8.125,
						9.625
					],
					"texture": "#5"
				},
				"up": {
					"uv": [
						11,
						13.5,
						10.875,
						13
					],
					"texture": "#5"
				},
				"down": {
					"uv": [
						11.25,
						13,
						11.125,
						13.5
					],
					"texture": "#5"
				}
			}
		},
		{
			"from": [
				7.865319681788585,
				8.475711292013672,
				4.075367123513921
			],
			"to": [
				10.481741599445972,
				16.32497704498583,
				11.92463287648608
			],
			"rotation": {
				"angle": 0,
				"axis": "y",
				"origin": [
					12.444058037689011,
					9.783922250842366,
					8
				]
			},
			"faces": {
				"north": {
					"uv": [
						6.5,
						1.5,
						7,
						3
					],
					"texture": "#5"
				},
				"east": {
					"uv": [
						0,
						0,
						1.5,
						1.5
					],
					"texture": "#5"
				},
				"south": {
					"uv": [
						0.625,
						6.75,
						1.125,
						8.25
					],
					"texture": "#5"
				},
				"west": {
					"uv": [
						0,
						1.625,
						1.5,
						3.125
					],
					"texture": "#5"
				},
				"up": {
					"uv": [
						1.75,
						8.25,
						1.25,
						6.75
					],
					"texture": "#5"
				},
				"down": {
					"uv": [
						7.25,
						6,
						6.75,
						7.5
					],
					"texture": "#5"
				}
			}
		},
		{
			"from": [
				7.865319681788585,
				14.52434239914443,
				8.759167901517879
			],
			"to": [
				10.481741599445972,
				22.37360815211659,
				10.721484339760918
			],
			"rotation": {
				"angle": -22.5,
				"axis": "x",
				"origin": [
					9.17353064061728,
					18.44897527563051,
					6.796851463274839
				]
			},
			"faces": {
				"north": {
					"uv": [
						4.375,
						6.875,
						4.875,
						8.375
					],
					"texture": "#5"
				},
				"east": {
					"uv": [
						8.25,
						8.5,
						8.625,
						10
					],
					"texture": "#5"
				},
				"south": {
					"uv": [
						7.125,
						1.5,
						7.625,
						3
					],
					"texture": "#5"
				},
				"west": {
					"uv": [
						8.75,
						2.375,
						9.125,
						3.875
					],
					"texture": "#5"
				},
				"up": {
					"uv": [
						7.25,
						5.125,
						6.75,
						4.75
					],
					"texture": "#5"
				},
				"down": {
					"uv": [
						12.125,
						4,
						11.625,
						4.375
					],
					"texture": "#5"
				}
			}
		},
		{
			"from": [
				7.865319681788585,
				16.777179786069354,
				5.726630242076261
			],
			"to": [
				10.481741599445972,
				24.626445539041512,
				8.343052159733649
			],
			"rotation": {
				"angle": 22.5,
				"axis": "x",
				"origin": [
					9.17353064061728,
					20.701812662555433,
					3.764313803833222
				]
			},
			"faces": {
				"north": {
					"uv": [
						7.125,
						3.125,
						7.625,
						4.625
					],
					"texture": "#5"
				},
				"east": {
					"uv": [
						7.375,
						4.75,
						7.875,
						6.25
					],
					"texture": "#5"
				},
				"south": {
					"uv": [
						7.375,
						6.375,
						7.875,
						7.875
					],
					"texture": "#5"
				},
				"west": {
					"uv": [
						5,
						7.625,
						5.5,
						9.125
					],
					"texture": "#5"
				},
				"up": {
					"uv": [
						4.625,
						3.625,
						4.125,
						3.125
					],
					"texture": "#5"
				},
				"down": {
					"uv": [
						7,
						3.125,
						6.5,
						3.625
					],
					"texture": "#5"
				}
			}
		},
		{
			"from": [
				11.789952558274665,
				0.6264455390415131,
				6.03768356175696
			],
			"to": [
				12.444058037689011,
				4.551078415527593,
				9.96231643824304
			],
			"rotation": {
				"angle": 0,
				"axis": "y",
				"origin": [
					12.444058037689011,
					9.783922250842366,
					8
				]
			},
			"faces": {
				"north": {
					"uv": [
						12.5,
						12.375,
						12.625,
						13.125
					],
					"texture": "#5"
				},
				"east": {
					"uv": [
						8.75,
						8.5,
						9.5,
						9.25
					],
					"texture": "#5"
				},
				"south": {
					"uv": [
						12.625,
						0.75,
						12.75,
						1.5
					],
					"texture": "#5"
				},
				"west": {
					"uv": [
						9,
						4,
						9.75,
						4.75
					],
					"texture": "#5"
				},
				"up": {
					"uv": [
						12.75,
						2.375,
						12.625,
						1.625
					],
					"texture": "#5"
				},
				"down": {
					"uv": [
						12.75,
						2.5,
						12.625,
						3.25
					],
					"texture": "#5"
				}
			}
		},
		{
			"from": [
				5.541825820977328,
				4.551078415527593,
				4.2076664977802665
			],
			"to": [
				8.158247738634714,
				7.8216058125993255,
				4.861771977194612
			],
			"rotation": {
				"angle": 22.5,
				"axis": "y",
				"origin": [
					7.374740572227825,
					9.783922250842366,
					5.2200517124890276
				]
			},
			"faces": {
				"north": {
					"uv": [
						6.125,
						4.5,
						6.625,
						5.125
					],
					"texture": "#5"
				},
				"east": {
					"uv": [
						5,
						6.875,
						5.125,
						7.5
					],
					"texture": "#5"
				},
				"south": {
					"uv": [
						9.25,
						3.25,
						9.75,
						3.875
					],
					"texture": "#5"
				},
				"west": {
					"uv": [
						4.75,
						8.5,
						4.875,
						9.125
					],
					"texture": "#5"
				},
				"up": {
					"uv": [
						10.625,
						1.25,
						10.125,
						1.125
					],
					"texture": "#5"
				},
				"down": {
					"uv": [
						11,
						5.25,
						10.5,
						5.375
					],
					"texture": "#5"
				}
			}
		},
		{
			"from": [
				5.541825820977328,
				7.8216058125993255,
				4.2076664977802665
			],
			"to": [
				8.158247738634714,
				13.054449647914097,
				6.824088415437653
			],
			"rotation": {
				"angle": 22.5,
				"axis": "y",
				"origin": [
					7.374740572227825,
					9.783922250842366,
					5.2200517124890276
				]
			},
			"faces": {
				"north": {
					"uv": [
						4.75,
						9.25,
						5.25,
						10.25
					],
					"texture": "#5"
				},
				"east": {
					"uv": [
						8.75,
						9.375,
						9.25,
						10.375
					],
					"texture": "#5"
				},
				"south": {
					"uv": [
						9.375,
						9.375,
						9.875,
						10.375
					],
					"texture": "#5"
				},
				"west": {
					"uv": [
						5.375,
						9.5,
						5.875,
						10.5
					],
					"texture": "#5"
				},
				"up": {
					"uv": [
						9,
						7.875,
						8.5,
						7.375
					],
					"texture": "#5"
				},
				"down": {
					"uv": [
						11.625,
						1.5,
						11.125,
						2
					],
					"texture": "#5"
				}
			}
		},
		{
			"from": [
				4.88772034156298,
				0.6264455390415131,
				4.2076664977802665
			],
			"to": [
				8.81235321804906,
				4.551078415527593,
				4.861771977194612
			],
			"rotation": {
				"angle": 22.5,
				"axis": "y",
				"origin": [
					7.374740572227825,
					9.783922250842366,
					5.2200517124890276
				]
			},
			"faces": {
				"north": {
					"uv": [
						9,
						4.875,
						9.75,
						5.625
					],
					"texture": "#5"
				},
				"east": {
					"uv": [
						12.625,
						3.375,
						12.75,
						4.125
					],
					"texture": "#5"
				},
				"south": {
					"uv": [
						9.125,
						5.75,
						9.875,
						6.5
					],
					"texture": "#5"
				},
				"west": {
					"uv": [
						6.375,
						12.625,
						6.5,
						13.375
					],
					"texture": "#5"
				},
				"up": {
					"uv": [
						9,
						1.625,
						8.25,
						1.5
					],
					"texture": "#5"
				},
				"down": {
					"uv": [
						13.25,
						7.5,
						12.5,
						7.625
					],
					"texture": "#5"
				}
			}
		},
		{
			"from": [
				5.541825820977328,
				4.551078415527593,
				11.138228022805386
			],
			"to": [
				8.158247738634714,
				7.8216058125993255,
				11.792333502219734
			],
			"rotation": {
				"angle": -22.5,
				"axis": "y",
				"origin": [
					7.374740572227825,
					9.783922250842366,
					10.779948287510972
				]
			},
			"faces": {
				"north": {
					"uv": [
						11.125,
						0,
						11.625,
						0.625
					],
					"texture": "#5"
				},
				"east": {
					"uv": [
						13,
						9.875,
						13.125,
						10.5
					],
					"texture": "#5"
				},
				"south": {
					"uv": [
						11.125,
						0.75,
						11.625,
						1.375
					],
					"texture": "#5"
				},
				"west": {
					"uv": [
						13,
						10.625,
						13.125,
						11.25
					],
					"texture": "#5"
				},
				"up": {
					"uv": [
						13.375,
						3.875,
						12.875,
						3.75
					],
					"texture": "#5"
				},
				"down": {
					"uv": [
						13.375,
						4,
						12.875,
						4.125
					],
					"texture": "#5"
				}
			}
		},
		{
			"from": [
				5.541825820977328,
				7.8216058125993255,
				9.175911584562348
			],
			"to": [
				8.158247738634714,
				13.054449647914097,
				11.792333502219734
			],
			"rotation": {
				"angle": -22.5,
				"axis": "y",
				"origin": [
					7.374740572227825,
					9.783922250842366,
					10.779948287510972
				]
			},
			"faces": {
				"north": {
					"uv": [
						6,
						9.5,
						6.5,
						10.5
					],
					"texture": "#5"
				},
				"east": {
					"uv": [
						9.625,
						7.5,
						10.125,
						8.5
					],
					"texture": "#5"
				},
				"south": {
					"uv": [
						3.375,
						9.75,
						3.875,
						10.75
					],
					"texture": "#5"
				},
				"west": {
					"uv": [
						7.625,
						9.75,
						8.125,
						10.75
					],
					"texture": "#5"
				},
				"up": {
					"uv": [
						11.625,
						5.75,
						11.125,
						5.25
					],
					"texture": "#5"
				},
				"down": {
					"uv": [
						11.625,
						5.875,
						11.125,
						6.375
					],
					"texture": "#5"
				}
			}
		},
		{
			"from": [
				4.88772034156298,
				0.6264455390415131,
				11.138228022805386
			],
			"to": [
				8.81235321804906,
				4.551078415527593,
				11.792333502219734
			],
			"rotation": {
				"angle": -22.5,
				"axis": "y",
				"origin": [
					7.374740572227825,
					9.783922250842366,
					10.779948287510972
				]
			},
			"faces": {
				"north": {
					"uv": [
						9.125,
						6.625,
						9.875,
						7.375
					],
					"texture": "#5"
				},
				"east": {
					"uv": [
						6.625,
						12.625,
						6.75,
						13.375
					],
					"texture": "#5"
				},
				"south": {
					"uv": [
						9.25,
						2.375,
						10,
						3.125
					],
					"texture": "#5"
				},
				"west": {
					"uv": [
						6.875,
						12.625,
						7,
						13.375
					],
					"texture": "#5"
				},
				"up": {
					"uv": [
						13.375,
						4.375,
						12.625,
						4.25
					],
					"texture": "#5"
				},
				"down": {
					"uv": [
						13.375,
						7.75,
						12.625,
						7.875
					],
					"texture": "#5"
				}
			}
		}
	],
	"display": {
		"head": {
			"rotation": [
				0,
				180,
				0
			]
		}
	}
}