{
	"textures": {
		"0": "expansion:structures/assembler/assembler"
	},
	"elements": [
		{
			"from": [
				7.5,
				4.9999999999999964,
				7
			],
			"to": [
				9,
				10.499999999999996,
				9
			],
			"rotation": {
				"angle": 0,
				"axis": "y",
				"origin": [
					-1.713122078919156,
					-1.7986914087406234,
					2
				]
			},
			"faces": {
				"north": {
					"uv": [
						5.875,
						10.1875,
						6,
						10.5625
					],
					"texture": "#0"
				},
				"east": {
					"uv": [
						6.0625,
						10.1875,
						6.1875,
						10.5625
					],
					"texture": "#0"
				},
				"south": {
					"uv": [
						6.25,
						10.1875,
						6.375,
						10.5625
					],
					"texture": "#0"
				},
				"west": {
					"uv": [
						10.1875,
						6.25,
						10.3125,
						6.625
					],
					"texture": "#0"
				},
				"up": {
					"uv": [
						11.6875,
						8.8125,
						11.5625,
						8.6875
					],
					"texture": "#0"
				},
				"down": {
					"uv": [
						9.3125,
						11.5625,
						9.1875,
						11.6875
					],
					"texture": "#0"
				}
			}
		}
	]
}