{
	"textures": {
		"0": "expansion:structures/assembler/assembler"
	},
	"elements": [
		{
			"from": [
				7.5,
				4.9999999999999964,
				7
			],
			"to": [
				9,
				10.499999999999996,
				9
			],
			"rotation": {
				"angle": 0,
				"axis": "y",
				"origin": [
					-1.2762265067369185,
					-6.7239491947376315,
					2
				]
			},
			"faces": {
				"north": {
					"uv": [
						1.5625,
						10.1875,
						1.6875,
						10.5625
					],
					"texture": "#0"
				},
				"east": {
					"uv": [
						3.6875,
						10.1875,
						3.8125,
						10.5625
					],
					"texture": "#0"
				},
				"south": {
					"uv": [
						3.875,
						10.1875,
						4,
						10.5625
					],
					"texture": "#0"
				},
				"west": {
					"uv": [
						10.1875,
						3.9375,
						10.3125,
						4.3125
					],
					"texture": "#0"
				},
				"up": {
					"uv": [
						6.375,
						11.6875,
						6.25,
						11.5625
					],
					"texture": "#0"
				},
				"down": {
					"uv": [
						6.5625,
						11.5625,
						6.4375,
						11.6875
					],
					"texture": "#0"
				}
			}
		}
	]
}