{
	"textures": {
		"0": "expansion:structures/assembler/assembler"
	},
	"elements": [
		{
			"from": [
				8,
				-3.552713678800501e-15,
				7.5
			],
			"to": [
				8.5,
				2.4999999999999964,
				8.25
			],
			"rotation": {
				"angle": 0,
				"axis": "y",
				"origin": [
					-1.713122078919156,
					-1.7986914087406234,
					2
				]
			},
			"faces": {
				"north": {
					"uv": [
						8.5,
						11.9375,
						8.5625,
						12.125
					],
					"texture": "#0"
				},
				"east": {
					"uv": [
						8.875,
						11.9375,
						8.9375,
						12.125
					],
					"texture": "#0"
				},
				"south": {
					"uv": [
						9,
						11.9375,
						9.0625,
						12.125
					],
					"texture": "#0"
				},
				"west": {
					"uv": [
						11.9375,
						9.3125,
						12,
						9.5
					],
					"texture": "#0"
				},
				"up": {
					"uv": [
						7.4375,
						12.4375,
						7.375,
						12.375
					],
					"texture": "#0"
				},
				"down": {
					"uv": [
						12.4375,
						7.4375,
						12.375,
						7.5
					],
					"texture": "#0"
				}
			}
		}
	]
}