{
	"textures": {
		"0": "expansion:structures/assembler/assembler"
	},
	"elements": [
		{
			"from": [
				7.75,
				2.4999999999999964,
				7.25
			],
			"to": [
				8.75,
				4.9999999999999964,
				8.5
			],
			"rotation": {
				"angle": 0,
				"axis": "y",
				"origin": [
					-1.2762265067369185,
					-6.7239491947376315,
					2
				]
			},
			"faces": {
				"north": {
					"uv": [
						11.875,
						8.9375,
						11.9375,
						9.125
					],
					"texture": "#0"
				},
				"east": {
					"uv": [
						11.875,
						9.875,
						11.9375,
						10.0625
					],
					"texture": "#0"
				},
				"south": {
					"uv": [
						11.875,
						10.375,
						11.9375,
						10.5625
					],
					"texture": "#0"
				},
				"west": {
					"uv": [
						11.875,
						10.625,
						11.9375,
						10.8125
					],
					"texture": "#0"
				},
				"up": {
					"uv": [
						1.0625,
						12.4375,
						1,
						12.375
					],
					"texture": "#0"
				},
				"down": {
					"uv": [
						12.4375,
						1,
						12.375,
						1.0625
					],
					"texture": "#0"
				}
			}
		}
	]
}