{
	"textures": {
		"0": "expansion:structures/assembler/assembler"
	},
	"elements": [
		{
			"from": [
				7.75,
				2.4999999999999964,
				7.25
			],
			"to": [
				8.75,
				4.9999999999999964,
				8.5
			],
			"rotation": {
				"angle": 0,
				"axis": "y",
				"origin": [
					-1.713122078919156,
					-1.7986914087406234,
					2
				]
			},
			"faces": {
				"north": {
					"uv": [
						7.75,
						11.9375,
						7.8125,
						12.125
					],
					"texture": "#0"
				},
				"east": {
					"uv": [
						7.875,
						11.9375,
						7.9375,
						12.125
					],
					"texture": "#0"
				},
				"south": {
					"uv": [
						8,
						11.9375,
						8.0625,
						12.125
					],
					"texture": "#0"
				},
				"west": {
					"uv": [
						11.9375,
						8,
						12,
						8.1875
					],
					"texture": "#0"
				},
				"up": {
					"uv": [
						7.3125,
						12.4375,
						7.25,
						12.375
					],
					"texture": "#0"
				},
				"down": {
					"uv": [
						12.4375,
						7.3125,
						12.375,
						7.375
					],
					"texture": "#0"
				}
			}
		}
	]
}