{
	"textures": {
		"0": "expansion:structures/assembler/assembler"
	},
	"elements": [
		{
			"from": [
				8,
				-3.552713678800501e-15,
				7.5
			],
			"to": [
				8.5,
				2.4999999999999964,
				8.25
			],
			"rotation": {
				"angle": 0,
				"axis": "y",
				"origin": [
					1.109842921830591,
					-8.403399668899269,
					2
				]
			},
			"faces": {
				"north": {
					"uv": [
						10.8125,
						11.75,
						10.875,
						11.9375
					],
					"texture": "#0"
				},
				"east": {
					"uv": [
						10.9375,
						11.75,
						11,
						11.9375
					],
					"texture": "#0"
				},
				"south": {
					"uv": [
						11.0625,
						11.75,
						11.125,
						11.9375
					],
					"texture": "#0"
				},
				"west": {
					"uv": [
						11.1875,
						11.75,
						11.25,
						11.9375
					],
					"texture": "#0"
				},
				"up": {
					"uv": [
						10.625,
						12.3125,
						10.5625,
						12.25
					],
					"texture": "#0"
				},
				"down": {
					"uv": [
						10.75,
						12.25,
						10.6875,
						12.3125
					],
					"texture": "#0"
				}
			}
		}
	]
}