{
	"textures": {
		"0": "expansion:structures/assembler/assembler"
	},
	"elements": [
		{
			"from": [
				7.25,
				11.000000000000004,
				7.25
			],
			"to": [
				8.25,
				13.500000000000004,
				8.5
			],
			"rotation": {
				"angle": 0,
				"axis": "y",
				"origin": [
					13.441605733403033,
					22.41015369110678,
					2.000000000000001
				]
			},
			"faces": {
				"north": {
					"uv": [
						9.6875,
						11.8125,
						9.75,
						12
					],
					"texture": "#0"
				},
				"east": {
					"uv": [
						11.8125,
						11.6875,
						11.875,
						11.875
					],
					"texture": "#0"
				},
				"south": {
					"uv": [
						11.875,
						2.125,
						11.9375,
						2.3125
					],
					"texture": "#0"
				},
				"west": {
					"uv": [
						2.375,
						11.875,
						2.4375,
						12.0625
					],
					"texture": "#0"
				},
				"up": {
					"uv": [
						5.5,
						12.375,
						5.4375,
						12.3125
					],
					"texture": "#0"
				},
				"down": {
					"uv": [
						5.625,
						12.3125,
						5.5625,
						12.375
					],
					"texture": "#0"
				}
			}
		}
	]
}