{
	"textures": {
		"0": "expansion:structures/assembler/assembler"
	},
	"elements": [
		{
			"from": [
				7.5,
				4.9999999999999964,
				7
			],
			"to": [
				9,
				10.499999999999996,
				9
			],
			"rotation": {
				"angle": 0,
				"axis": "y",
				"origin": [
					1.109842921830591,
					-8.403399668899269,
					2
				]
			},
			"faces": {
				"north": {
					"uv": [
						5.0625,
						10,
						5.1875,
						10.375
					],
					"texture": "#0"
				},
				"east": {
					"uv": [
						6.9375,
						10,
						7.0625,
						10.375
					],
					"texture": "#0"
				},
				"south": {
					"uv": [
						8.1875,
						10.0625,
						8.3125,
						10.4375
					],
					"texture": "#0"
				},
				"west": {
					"uv": [
						8.375,
						10.0625,
						8.5,
						10.4375
					],
					"texture": "#0"
				},
				"up": {
					"uv": [
						11.6875,
						0.6875,
						11.5625,
						0.5625
					],
					"texture": "#0"
				},
				"down": {
					"uv": [
						11.6875,
						0.75,
						11.5625,
						0.875
					],
					"texture": "#0"
				}
			}
		}
	]
}