{
	"textures": {
		"0": "expansion:structures/assembler/assembler"
	},
	"elements": [
		{
			"from": [
				7.5,
				13.500000000000004,
				7.5
			],
			"to": [
				8,
				16.000000000000004,
				8.25
			],
			"rotation": {
				"angle": 0,
				"axis": "y",
				"origin": [
					13.441605733403033,
					22.41015369110678,
					2.000000000000001
				]
			},
			"faces": {
				"north": {
					"uv": [
						11.875,
						2.375,
						11.9375,
						2.5625
					],
					"texture": "#0"
				},
				"east": {
					"uv": [
						2.625,
						11.875,
						2.6875,
						12.0625
					],
					"texture": "#0"
				},
				"south": {
					"uv": [
						2.75,
						11.875,
						2.8125,
						12.0625
					],
					"texture": "#0"
				},
				"west": {
					"uv": [
						3.25,
						11.875,
						3.3125,
						12.0625
					],
					"texture": "#0"
				},
				"up": {
					"uv": [
						5.9375,
						12.375,
						5.875,
						12.3125
					],
					"texture": "#0"
				},
				"down": {
					"uv": [
						6.0625,
						12.3125,
						6,
						12.375
					],
					"texture": "#0"
				}
			}
		}
	]
}