{
	"textures": {
		"0": "expansion:structures/assembler/assembler"
	},
	"elements": [
		{
			"from": [
				7.75,
				2.4999999999999964,
				7.25
			],
			"to": [
				8.75,
				4.9999999999999964,
				8.5
			],
			"rotation": {
				"angle": 0,
				"axis": "y",
				"origin": [
					1.109842921830591,
					-8.403399668899269,
					2
				]
			},
			"faces": {
				"north": {
					"uv": [
						10.3125,
						11.75,
						10.375,
						11.9375
					],
					"texture": "#0"
				},
				"east": {
					"uv": [
						10.4375,
						11.75,
						10.5,
						11.9375
					],
					"texture": "#0"
				},
				"south": {
					"uv": [
						10.5625,
						11.75,
						10.625,
						11.9375
					],
					"texture": "#0"
				},
				"west": {
					"uv": [
						10.6875,
						11.75,
						10.75,
						11.9375
					],
					"texture": "#0"
				},
				"up": {
					"uv": [
						10.375,
						12.3125,
						10.3125,
						12.25
					],
					"texture": "#0"
				},
				"down": {
					"uv": [
						10.5,
						12.25,
						10.4375,
						12.3125
					],
					"texture": "#0"
				}
			}
		}
	]
}