{
	"textures": {
		"0": "expansion:structures/assembler/assembler"
	},
	"elements": [
		{
			"from": [
				7.250000000000002,
				5.250000000000002,
				6.999999999999998
			],
			"to": [
				8.750000000000002,
				10.750000000000002,
				8.999999999999998
			],
			"rotation": {
				"angle": 0,
				"axis": "y",
				"origin": [
					13.691605733403035,
					22.160153691106775,
					1.9999999999999991
				]
			},
			"faces": {
				"north": {
					"uv": [
						7.375,
						10.125,
						7.5,
						10.5
					],
					"texture": "#0"
				},
				"east": {
					"uv": [
						8.5625,
						10.125,
						8.6875,
						10.5
					],
					"texture": "#0"
				},
				"south": {
					"uv": [
						8.75,
						10.125,
						8.875,
						10.5
					],
					"texture": "#0"
				},
				"west": {
					"uv": [
						1.375,
						10.1875,
						1.5,
						10.5625
					],
					"texture": "#0"
				},
				"up": {
					"uv": [
						3,
						11.6875,
						2.875,
						11.5625
					],
					"texture": "#0"
				},
				"down": {
					"uv": [
						11.6875,
						3.25,
						11.5625,
						3.375
					],
					"texture": "#0"
				}
			}
		}
	]
}