{
	"textures": {
		"0": "expansion:structures/assembler/assembler"
	},
	"elements": [
		{
			"from": [
				8,
				-3.552713678800501e-15,
				7.5
			],
			"to": [
				8.5,
				2.4999999999999964,
				8.25
			],
			"rotation": {
				"angle": 0,
				"axis": "y",
				"origin": [
					-1.2762265067369185,
					-6.7239491947376315,
					2
				]
			},
			"faces": {
				"north": {
					"uv": [
						11.875,
						10.875,
						11.9375,
						11.0625
					],
					"texture": "#0"
				},
				"east": {
					"uv": [
						11.875,
						11.125,
						11.9375,
						11.3125
					],
					"texture": "#0"
				},
				"south": {
					"uv": [
						11.875,
						11.375,
						11.9375,
						11.5625
					],
					"texture": "#0"
				},
				"west": {
					"uv": [
						11.9375,
						0,
						12,
						0.1875
					],
					"texture": "#0"
				},
				"up": {
					"uv": [
						1.1875,
						12.4375,
						1.125,
						12.375
					],
					"texture": "#0"
				},
				"down": {
					"uv": [
						12.4375,
						1.125,
						12.375,
						1.1875
					],
					"texture": "#0"
				}
			}
		}
	]
}