{
	"credit": "Made with Blockbench",
	"texture_size": [128, 128],
	"textures": {
		"1": "expansion:vehicles/rocket/rocket_bottom",
		"particle": "expansion:vehicles/rocket/rocket_bottom"
	},
	"elements": [
		{
			"from": [12.625, 10.5, 1.4375],
			"to": [15.625, 11.5, 2.4375],
			"rotation": {"angle": -45, "axis": "y", "origin": [14.125, 11, 1.9375]},
			"faces": {
				"north": {"uv": [7.875, 4, 8.25, 4.125], "texture": "#1"},
				"east": {"uv": [7, 1.25, 7.125, 1.375], "texture": "#1"},
				"south": {"uv": [7.875, 4.125, 8.25, 4.25], "texture": "#1"},
				"west": {"uv": [1.25, 7.625, 1.375, 7.75], "texture": "#1"},
				"up": {"uv": [8.25, 4.375, 7.875, 4.25], "texture": "#1"},
				"down": {"uv": [5, 9.375, 4.625, 9.5], "texture": "#1"}
			}
		},
		{
			"from": [0.375, 10.5, 1.4375],
			"to": [3.375, 11.5, 2.4375],
			"rotation": {"angle": 45, "axis": "y", "origin": [1.875, 11, 1.9375]},
			"faces": {
				"north": {"uv": [5, 9.375, 5.375, 9.5], "texture": "#1"},
				"east": {"uv": [8.125, 9.625, 8.25, 9.75], "texture": "#1"},
				"south": {"uv": [9.375, 5, 9.75, 5.125], "texture": "#1"},
				"west": {"uv": [8.375, 9.625, 8.5, 9.75], "texture": "#1"},
				"up": {"uv": [9.75, 5.25, 9.375, 5.125], "texture": "#1"},
				"down": {"uv": [9.75, 5.25, 9.375, 5.375], "texture": "#1"}
			}
		},
		{
			"from": [0.375, 10.5, 13.5625],
			"to": [3.375, 11.5, 14.5625],
			"rotation": {"angle": -45, "axis": "y", "origin": [1.875, 11, 14.0625]},
			"faces": {
				"north": {"uv": [9.375, 5.375, 9.75, 5.5], "texture": "#1"},
				"east": {"uv": [9.75, 8.375, 9.875, 8.5], "texture": "#1"},
				"south": {"uv": [9.375, 5.5, 9.75, 5.625], "texture": "#1"},
				"west": {"uv": [9.75, 8.5, 9.875, 8.625], "texture": "#1"},
				"up": {"uv": [9.75, 5.75, 9.375, 5.625], "texture": "#1"},
				"down": {"uv": [9.75, 5.75, 9.375, 5.875], "texture": "#1"}
			}
		},
		{
			"from": [12.625, 10.5, 13.5625],
			"to": [15.625, 11.5, 14.5625],
			"rotation": {"angle": 45, "axis": "y", "origin": [14.125, 11, 14.0625]},
			"faces": {
				"north": {"uv": [9.375, 5.875, 9.75, 6], "texture": "#1"},
				"east": {"uv": [8.625, 9.75, 8.75, 9.875], "texture": "#1"},
				"south": {"uv": [9.375, 6, 9.75, 6.125], "texture": "#1"},
				"west": {"uv": [9.75, 8.625, 9.875, 8.75], "texture": "#1"},
				"up": {"uv": [9.75, 6.25, 9.375, 6.125], "texture": "#1"},
				"down": {"uv": [9.75, 6.25, 9.375, 6.375], "texture": "#1"}
			}
		},
		{
			"from": [12.625, 11.5, 1.6875],
			"to": [15.125, 12.5, 2.6875],
			"rotation": {"angle": -45, "axis": "y", "origin": [13.875, 12, 2.1875]},
			"faces": {
				"north": {"uv": [9.5, 1.125, 9.8125, 1.25], "texture": "#1"},
				"east": {"uv": [8.75, 9.75, 8.875, 9.875], "texture": "#1"},
				"south": {"uv": [9.5, 1.25, 9.8125, 1.375], "texture": "#1"},
				"west": {"uv": [9.75, 8.75, 9.875, 8.875], "texture": "#1"},
				"up": {"uv": [9.8125, 1.5, 9.5, 1.375], "texture": "#1"},
				"down": {"uv": [9.8125, 1.5, 9.5, 1.625], "texture": "#1"}
			}
		},
		{
			"from": [0.875, 11.5, 1.6875],
			"to": [3.375, 12.5, 2.6875],
			"rotation": {"angle": 45, "axis": "y", "origin": [2.125, 12, 2.1875]},
			"faces": {
				"north": {"uv": [9.5, 1.625, 9.8125, 1.75], "texture": "#1"},
				"east": {"uv": [8.875, 9.75, 9, 9.875], "texture": "#1"},
				"south": {"uv": [9.5, 1.75, 9.8125, 1.875], "texture": "#1"},
				"west": {"uv": [9.75, 8.875, 9.875, 9], "texture": "#1"},
				"up": {"uv": [9.8125, 2, 9.5, 1.875], "texture": "#1"},
				"down": {"uv": [9.8125, 2, 9.5, 2.125], "texture": "#1"}
			}
		},
		{
			"from": [0.875, 11.5, 13.3125],
			"to": [3.375, 12.5, 14.3125],
			"rotation": {"angle": -45, "axis": "y", "origin": [2.125, 12, 13.8125]},
			"faces": {
				"north": {"uv": [9.5, 2.125, 9.8125, 2.25], "texture": "#1"},
				"east": {"uv": [9, 9.75, 9.125, 9.875], "texture": "#1"},
				"south": {"uv": [9.5, 2.25, 9.8125, 2.375], "texture": "#1"},
				"west": {"uv": [9.125, 9.75, 9.25, 9.875], "texture": "#1"},
				"up": {"uv": [9.8125, 2.5, 9.5, 2.375], "texture": "#1"},
				"down": {"uv": [9.8125, 2.5, 9.5, 2.625], "texture": "#1"}
			}
		},
		{
			"from": [12.625, 11.5, 13.3125],
			"to": [15.125, 12.5, 14.3125],
			"rotation": {"angle": 45, "axis": "y", "origin": [13.875, 12, 13.8125]},
			"faces": {
				"north": {"uv": [9.5, 2.625, 9.8125, 2.75], "texture": "#1"},
				"east": {"uv": [9.25, 9.75, 9.375, 9.875], "texture": "#1"},
				"south": {"uv": [9.5, 2.75, 9.8125, 2.875], "texture": "#1"},
				"west": {"uv": [9.75, 9.25, 9.875, 9.375], "texture": "#1"},
				"up": {"uv": [9.8125, 3, 9.5, 2.875], "texture": "#1"},
				"down": {"uv": [9.8125, 3, 9.5, 3.125], "texture": "#1"}
			}
		},
		{
			"from": [12.625, 12.5, 1.6875],
			"to": [14.125, 13.5, 2.6875],
			"rotation": {"angle": -45, "axis": "y", "origin": [13.375, 13, 2.1875]},
			"faces": {
				"north": {"uv": [8.5, 8.875, 8.6875, 9], "texture": "#1"},
				"east": {"uv": [9.375, 9.75, 9.5, 9.875], "texture": "#1"},
				"south": {"uv": [5.375, 9.375, 5.5625, 9.5], "texture": "#1"},
				"west": {"uv": [9.75, 9.375, 9.875, 9.5], "texture": "#1"},
				"up": {"uv": [5.5625, 9.625, 5.375, 9.5], "texture": "#1"},
				"down": {"uv": [5.5625, 9.625, 5.375, 9.75], "texture": "#1"}
			}
		},
		{
			"from": [1.875, 12.5, 1.6875],
			"to": [3.375, 13.5, 2.6875],
			"rotation": {"angle": 45, "axis": "y", "origin": [2.625, 13, 2.1875]},
			"faces": {
				"north": {"uv": [9.75, 4.375, 9.9375, 4.5], "texture": "#1"},
				"east": {"uv": [9.5, 9.75, 9.625, 9.875], "texture": "#1"},
				"south": {"uv": [4.625, 9.75, 4.8125, 9.875], "texture": "#1"},
				"west": {"uv": [9.75, 9.5, 9.875, 9.625], "texture": "#1"},
				"up": {"uv": [5.0625, 9.875, 4.875, 9.75], "texture": "#1"},
				"down": {"uv": [9.9375, 5, 9.75, 5.125], "texture": "#1"}
			}
		},
		{
			"from": [1.875, 12.5, 13.3125],
			"to": [3.375, 13.5, 14.3125],
			"rotation": {"angle": -45, "axis": "y", "origin": [2.625, 13, 13.8125]},
			"faces": {
				"north": {"uv": [5.125, 9.75, 5.3125, 9.875], "texture": "#1"},
				"east": {"uv": [9.625, 9.75, 9.75, 9.875], "texture": "#1"},
				"south": {"uv": [9.75, 5.125, 9.9375, 5.25], "texture": "#1"},
				"west": {"uv": [9.75, 9.625, 9.875, 9.75], "texture": "#1"},
				"up": {"uv": [9.9375, 5.375, 9.75, 5.25], "texture": "#1"},
				"down": {"uv": [5.5625, 9.75, 5.375, 9.875], "texture": "#1"}
			}
		},
		{
			"from": [12.625, 12.5, 13.3125],
			"to": [14.125, 13.5, 14.3125],
			"rotation": {"angle": 45, "axis": "y", "origin": [13.375, 13, 13.8125]},
			"faces": {
				"north": {"uv": [9.75, 5.375, 9.9375, 5.5], "texture": "#1"},
				"east": {"uv": [9.75, 9.75, 9.875, 9.875], "texture": "#1"},
				"south": {"uv": [9.75, 5.5, 9.9375, 5.625], "texture": "#1"},
				"west": {"uv": [0, 9.875, 0.125, 10], "texture": "#1"},
				"up": {"uv": [5.8125, 9.875, 5.625, 9.75], "texture": "#1"},
				"down": {"uv": [9.9375, 5.625, 9.75, 5.75], "texture": "#1"}
			}
		},
		{
			"name": "octagon",
			"from": [5.51472, 9.5, 2],
			"to": [10.48528, 16, 3],
			"rotation": {"angle": 45, "axis": "y", "origin": [8, 24, 8]},
			"faces": {
				"north": {"uv": [6.5, 1.375, 7.125, 2.1875], "texture": "#1"},
				"east": {"uv": [7.875, 3.125, 8, 3.9375], "texture": "#1"},
				"south": {"uv": [6.5, 2.25, 7.125, 3.0625], "texture": "#1"},
				"west": {"uv": [8, 3.125, 8.125, 3.9375], "texture": "#1"},
				"up": {"uv": [9.25, 3.625, 8.625, 3.5], "texture": "#1"},
				"down": {"uv": [9.25, 3.625, 8.625, 3.75], "texture": "#1"}
			}
		},
		{
			"name": "octagon",
			"from": [5.51472, 9.5, 2],
			"to": [10.48528, 16, 3],
			"rotation": {"angle": 0, "axis": "y", "origin": [0, 16, 0]},
			"faces": {
				"north": {"uv": [6.5, 3.125, 7.125, 3.9375], "texture": "#1"},
				"east": {"uv": [8.125, 3.125, 8.25, 3.9375], "texture": "#1"},
				"south": {"uv": [6.5, 4, 7.125, 4.8125], "texture": "#1"},
				"west": {"uv": [8.5, 4.125, 8.625, 4.9375], "texture": "#1"},
				"up": {"uv": [9.25, 3.875, 8.625, 3.75], "texture": "#1"},
				"down": {"uv": [9.25, 3.875, 8.625, 4], "texture": "#1"}
			}
		},
		{
			"name": "octagon",
			"from": [5.51472, 9.5, 13],
			"to": [10.48528, 16, 14],
			"rotation": {"angle": 45, "axis": "y", "origin": [8, 24, 8]},
			"faces": {
				"north": {"uv": [6.5, 4.875, 7.125, 5.6875], "texture": "#1"},
				"east": {"uv": [4.25, 8.5, 4.375, 9.3125], "texture": "#1"},
				"south": {"uv": [6.5, 5.75, 7.125, 6.5625], "texture": "#1"},
				"west": {"uv": [4.375, 8.5, 4.5, 9.3125], "texture": "#1"},
				"up": {"uv": [9.25, 4.125, 8.625, 4], "texture": "#1"},
				"down": {"uv": [9.25, 4.125, 8.625, 4.25], "texture": "#1"}
			}
		},
		{
			"name": "octagon",
			"from": [5.51472, 9.5, 13],
			"to": [10.48528, 16, 14],
			"rotation": {"angle": 0, "axis": "y", "origin": [0, 16, 0]},
			"faces": {
				"north": {"uv": [6.5, 6.625, 7.125, 7.4375], "texture": "#1"},
				"east": {"uv": [4.5, 8.5, 4.625, 9.3125], "texture": "#1"},
				"south": {"uv": [1.5, 6.875, 2.125, 7.6875], "texture": "#1"},
				"west": {"uv": [4.625, 8.5, 4.75, 9.3125], "texture": "#1"},
				"up": {"uv": [9.25, 4.375, 8.625, 4.25], "texture": "#1"},
				"down": {"uv": [9.25, 4.375, 8.625, 4.5], "texture": "#1"}
			}
		},
		{
			"name": "octagon",
			"from": [3.61091, 9.5, 9.40381],
			"to": [4.61091, 16, 14.37437],
			"rotation": {"angle": 45, "axis": "y", "origin": [4.11091, 23.5, 11.88909]},
			"faces": {
				"north": {"uv": [4.75, 8.5, 4.875, 9.3125], "texture": "#1"},
				"east": {"uv": [2.125, 6.875, 2.75, 7.6875], "texture": "#1"},
				"south": {"uv": [4.875, 8.5, 5, 9.3125], "texture": "#1"},
				"west": {"uv": [2.75, 6.875, 3.375, 7.6875], "texture": "#1"},
				"up": {"uv": [8.75, 5.125, 8.625, 4.5], "texture": "#1"},
				"down": {"uv": [8.75, 5.125, 8.625, 5.75], "texture": "#1"}
			}
		},
		{
			"name": "octagon",
			"from": [2, 9.5, 5.51472],
			"to": [3, 16, 10.48528],
			"rotation": {"angle": 0, "axis": "y", "origin": [0, 16, 0]},
			"faces": {
				"north": {"uv": [5, 8.5, 5.125, 9.3125], "texture": "#1"},
				"east": {"uv": [3.375, 6.875, 4, 7.6875], "texture": "#1"},
				"south": {"uv": [8.5, 5, 8.625, 5.8125], "texture": "#1"},
				"west": {"uv": [4, 6.875, 4.625, 7.6875], "texture": "#1"},
				"up": {"uv": [8.75, 6.375, 8.625, 5.75], "texture": "#1"},
				"down": {"uv": [8.75, 6.375, 8.625, 7], "texture": "#1"}
			}
		},
		{
			"name": "octagon",
			"from": [13, 9.5, 5.51472],
			"to": [14, 16, 10.48528],
			"rotation": {"angle": 45, "axis": "y", "origin": [8, 24, 8]},
			"faces": {
				"north": {"uv": [5.125, 8.5, 5.25, 9.3125], "texture": "#1"},
				"east": {"uv": [4.625, 6.875, 5.25, 7.6875], "texture": "#1"},
				"south": {"uv": [5.25, 8.5, 5.375, 9.3125], "texture": "#1"},
				"west": {"uv": [5.25, 6.875, 5.875, 7.6875], "texture": "#1"},
				"up": {"uv": [8.75, 7.625, 8.625, 7], "texture": "#1"},
				"down": {"uv": [8.75, 7.625, 8.625, 8.25], "texture": "#1"}
			}
		},
		{
			"name": "octagon",
			"from": [13, 9.5, 5.51472],
			"to": [14, 16, 10.48528],
			"rotation": {"angle": 0, "axis": "y", "origin": [0, 16, 0]},
			"faces": {
				"north": {"uv": [5.375, 8.5, 5.5, 9.3125], "texture": "#1"},
				"east": {"uv": [5.875, 6.875, 6.5, 7.6875], "texture": "#1"},
				"south": {"uv": [5.5, 8.5, 5.625, 9.3125], "texture": "#1"},
				"west": {"uv": [0, 7, 0.625, 7.8125], "texture": "#1"},
				"up": {"uv": [8.375, 9.25, 8.25, 8.625], "texture": "#1"},
				"down": {"uv": [8.75, 8.25, 8.625, 8.875], "texture": "#1"}
			}
		},
		{
			"from": [14.08135, 10.11836, 2.34435],
			"to": [15.08135, 16.11836, 5.65685],
			"rotation": {"angle": 22.5, "axis": "z", "origin": [14.58135, 12.61836, 4.0006]},
			"faces": {
				"north": {"uv": [1.375, 7, 1.5, 7.75], "texture": "#1"},
				"east": {"uv": [1.25, 7.75, 1.65625, 8.5], "texture": "#1"},
				"south": {"uv": [5.625, 8.5, 5.75, 9.25], "texture": "#1"},
				"west": {"uv": [1.75, 7.75, 2.15625, 8.5], "texture": "#1"},
				"up": {"uv": [8.375, 1.15625, 8.25, 0.75], "texture": "#1"},
				"down": {"uv": [8.875, 5.5, 8.75, 5.90625], "texture": "#1"}
			}
		},
		{
			"from": [0.91865, 10.11836, 2.34435],
			"to": [1.91865, 16.11836, 5.65685],
			"rotation": {"angle": -22.5, "axis": "z", "origin": [1.41865, 12.61836, 4.0006]},
			"faces": {
				"north": {"uv": [5.75, 8.5, 5.875, 9.25], "texture": "#1"},
				"east": {"uv": [2.25, 7.75, 2.65625, 8.5], "texture": "#1"},
				"south": {"uv": [5.875, 8.5, 6, 9.25], "texture": "#1"},
				"west": {"uv": [2.75, 7.75, 3.15625, 8.5], "texture": "#1"},
				"up": {"uv": [8.875, 6.40625, 8.75, 6], "texture": "#1"},
				"down": {"uv": [8.875, 6.5, 8.75, 6.90625], "texture": "#1"}
			}
		},
		{
			"from": [0.91865, 10.11836, 10.34315],
			"to": [1.91865, 16.11836, 13.65565],
			"rotation": {"angle": -22.5, "axis": "z", "origin": [1.41865, 12.61836, 11.9994]},
			"faces": {
				"north": {"uv": [8.5, 5.875, 8.625, 6.625], "texture": "#1"},
				"east": {"uv": [3.25, 7.75, 3.65625, 8.5], "texture": "#1"},
				"south": {"uv": [6, 8.5, 6.125, 9.25], "texture": "#1"},
				"west": {"uv": [3.75, 7.75, 4.15625, 8.5], "texture": "#1"},
				"up": {"uv": [8.875, 7.40625, 8.75, 7], "texture": "#1"},
				"down": {"uv": [8.875, 7.5, 8.75, 7.90625], "texture": "#1"}
			}
		},
		{
			"from": [14.08135, 10.11836, 10.34315],
			"to": [15.08135, 16.11836, 13.65565],
			"rotation": {"angle": 22.5, "axis": "z", "origin": [14.58135, 12.61836, 11.9994]},
			"faces": {
				"north": {"uv": [6.125, 8.5, 6.25, 9.25], "texture": "#1"},
				"east": {"uv": [4.25, 7.75, 4.65625, 8.5], "texture": "#1"},
				"south": {"uv": [8.5, 6.625, 8.625, 7.375], "texture": "#1"},
				"west": {"uv": [7.75, 4.375, 8.15625, 5.125], "texture": "#1"},
				"up": {"uv": [8.875, 8.40625, 8.75, 8], "texture": "#1"},
				"down": {"uv": [8.875, 8.5, 8.75, 8.90625], "texture": "#1"}
			}
		},
		{
			"from": [10.34435, 10.2706, 0.15328],
			"to": [13.65685, 16.2706, 1.15328],
			"rotation": {"angle": 22.5, "axis": "x", "origin": [11.8131, 10.7706, 0.65328]},
			"faces": {
				"north": {"uv": [4.75, 7.75, 5.15625, 8.5], "texture": "#1"},
				"east": {"uv": [8.5, 7.375, 8.625, 8.125], "texture": "#1"},
				"south": {"uv": [7.75, 5.125, 8.15625, 5.875], "texture": "#1"},
				"west": {"uv": [8.5, 8.125, 8.625, 8.875], "texture": "#1"},
				"up": {"uv": [9.28125, 5.625, 8.875, 5.5], "texture": "#1"},
				"down": {"uv": [9.28125, 5.625, 8.875, 5.75], "texture": "#1"}
			}
		},
		{
			"from": [2.34315, 10.2706, 0.15328],
			"to": [5.65565, 16.2706, 1.15328],
			"rotation": {"angle": 22.5, "axis": "x", "origin": [4.1869, 10.7706, 0.65328]},
			"faces": {
				"north": {"uv": [5.25, 7.75, 5.65625, 8.5], "texture": "#1"},
				"east": {"uv": [0, 8.625, 0.125, 9.375], "texture": "#1"},
				"south": {"uv": [5.75, 7.75, 6.15625, 8.5], "texture": "#1"},
				"west": {"uv": [8.625, 0, 8.75, 0.75], "texture": "#1"},
				"up": {"uv": [9.28125, 5.875, 8.875, 5.75], "texture": "#1"},
				"down": {"uv": [9.28125, 5.875, 8.875, 6], "texture": "#1"}
			}
		},
		{
			"from": [2.34315, 10.2706, 14.84672],
			"to": [5.65565, 16.2706, 15.84672],
			"rotation": {"angle": -22.5, "axis": "x", "origin": [4.1869, 10.7706, 15.34672]},
			"faces": {
				"north": {"uv": [7.75, 5.875, 8.15625, 6.625], "texture": "#1"},
				"east": {"uv": [0.125, 8.625, 0.25, 9.375], "texture": "#1"},
				"south": {"uv": [7.75, 6.625, 8.15625, 7.375], "texture": "#1"},
				"west": {"uv": [0.25, 8.625, 0.375, 9.375], "texture": "#1"},
				"up": {"uv": [9.28125, 6.125, 8.875, 6], "texture": "#1"},
				"down": {"uv": [9.28125, 6.125, 8.875, 6.25], "texture": "#1"}
			}
		},
		{
			"from": [10.34435, 10.2706, 14.84672],
			"to": [13.65685, 16.2706, 15.84672],
			"rotation": {"angle": -22.5, "axis": "x", "origin": [11.8131, 10.7706, 15.34672]},
			"faces": {
				"north": {"uv": [7.75, 7.375, 8.15625, 8.125], "texture": "#1"},
				"east": {"uv": [0.375, 8.625, 0.5, 9.375], "texture": "#1"},
				"south": {"uv": [0, 7.875, 0.40625, 8.625], "texture": "#1"},
				"west": {"uv": [8.625, 0.75, 8.75, 1.5], "texture": "#1"},
				"up": {"uv": [9.28125, 6.375, 8.875, 6.25], "texture": "#1"},
				"down": {"uv": [9.28125, 6.375, 8.875, 6.5], "texture": "#1"}
			}
		},
		{
			"name": "octagon",
			"from": [10.34315, 0, 0],
			"to": [13.65685, 10.5, 1],
			"rotation": {"angle": 45, "axis": "y", "origin": [12, 10, 4]},
			"faces": {
				"north": {"uv": [0, 1.5, 0.40625, 2.8125], "texture": "#1"},
				"east": {"uv": [6.25, 7.75, 6.375, 9.0625], "texture": "#1"},
				"south": {"uv": [1.5, 0, 1.90625, 1.3125], "texture": "#1"},
				"west": {"uv": [6.375, 7.75, 6.5, 9.0625], "texture": "#1"},
				"up": {"uv": [9.28125, 6.625, 8.875, 6.5], "texture": "#1"},
				"down": {"uv": [9.28125, 6.625, 8.875, 6.75], "texture": "#1"}
			}
		},
		{
			"name": "octagon",
			"from": [2.34315, 0, 0],
			"to": [5.65685, 10.5, 1],
			"rotation": {"angle": -45, "axis": "y", "origin": [4, 10, 4]},
			"faces": {
				"north": {"uv": [0.5, 1.5, 0.90625, 2.8125], "texture": "#1"},
				"east": {"uv": [0.5, 7.875, 0.625, 9.1875], "texture": "#1"},
				"south": {"uv": [1, 1.5, 1.40625, 2.8125], "texture": "#1"},
				"west": {"uv": [7.875, 1.75, 8, 3.0625], "texture": "#1"},
				"up": {"uv": [9.28125, 6.875, 8.875, 6.75], "texture": "#1"},
				"down": {"uv": [9.28125, 6.875, 8.875, 7], "texture": "#1"}
			}
		},
		{
			"name": "octagon",
			"from": [2.34315, 0, 15],
			"to": [5.65685, 10.5, 16],
			"rotation": {"angle": 45, "axis": "y", "origin": [4, 10, 12]},
			"faces": {
				"north": {"uv": [1.5, 1.375, 1.90625, 2.6875], "texture": "#1"},
				"east": {"uv": [8, 1.75, 8.125, 3.0625], "texture": "#1"},
				"south": {"uv": [2, 0, 2.40625, 1.3125], "texture": "#1"},
				"west": {"uv": [8.125, 1.75, 8.25, 3.0625], "texture": "#1"},
				"up": {"uv": [9.28125, 7.125, 8.875, 7], "texture": "#1"},
				"down": {"uv": [9.28125, 7.125, 8.875, 7.25], "texture": "#1"}
			}
		},
		{
			"name": "octagon",
			"from": [10.34315, 0, 15],
			"to": [13.65685, 10.5, 16],
			"rotation": {"angle": -45, "axis": "y", "origin": [12, 10, 12]},
			"faces": {
				"north": {"uv": [2, 1.375, 2.40625, 2.6875], "texture": "#1"},
				"east": {"uv": [7.125, 8.125, 7.25, 9.4375], "texture": "#1"},
				"south": {"uv": [2.5, 0, 2.90625, 1.3125], "texture": "#1"},
				"west": {"uv": [7.25, 8.125, 7.375, 9.4375], "texture": "#1"},
				"up": {"uv": [9.28125, 7.375, 8.875, 7.25], "texture": "#1"},
				"down": {"uv": [9.28125, 7.375, 8.875, 7.5], "texture": "#1"}
			}
		},
		{
			"name": "octagon",
			"from": [10.34315, 0, 0],
			"to": [13.65685, 10.5, 1],
			"rotation": {"angle": 0, "axis": "y", "origin": [12, 10, 4]},
			"faces": {
				"north": {"uv": [2.5, 1.375, 2.90625, 2.6875], "texture": "#1"},
				"east": {"uv": [7.375, 8.125, 7.5, 9.4375], "texture": "#1"},
				"south": {"uv": [1.5, 2.75, 1.90625, 4.0625], "texture": "#1"},
				"west": {"uv": [7.5, 8.125, 7.625, 9.4375], "texture": "#1"},
				"up": {"uv": [9.28125, 7.625, 8.875, 7.5], "texture": "#1"},
				"down": {"uv": [9.28125, 7.625, 8.875, 7.75], "texture": "#1"}
			}
		},
		{
			"name": "octagon",
			"from": [2.34315, 0, 0],
			"to": [5.65685, 10.5, 1],
			"rotation": {"angle": 0, "axis": "y", "origin": [4, 10, 4]},
			"faces": {
				"north": {"uv": [2, 2.75, 2.40625, 4.0625], "texture": "#1"},
				"east": {"uv": [7.625, 8.125, 7.75, 9.4375], "texture": "#1"},
				"south": {"uv": [2.5, 2.75, 2.90625, 4.0625], "texture": "#1"},
				"west": {"uv": [7.75, 8.125, 7.875, 9.4375], "texture": "#1"},
				"up": {"uv": [9.28125, 7.875, 8.875, 7.75], "texture": "#1"},
				"down": {"uv": [9.28125, 7.875, 8.875, 8], "texture": "#1"}
			}
		},
		{
			"name": "octagon",
			"from": [2.34315, 0, 15],
			"to": [5.65685, 10.5, 16],
			"rotation": {"angle": 0, "axis": "y", "origin": [4, 10, 12]},
			"faces": {
				"north": {"uv": [0, 2.875, 0.40625, 4.1875], "texture": "#1"},
				"east": {"uv": [7.875, 8.125, 8, 9.4375], "texture": "#1"},
				"south": {"uv": [0.5, 2.875, 0.90625, 4.1875], "texture": "#1"},
				"west": {"uv": [8, 8.125, 8.125, 9.4375], "texture": "#1"},
				"up": {"uv": [9.28125, 8.125, 8.875, 8], "texture": "#1"},
				"down": {"uv": [9.28125, 8.125, 8.875, 8.25], "texture": "#1"}
			}
		},
		{
			"name": "octagon",
			"from": [10.34315, 0, 15],
			"to": [13.65685, 10.5, 16],
			"rotation": {"angle": 0, "axis": "y", "origin": [12, 10, 12]},
			"faces": {
				"north": {"uv": [1, 2.875, 1.40625, 4.1875], "texture": "#1"},
				"east": {"uv": [8.125, 8.125, 8.25, 9.4375], "texture": "#1"},
				"south": {"uv": [0.5, 2.875, 0.90625, 4.1875], "texture": "#1"},
				"west": {"uv": [8.25, 1.75, 8.375, 3.0625], "texture": "#1"},
				"up": {"uv": [9.28125, 8.375, 8.875, 8.25], "texture": "#1"},
				"down": {"uv": [9.28125, 8.375, 8.875, 8.5], "texture": "#1"}
			}
		},
		{
			"name": "octagon",
			"from": [10.34315, 0, 7],
			"to": [13.65685, 10.5, 8],
			"rotation": {"angle": 45, "axis": "y", "origin": [12, 10, 4]},
			"faces": {
				"north": {"uv": [3, 0, 3.40625, 1.3125], "texture": "#1"},
				"east": {"uv": [8.25, 3.125, 8.375, 4.4375], "texture": "#1"},
				"south": {"uv": [3, 1.375, 3.40625, 2.6875], "texture": "#1"},
				"west": {"uv": [8.25, 4.5, 8.375, 5.8125], "texture": "#1"},
				"up": {"uv": [9.28125, 8.625, 8.875, 8.5], "texture": "#1"},
				"down": {"uv": [9.28125, 8.625, 8.875, 8.75], "texture": "#1"}
			}
		},
		{
			"name": "octagon",
			"from": [2.34315, 0, 7],
			"to": [5.65685, 10.5, 8],
			"rotation": {"angle": -45, "axis": "y", "origin": [4, 10, 4]},
			"faces": {
				"north": {"uv": [3, 2.75, 3.40625, 4.0625], "texture": "#1"},
				"east": {"uv": [8.25, 5.875, 8.375, 7.1875], "texture": "#1"},
				"south": {"uv": [3.5, 0, 3.90625, 1.3125], "texture": "#1"},
				"west": {"uv": [6.5, 8.25, 6.625, 9.5625], "texture": "#1"},
				"up": {"uv": [9.28125, 8.875, 8.875, 8.75], "texture": "#1"},
				"down": {"uv": [9.28125, 8.875, 8.875, 9], "texture": "#1"}
			}
		},
		{
			"name": "octagon",
			"from": [2.34315, 0, 8],
			"to": [5.65685, 10.5, 9],
			"rotation": {"angle": 45, "axis": "y", "origin": [4, 10, 12]},
			"faces": {
				"north": {"uv": [3.5, 1.375, 3.90625, 2.6875], "texture": "#1"},
				"east": {"uv": [6.625, 8.25, 6.75, 9.5625], "texture": "#1"},
				"south": {"uv": [3.5, 2.75, 3.90625, 4.0625], "texture": "#1"},
				"west": {"uv": [6.75, 8.25, 6.875, 9.5625], "texture": "#1"},
				"up": {"uv": [8.90625, 9.125, 8.5, 9], "texture": "#1"},
				"down": {"uv": [9.40625, 9, 9, 9.125], "texture": "#1"}
			}
		},
		{
			"name": "octagon",
			"from": [10.34315, 0, 8],
			"to": [13.65685, 10.5, 9],
			"rotation": {"angle": -45, "axis": "y", "origin": [12, 10, 12]},
			"faces": {
				"north": {"uv": [4, 0, 4.40625, 1.3125], "texture": "#1"},
				"east": {"uv": [6.875, 8.25, 7, 9.5625], "texture": "#1"},
				"south": {"uv": [4, 1.375, 4.40625, 2.6875], "texture": "#1"},
				"west": {"uv": [7, 8.25, 7.125, 9.5625], "texture": "#1"},
				"up": {"uv": [8.90625, 9.25, 8.5, 9.125], "texture": "#1"},
				"down": {"uv": [9.40625, 9.125, 9, 9.25], "texture": "#1"}
			}
		},
		{
			"name": "octagon",
			"from": [10.34315, 0, 7],
			"to": [13.65685, 10.5, 8],
			"rotation": {"angle": 0, "axis": "y", "origin": [12, 10, 4]},
			"faces": {
				"north": {"uv": [4, 2.75, 4.40625, 4.0625], "texture": "#1"},
				"east": {"uv": [8.25, 7.25, 8.375, 8.5625], "texture": "#1"},
				"south": {"uv": [1.5, 4.125, 1.90625, 5.4375], "texture": "#1"},
				"west": {"uv": [8.375, 0, 8.5, 1.3125], "texture": "#1"},
				"up": {"uv": [9.65625, 3.625, 9.25, 3.5], "texture": "#1"},
				"down": {"uv": [9.65625, 3.625, 9.25, 3.75], "texture": "#1"}
			}
		},
		{
			"name": "octagon",
			"from": [2.34315, 0, 7],
			"to": [5.65685, 10.5, 8],
			"rotation": {"angle": 0, "axis": "y", "origin": [4, 10, 4]},
			"faces": {
				"north": {"uv": [2, 4.125, 2.40625, 5.4375], "texture": "#1"},
				"east": {"uv": [0.625, 8.375, 0.75, 9.6875], "texture": "#1"},
				"south": {"uv": [2.5, 4.125, 2.90625, 5.4375], "texture": "#1"},
				"west": {"uv": [0.75, 8.375, 0.875, 9.6875], "texture": "#1"},
				"up": {"uv": [9.65625, 3.875, 9.25, 3.75], "texture": "#1"},
				"down": {"uv": [9.65625, 3.875, 9.25, 4], "texture": "#1"}
			}
		},
		{
			"name": "octagon",
			"from": [2.34315, 0, 8],
			"to": [5.65685, 10.5, 9],
			"rotation": {"angle": 0, "axis": "y", "origin": [4, 10, 12]},
			"faces": {
				"north": {"uv": [3, 4.125, 3.40625, 5.4375], "texture": "#1"},
				"east": {"uv": [0.875, 8.375, 1, 9.6875], "texture": "#1"},
				"south": {"uv": [3.5, 4.125, 3.90625, 5.4375], "texture": "#1"},
				"west": {"uv": [1, 8.375, 1.125, 9.6875], "texture": "#1"},
				"up": {"uv": [9.65625, 4.125, 9.25, 4], "texture": "#1"},
				"down": {"uv": [9.65625, 4.125, 9.25, 4.25], "texture": "#1"}
			}
		},
		{
			"name": "octagon",
			"from": [10.34315, 0, 8],
			"to": [13.65685, 10.5, 9],
			"rotation": {"angle": 0, "axis": "y", "origin": [12, 10, 12]},
			"faces": {
				"north": {"uv": [4, 4.125, 4.40625, 5.4375], "texture": "#1"},
				"east": {"uv": [1.125, 8.375, 1.25, 9.6875], "texture": "#1"},
				"south": {"uv": [0, 4.25, 0.40625, 5.5625], "texture": "#1"},
				"west": {"uv": [8.375, 1.375, 8.5, 2.6875], "texture": "#1"},
				"up": {"uv": [9.65625, 4.375, 9.25, 4.25], "texture": "#1"},
				"down": {"uv": [9.65625, 4.375, 9.25, 4.5], "texture": "#1"}
			}
		},
		{
			"name": "octagon",
			"from": [8, 0, 2.34315],
			"to": [9, 10.5, 5.65685],
			"rotation": {"angle": 45, "axis": "y", "origin": [12, 10, 4]},
			"faces": {
				"north": {"uv": [8.375, 2.75, 8.5, 4.0625], "texture": "#1"},
				"east": {"uv": [0.5, 4.25, 0.90625, 5.5625], "texture": "#1"},
				"south": {"uv": [8.375, 4.125, 8.5, 5.4375], "texture": "#1"},
				"west": {"uv": [1, 4.25, 1.40625, 5.5625], "texture": "#1"},
				"up": {"uv": [6.375, 9.53125, 6.25, 9.125], "texture": "#1"},
				"down": {"uv": [6.5, 9.125, 6.375, 9.53125], "texture": "#1"}
			}
		},
		{
			"name": "octagon",
			"from": [7, 0, 2.34315],
			"to": [8, 10.5, 5.65685],
			"rotation": {"angle": -45, "axis": "y", "origin": [4, 10, 4]},
			"faces": {
				"north": {"uv": [8.375, 5.5, 8.5, 6.8125], "texture": "#1"},
				"east": {"uv": [4.5, 0, 4.90625, 1.3125], "texture": "#1"},
				"south": {"uv": [8.375, 6.875, 8.5, 8.1875], "texture": "#1"},
				"west": {"uv": [4.5, 1.375, 4.90625, 2.6875], "texture": "#1"},
				"up": {"uv": [0.625, 9.65625, 0.5, 9.25], "texture": "#1"},
				"down": {"uv": [9.375, 5, 9.25, 5.40625], "texture": "#1"}
			}
		},
		{
			"name": "octagon",
			"from": [7, 0, 10.34315],
			"to": [8, 10.5, 13.65685],
			"rotation": {"angle": 45, "axis": "y", "origin": [4, 10, 12]},
			"faces": {
				"north": {"uv": [8.375, 8.25, 8.5, 9.5625], "texture": "#1"},
				"east": {"uv": [4.5, 2.75, 4.90625, 4.0625], "texture": "#1"},
				"south": {"uv": [8.5, 0, 8.625, 1.3125], "texture": "#1"},
				"west": {"uv": [4.5, 4.125, 4.90625, 5.4375], "texture": "#1"},
				"up": {"uv": [5.75, 9.65625, 5.625, 9.25], "texture": "#1"},
				"down": {"uv": [5.875, 9.25, 5.75, 9.65625], "texture": "#1"}
			}
		},
		{
			"name": "octagon",
			"from": [8, 0, 10.34315],
			"to": [9, 10.5, 13.65685],
			"rotation": {"angle": -45, "axis": "y", "origin": [12, 10, 12]},
			"faces": {
				"north": {"uv": [1.25, 8.5, 1.375, 9.8125], "texture": "#1"},
				"east": {"uv": [5, 0, 5.40625, 1.3125], "texture": "#1"},
				"south": {"uv": [1.375, 8.5, 1.5, 9.8125], "texture": "#1"},
				"west": {"uv": [5, 1.375, 5.40625, 2.6875], "texture": "#1"},
				"up": {"uv": [6, 9.65625, 5.875, 9.25], "texture": "#1"},
				"down": {"uv": [6.125, 9.25, 6, 9.65625], "texture": "#1"}
			}
		},
		{
			"name": "octagon",
			"from": [8, 0, 2.34315],
			"to": [9, 10.5, 5.65685],
			"rotation": {"angle": 0, "axis": "y", "origin": [12, 10, 4]},
			"faces": {
				"north": {"uv": [8.5, 1.375, 8.625, 2.6875], "texture": "#1"},
				"east": {"uv": [5, 2.75, 5.40625, 4.0625], "texture": "#1"},
				"south": {"uv": [1.5, 8.5, 1.625, 9.8125], "texture": "#1"},
				"west": {"uv": [5, 4.125, 5.40625, 5.4375], "texture": "#1"},
				"up": {"uv": [6.25, 9.65625, 6.125, 9.25], "texture": "#1"},
				"down": {"uv": [8.375, 9.25, 8.25, 9.65625], "texture": "#1"}
			}
		},
		{
			"name": "octagon",
			"from": [7, 0, 2.34315],
			"to": [8, 10.5, 5.65685],
			"rotation": {"angle": 0, "axis": "y", "origin": [4, 10, 4]},
			"faces": {
				"north": {"uv": [1.625, 8.5, 1.75, 9.8125], "texture": "#1"},
				"east": {"uv": [5.5, 0, 5.90625, 1.3125], "texture": "#1"},
				"south": {"uv": [1.75, 8.5, 1.875, 9.8125], "texture": "#1"},
				"west": {"uv": [5.5, 1.375, 5.90625, 2.6875], "texture": "#1"},
				"up": {"uv": [8.625, 9.65625, 8.5, 9.25], "texture": "#1"},
				"down": {"uv": [8.75, 9.25, 8.625, 9.65625], "texture": "#1"}
			}
		},
		{
			"name": "octagon",
			"from": [7, 0, 10.34315],
			"to": [8, 10.5, 13.65685],
			"rotation": {"angle": 0, "axis": "y", "origin": [4, 10, 12]},
			"faces": {
				"north": {"uv": [1.875, 8.5, 2, 9.8125], "texture": "#1"},
				"east": {"uv": [1.5, 5.5, 1.90625, 6.8125], "texture": "#1"},
				"south": {"uv": [2, 8.5, 2.125, 9.8125], "texture": "#1"},
				"west": {"uv": [2, 5.5, 2.40625, 6.8125], "texture": "#1"},
				"up": {"uv": [8.875, 9.65625, 8.75, 9.25], "texture": "#1"},
				"down": {"uv": [9, 9.25, 8.875, 9.65625], "texture": "#1"}
			}
		},
		{
			"name": "octagon",
			"from": [8, 0, 10.34315],
			"to": [9, 10.5, 13.65685],
			"rotation": {"angle": 0, "axis": "y", "origin": [12, 10, 12]},
			"faces": {
				"north": {"uv": [2.125, 8.5, 2.25, 9.8125], "texture": "#1"},
				"east": {"uv": [2.5, 5.5, 2.90625, 6.8125], "texture": "#1"},
				"south": {"uv": [2.25, 8.5, 2.375, 9.8125], "texture": "#1"},
				"west": {"uv": [5.5, 2.75, 5.90625, 4.0625], "texture": "#1"},
				"up": {"uv": [9.125, 9.65625, 9, 9.25], "texture": "#1"},
				"down": {"uv": [9.25, 9.25, 9.125, 9.65625], "texture": "#1"}
			}
		},
		{
			"name": "octagon",
			"from": [15, 0, 2.34315],
			"to": [16, 10.5, 5.65685],
			"rotation": {"angle": 45, "axis": "y", "origin": [12, 10, 4]},
			"faces": {
				"north": {"uv": [2.375, 8.5, 2.5, 9.8125], "texture": "#1"},
				"east": {"uv": [3, 5.5, 3.40625, 6.8125], "texture": "#1"},
				"south": {"uv": [2.5, 8.5, 2.625, 9.8125], "texture": "#1"},
				"west": {"uv": [3.5, 5.5, 3.90625, 6.8125], "texture": "#1"},
				"up": {"uv": [9.375, 9.65625, 9.25, 9.25], "texture": "#1"},
				"down": {"uv": [0.125, 9.375, 0, 9.78125], "texture": "#1"}
			}
		},
		{
			"name": "octagon",
			"from": [0, 0, 2.34315],
			"to": [1, 10.5, 5.65685],
			"rotation": {"angle": -45, "axis": "y", "origin": [4, 10, 4]},
			"faces": {
				"north": {"uv": [2.625, 8.5, 2.75, 9.8125], "texture": "#1"},
				"east": {"uv": [4, 5.5, 4.40625, 6.8125], "texture": "#1"},
				"south": {"uv": [2.75, 8.5, 2.875, 9.8125], "texture": "#1"},
				"west": {"uv": [5.5, 4.125, 5.90625, 5.4375], "texture": "#1"},
				"up": {"uv": [9.5, 0.40625, 9.375, 0], "texture": "#1"},
				"down": {"uv": [0.25, 9.375, 0.125, 9.78125], "texture": "#1"}
			}
		},
		{
			"name": "octagon",
			"from": [0, 0, 10.34315],
			"to": [1, 10.5, 13.65685],
			"rotation": {"angle": 45, "axis": "y", "origin": [4, 10, 12]},
			"faces": {
				"north": {"uv": [8.5, 2.75, 8.625, 4.0625], "texture": "#1"},
				"east": {"uv": [4.5, 5.5, 4.90625, 6.8125], "texture": "#1"},
				"south": {"uv": [2.875, 8.5, 3, 9.8125], "texture": "#1"},
				"west": {"uv": [5, 5.5, 5.40625, 6.8125], "texture": "#1"},
				"up": {"uv": [0.375, 9.78125, 0.25, 9.375], "texture": "#1"},
				"down": {"uv": [0.5, 9.375, 0.375, 9.78125], "texture": "#1"}
			}
		},
		{
			"name": "octagon",
			"from": [15, 0, 10.34315],
			"to": [16, 10.5, 13.65685],
			"rotation": {"angle": -45, "axis": "y", "origin": [12, 10, 12]},
			"faces": {
				"north": {"uv": [3, 8.5, 3.125, 9.8125], "texture": "#1"},
				"east": {"uv": [5.5, 5.5, 5.90625, 6.8125], "texture": "#1"},
				"south": {"uv": [3.125, 8.5, 3.25, 9.8125], "texture": "#1"},
				"west": {"uv": [0, 5.625, 0.40625, 6.9375], "texture": "#1"},
				"up": {"uv": [9.5, 0.90625, 9.375, 0.5], "texture": "#1"},
				"down": {"uv": [9.5, 1, 9.375, 1.40625], "texture": "#1"}
			}
		},
		{
			"name": "octagon",
			"from": [15, 0, 2.34315],
			"to": [16, 10.5, 5.65685],
			"rotation": {"angle": 0, "axis": "y", "origin": [12, 10, 4]},
			"faces": {
				"north": {"uv": [3.25, 8.5, 3.375, 9.8125], "texture": "#1"},
				"east": {"uv": [0.5, 5.625, 0.90625, 6.9375], "texture": "#1"},
				"south": {"uv": [3.375, 8.5, 3.5, 9.8125], "texture": "#1"},
				"west": {"uv": [1, 5.625, 1.40625, 6.9375], "texture": "#1"},
				"up": {"uv": [9.5, 1.90625, 9.375, 1.5], "texture": "#1"},
				"down": {"uv": [9.5, 2, 9.375, 2.40625], "texture": "#1"}
			}
		},
		{
			"name": "octagon",
			"from": [0, 0, 2.34315],
			"to": [1, 10.5, 5.65685],
			"rotation": {"angle": 0, "axis": "y", "origin": [4, 10, 4]},
			"faces": {
				"north": {"uv": [3.5, 8.5, 3.625, 9.8125], "texture": "#1"},
				"east": {"uv": [6, 0, 6.40625, 1.3125], "texture": "#1"},
				"south": {"uv": [3.625, 8.5, 3.75, 9.8125], "texture": "#1"},
				"west": {"uv": [6, 1.375, 6.40625, 2.6875], "texture": "#1"},
				"up": {"uv": [9.5, 2.90625, 9.375, 2.5], "texture": "#1"},
				"down": {"uv": [9.5, 3, 9.375, 3.40625], "texture": "#1"}
			}
		},
		{
			"name": "octagon",
			"from": [0, 0, 10.34315],
			"to": [1, 10.5, 13.65685],
			"rotation": {"angle": 0, "axis": "y", "origin": [4, 10, 12]},
			"faces": {
				"north": {"uv": [3.75, 8.5, 3.875, 9.8125], "texture": "#1"},
				"east": {"uv": [6, 2.75, 6.40625, 4.0625], "texture": "#1"},
				"south": {"uv": [3.875, 8.5, 4, 9.8125], "texture": "#1"},
				"west": {"uv": [6, 4.125, 6.40625, 5.4375], "texture": "#1"},
				"up": {"uv": [4.375, 9.78125, 4.25, 9.375], "texture": "#1"},
				"down": {"uv": [4.5, 9.375, 4.375, 9.78125], "texture": "#1"}
			}
		},
		{
			"name": "octagon",
			"from": [15, 0, 10.34315],
			"to": [16, 10.5, 13.65685],
			"rotation": {"angle": 0, "axis": "y", "origin": [12, 10, 12]},
			"faces": {
				"north": {"uv": [4, 8.5, 4.125, 9.8125], "texture": "#1"},
				"east": {"uv": [6, 5.5, 6.40625, 6.8125], "texture": "#1"},
				"south": {"uv": [4.125, 8.5, 4.25, 9.8125], "texture": "#1"},
				"west": {"uv": [6.5, 0, 6.90625, 1.3125], "texture": "#1"},
				"up": {"uv": [4.625, 9.78125, 4.5, 9.375], "texture": "#1"},
				"down": {"uv": [9.5, 4.5, 9.375, 4.90625], "texture": "#1"}
			}
		},
		{
			"from": [9, 9.25, 1.75],
			"to": [15, 10.25, 6.25],
			"rotation": {"angle": 0, "axis": "y", "origin": [12, 9.75, 4]},
			"faces": {
				"north": {"uv": [8.625, 1.5, 9.375, 1.625], "texture": "#1"},
				"east": {"uv": [8.75, 0, 9.3125, 0.125], "texture": "#1"},
				"south": {"uv": [8.625, 1.625, 9.375, 1.75], "texture": "#1"},
				"west": {"uv": [8.75, 0.125, 9.3125, 0.25], "texture": "#1"},
				"up": {"uv": [7.75, 0.5625, 7, 0], "texture": "#1"},
				"down": {"uv": [1.375, 7, 0.625, 7.5625], "texture": "#1"}
			}
		},
		{
			"from": [1, 9.25, 1.75],
			"to": [7, 10.25, 6.25],
			"rotation": {"angle": 0, "axis": "y", "origin": [4, 9.75, 4]},
			"faces": {
				"north": {"uv": [8.625, 1.75, 9.375, 1.875], "texture": "#1"},
				"east": {"uv": [8.75, 0.25, 9.3125, 0.375], "texture": "#1"},
				"south": {"uv": [8.625, 1.875, 9.375, 2], "texture": "#1"},
				"west": {"uv": [8.75, 0.375, 9.3125, 0.5], "texture": "#1"},
				"up": {"uv": [7.75, 1.1875, 7, 0.625], "texture": "#1"},
				"down": {"uv": [7.875, 1.25, 7.125, 1.8125], "texture": "#1"}
			}
		},
		{
			"from": [1, 9.25, 9.75],
			"to": [7, 10.25, 14.25],
			"rotation": {"angle": 0, "axis": "y", "origin": [4, 9.75, 12]},
			"faces": {
				"north": {"uv": [8.625, 2, 9.375, 2.125], "texture": "#1"},
				"east": {"uv": [8.75, 0.5, 9.3125, 0.625], "texture": "#1"},
				"south": {"uv": [8.625, 2.125, 9.375, 2.25], "texture": "#1"},
				"west": {"uv": [8.75, 0.625, 9.3125, 0.75], "texture": "#1"},
				"up": {"uv": [7.875, 2.4375, 7.125, 1.875], "texture": "#1"},
				"down": {"uv": [7.875, 2.5, 7.125, 3.0625], "texture": "#1"}
			}
		},
		{
			"from": [9, 9.25, 9.75],
			"to": [15, 10.25, 14.25],
			"rotation": {"angle": 0, "axis": "y", "origin": [12, 9.75, 12]},
			"faces": {
				"north": {"uv": [8.625, 2.25, 9.375, 2.375], "texture": "#1"},
				"east": {"uv": [8.75, 0.75, 9.3125, 0.875], "texture": "#1"},
				"south": {"uv": [8.625, 2.375, 9.375, 2.5], "texture": "#1"},
				"west": {"uv": [8.75, 0.875, 9.3125, 1], "texture": "#1"},
				"up": {"uv": [7.875, 3.6875, 7.125, 3.125], "texture": "#1"},
				"down": {"uv": [7.875, 3.75, 7.125, 4.3125], "texture": "#1"}
			}
		},
		{
			"from": [9.75, 9.25, 1],
			"to": [14.25, 10.25, 7],
			"rotation": {"angle": 0, "axis": "y", "origin": [12, 9.75, 4]},
			"faces": {
				"north": {"uv": [8.75, 1, 9.3125, 1.125], "texture": "#1"},
				"east": {"uv": [8.625, 2.5, 9.375, 2.625], "texture": "#1"},
				"south": {"uv": [8.75, 1.125, 9.3125, 1.25], "texture": "#1"},
				"west": {"uv": [8.625, 2.625, 9.375, 2.75], "texture": "#1"},
				"up": {"uv": [7.6875, 5.125, 7.125, 4.375], "texture": "#1"},
				"down": {"uv": [7.6875, 5.125, 7.125, 5.875], "texture": "#1"}
			}
		},
		{
			"from": [1.75, 9.25, 1],
			"to": [6.25, 10.25, 7],
			"rotation": {"angle": 0, "axis": "y", "origin": [4, 9.75, 4]},
			"faces": {
				"north": {"uv": [8.75, 1.25, 9.3125, 1.375], "texture": "#1"},
				"east": {"uv": [8.625, 2.75, 9.375, 2.875], "texture": "#1"},
				"south": {"uv": [8.75, 1.375, 9.3125, 1.5], "texture": "#1"},
				"west": {"uv": [8.625, 2.875, 9.375, 3], "texture": "#1"},
				"up": {"uv": [7.6875, 6.625, 7.125, 5.875], "texture": "#1"},
				"down": {"uv": [7.6875, 6.625, 7.125, 7.375], "texture": "#1"}
			}
		},
		{
			"from": [1.75, 9.25, 9],
			"to": [6.25, 10.25, 15],
			"rotation": {"angle": 0, "axis": "y", "origin": [4, 9.75, 12]},
			"faces": {
				"north": {"uv": [8.75, 4.5, 9.3125, 4.625], "texture": "#1"},
				"east": {"uv": [8.625, 3, 9.375, 3.125], "texture": "#1"},
				"south": {"uv": [8.75, 4.625, 9.3125, 4.75], "texture": "#1"},
				"west": {"uv": [8.625, 3.125, 9.375, 3.25], "texture": "#1"},
				"up": {"uv": [7.6875, 8.125, 7.125, 7.375], "texture": "#1"},
				"down": {"uv": [7.0625, 7.5, 6.5, 8.25], "texture": "#1"}
			}
		},
		{
			"from": [9.75, 9.25, 9],
			"to": [14.25, 10.25, 15],
			"rotation": {"angle": 0, "axis": "y", "origin": [12, 9.75, 12]},
			"faces": {
				"north": {"uv": [8.75, 4.75, 9.3125, 4.875], "texture": "#1"},
				"east": {"uv": [8.625, 3.25, 9.375, 3.375], "texture": "#1"},
				"south": {"uv": [8.75, 4.875, 9.3125, 5], "texture": "#1"},
				"west": {"uv": [8.625, 3.375, 9.375, 3.5], "texture": "#1"},
				"up": {"uv": [1.1875, 8.375, 0.625, 7.625], "texture": "#1"},
				"down": {"uv": [8.3125, 0, 7.75, 0.75], "texture": "#1"}
			}
		},
		{
			"from": [6.1875, 0, 6.3125],
			"to": [9.5625, 1, 9.6875],
			"rotation": {"angle": 45, "axis": "y", "origin": [7.9375, 0.5, 7.875]},
			"faces": {
				"north": {"uv": [8.75, 5, 9.1875, 5.125], "texture": "#1"},
				"east": {"uv": [8.75, 5.125, 9.1875, 5.25], "texture": "#1"},
				"south": {"uv": [8.75, 5.25, 9.1875, 5.375], "texture": "#1"},
				"west": {"uv": [8.75, 5.375, 9.1875, 5.5], "texture": "#1"},
				"up": {"uv": [8.1875, 1.1875, 7.75, 0.75], "texture": "#1"},
				"down": {"uv": [8.3125, 1.25, 7.875, 1.6875], "texture": "#1"}
			}
		},
		{
			"from": [2.4375, 15, 2.3125],
			"to": [13.5625, 16.1, 13.6875],
			"rotation": {"angle": 0, "axis": "y", "origin": [7.9375, 0.5, 7.875]},
			"faces": {
				"north": {"uv": [8.75, 5, 9.1875, 5.125], "texture": "#1"},
				"east": {"uv": [8.75, 5.125, 9.1875, 5.25], "texture": "#1"},
				"south": {"uv": [8.75, 5.25, 9.1875, 5.375], "texture": "#1"},
				"west": {"uv": [8.75, 5.375, 9.1875, 5.5], "texture": "#1"},
				"up": {"uv": [1.40625, 1.4375, 0, 0], "texture": "#1"},
				"down": {"uv": [8.3125, 1.25, 7.875, 1.6875], "texture": "#1"}
			}
		},
		{
			"from": [8.375, 10.5, 1.4375],
			"to": [11.375, 11.5, 2.4375],
			"rotation": {"angle": 45, "axis": "y", "origin": [9.875, 11, 1.9375]},
			"faces": {
				"north": {"uv": [9.375, 6.375, 9.75, 6.5], "texture": "#1"},
				"east": {"uv": [9.875, 0, 10, 0.125], "texture": "#1"},
				"south": {"uv": [9.375, 6.5, 9.75, 6.625], "texture": "#1"},
				"west": {"uv": [0.125, 9.875, 0.25, 10], "texture": "#1"},
				"up": {"uv": [9.75, 6.75, 9.375, 6.625], "texture": "#1"},
				"down": {"uv": [9.75, 6.75, 9.375, 6.875], "texture": "#1"}
			}
		},
		{
			"from": [4.625, 10.5, 1.4375],
			"to": [7.625, 11.5, 2.4375],
			"rotation": {"angle": -45, "axis": "y", "origin": [6.125, 11, 1.9375]},
			"faces": {
				"north": {"uv": [9.375, 6.875, 9.75, 7], "texture": "#1"},
				"east": {"uv": [9.875, 0.125, 10, 0.25], "texture": "#1"},
				"south": {"uv": [9.375, 7, 9.75, 7.125], "texture": "#1"},
				"west": {"uv": [0.25, 9.875, 0.375, 10], "texture": "#1"},
				"up": {"uv": [9.75, 7.25, 9.375, 7.125], "texture": "#1"},
				"down": {"uv": [9.75, 7.25, 9.375, 7.375], "texture": "#1"}
			}
		},
		{
			"from": [4.625, 10.5, 13.5625],
			"to": [7.625, 11.5, 14.5625],
			"rotation": {"angle": 45, "axis": "y", "origin": [6.125, 11, 14.0625]},
			"faces": {
				"north": {"uv": [9.375, 7.375, 9.75, 7.5], "texture": "#1"},
				"east": {"uv": [9.875, 0.25, 10, 0.375], "texture": "#1"},
				"south": {"uv": [9.375, 7.5, 9.75, 7.625], "texture": "#1"},
				"west": {"uv": [0.375, 9.875, 0.5, 10], "texture": "#1"},
				"up": {"uv": [9.75, 7.75, 9.375, 7.625], "texture": "#1"},
				"down": {"uv": [9.75, 7.75, 9.375, 7.875], "texture": "#1"}
			}
		},
		{
			"from": [8.375, 10.5, 13.5625],
			"to": [11.375, 11.5, 14.5625],
			"rotation": {"angle": -45, "axis": "y", "origin": [9.875, 11, 14.0625]},
			"faces": {
				"north": {"uv": [9.375, 7.875, 9.75, 8], "texture": "#1"},
				"east": {"uv": [9.875, 0.375, 10, 0.5], "texture": "#1"},
				"south": {"uv": [9.375, 8, 9.75, 8.125], "texture": "#1"},
				"west": {"uv": [0.5, 9.875, 0.625, 10], "texture": "#1"},
				"up": {"uv": [9.75, 8.25, 9.375, 8.125], "texture": "#1"},
				"down": {"uv": [9.75, 8.25, 9.375, 8.375], "texture": "#1"}
			}
		},
		{
			"from": [8.875, 11.5, 1.6875],
			"to": [11.375, 12.5, 2.6875],
			"rotation": {"angle": 45, "axis": "y", "origin": [10.125, 12, 2.1875]},
			"faces": {
				"north": {"uv": [9.5, 3.125, 9.8125, 3.25], "texture": "#1"},
				"east": {"uv": [9.875, 0.5, 10, 0.625], "texture": "#1"},
				"south": {"uv": [9.5, 3.25, 9.8125, 3.375], "texture": "#1"},
				"west": {"uv": [0.625, 9.875, 0.75, 10], "texture": "#1"},
				"up": {"uv": [9.8125, 3.5, 9.5, 3.375], "texture": "#1"},
				"down": {"uv": [9.8125, 4.5, 9.5, 4.625], "texture": "#1"}
			}
		},
		{
			"from": [4.625, 11.5, 1.6875],
			"to": [7.125, 12.5, 2.6875],
			"rotation": {"angle": -45, "axis": "y", "origin": [5.875, 12, 2.1875]},
			"faces": {
				"north": {"uv": [4.625, 9.5, 4.9375, 9.625], "texture": "#1"},
				"east": {"uv": [9.875, 0.625, 10, 0.75], "texture": "#1"},
				"south": {"uv": [9.5, 4.625, 9.8125, 4.75], "texture": "#1"},
				"west": {"uv": [0.75, 9.875, 0.875, 10], "texture": "#1"},
				"up": {"uv": [9.8125, 4.875, 9.5, 4.75], "texture": "#1"},
				"down": {"uv": [9.8125, 4.875, 9.5, 5], "texture": "#1"}
			}
		},
		{
			"from": [4.625, 11.5, 13.3125],
			"to": [7.125, 12.5, 14.3125],
			"rotation": {"angle": 45, "axis": "y", "origin": [5.875, 12, 13.8125]},
			"faces": {
				"north": {"uv": [5, 9.5, 5.3125, 9.625], "texture": "#1"},
				"east": {"uv": [9.875, 0.75, 10, 0.875], "texture": "#1"},
				"south": {"uv": [7.125, 9.5, 7.4375, 9.625], "texture": "#1"},
				"west": {"uv": [0.875, 9.875, 1, 10], "texture": "#1"},
				"up": {"uv": [7.8125, 9.625, 7.5, 9.5], "texture": "#1"},
				"down": {"uv": [8.1875, 9.5, 7.875, 9.625], "texture": "#1"}
			}
		},
		{
			"from": [8.875, 11.5, 13.3125],
			"to": [11.375, 12.5, 14.3125],
			"rotation": {"angle": -45, "axis": "y", "origin": [10.125, 12, 13.8125]},
			"faces": {
				"north": {"uv": [9.5, 9, 9.8125, 9.125], "texture": "#1"},
				"east": {"uv": [9.875, 0.875, 10, 1], "texture": "#1"},
				"south": {"uv": [9.5, 9.125, 9.8125, 9.25], "texture": "#1"},
				"west": {"uv": [1, 9.875, 1.125, 10], "texture": "#1"},
				"up": {"uv": [9.6875, 9.625, 9.375, 9.5], "texture": "#1"},
				"down": {"uv": [4.9375, 9.625, 4.625, 9.75], "texture": "#1"}
			}
		},
		{
			"from": [9.875, 12.5, 1.6875],
			"to": [11.375, 13.5, 2.6875],
			"rotation": {"angle": 45, "axis": "y", "origin": [10.625, 13, 2.1875]},
			"faces": {
				"north": {"uv": [9.75, 5.75, 9.9375, 5.875], "texture": "#1"},
				"east": {"uv": [9.875, 1, 10, 1.125], "texture": "#1"},
				"south": {"uv": [5.875, 9.75, 6.0625, 9.875], "texture": "#1"},
				"west": {"uv": [1.125, 9.875, 1.25, 10], "texture": "#1"},
				"up": {"uv": [9.9375, 6, 9.75, 5.875], "texture": "#1"},
				"down": {"uv": [9.9375, 6, 9.75, 6.125], "texture": "#1"}
			}
		},
		{
			"from": [4.625, 12.5, 1.6875],
			"to": [6.125, 13.5, 2.6875],
			"rotation": {"angle": -45, "axis": "y", "origin": [5.375, 13, 2.1875]},
			"faces": {
				"north": {"uv": [6.125, 9.75, 6.3125, 9.875], "texture": "#1"},
				"east": {"uv": [9.875, 1.125, 10, 1.25], "texture": "#1"},
				"south": {"uv": [9.75, 6.125, 9.9375, 6.25], "texture": "#1"},
				"west": {"uv": [1.25, 9.875, 1.375, 10], "texture": "#1"},
				"up": {"uv": [9.9375, 6.375, 9.75, 6.25], "texture": "#1"},
				"down": {"uv": [6.5625, 9.75, 6.375, 9.875], "texture": "#1"}
			}
		},
		{
			"from": [4.625, 12.5, 13.3125],
			"to": [6.125, 13.5, 14.3125],
			"rotation": {"angle": 45, "axis": "y", "origin": [5.375, 13, 13.8125]},
			"faces": {
				"north": {"uv": [9.75, 6.375, 9.9375, 6.5], "texture": "#1"},
				"east": {"uv": [9.875, 1.25, 10, 1.375], "texture": "#1"},
				"south": {"uv": [9.75, 6.5, 9.9375, 6.625], "texture": "#1"},
				"west": {"uv": [1.375, 9.875, 1.5, 10], "texture": "#1"},
				"up": {"uv": [6.8125, 9.875, 6.625, 9.75], "texture": "#1"},
				"down": {"uv": [9.9375, 6.625, 9.75, 6.75], "texture": "#1"}
			}
		},
		{
			"from": [9.875, 12.5, 13.3125],
			"to": [11.375, 13.5, 14.3125],
			"rotation": {"angle": -45, "axis": "y", "origin": [10.625, 13, 13.8125]},
			"faces": {
				"north": {"uv": [9.75, 6.75, 9.9375, 6.875], "texture": "#1"},
				"east": {"uv": [9.875, 1.375, 10, 1.5], "texture": "#1"},
				"south": {"uv": [6.875, 9.75, 7.0625, 9.875], "texture": "#1"},
				"west": {"uv": [1.5, 9.875, 1.625, 10], "texture": "#1"},
				"up": {"uv": [9.9375, 7, 9.75, 6.875], "texture": "#1"},
				"down": {"uv": [9.9375, 7, 9.75, 7.125], "texture": "#1"}
			}
		},
		{
			"from": [12.625, 10.5, 5.5625],
			"to": [15.625, 11.5, 6.5625],
			"rotation": {"angle": 45, "axis": "y", "origin": [14.125, 11, 6.0625]},
			"faces": {
				"north": {"uv": [9.375, 8.375, 9.75, 8.5], "texture": "#1"},
				"east": {"uv": [9.875, 1.5, 10, 1.625], "texture": "#1"},
				"south": {"uv": [9.375, 8.5, 9.75, 8.625], "texture": "#1"},
				"west": {"uv": [1.625, 9.875, 1.75, 10], "texture": "#1"},
				"up": {"uv": [9.75, 8.75, 9.375, 8.625], "texture": "#1"},
				"down": {"uv": [9.75, 8.75, 9.375, 8.875], "texture": "#1"}
			}
		},
		{
			"from": [0.375, 10.5, 5.5625],
			"to": [3.375, 11.5, 6.5625],
			"rotation": {"angle": -45, "axis": "y", "origin": [1.875, 11, 6.0625]},
			"faces": {
				"north": {"uv": [9.375, 8.875, 9.75, 9], "texture": "#1"},
				"east": {"uv": [9.875, 1.625, 10, 1.75], "texture": "#1"},
				"south": {"uv": [9.375, 9.25, 9.75, 9.375], "texture": "#1"},
				"west": {"uv": [1.75, 9.875, 1.875, 10], "texture": "#1"},
				"up": {"uv": [9.75, 9.5, 9.375, 9.375], "texture": "#1"},
				"down": {"uv": [9.875, 0, 9.5, 0.125], "texture": "#1"}
			}
		},
		{
			"from": [0.375, 10.5, 9.4375],
			"to": [3.375, 11.5, 10.4375],
			"rotation": {"angle": 45, "axis": "y", "origin": [1.875, 11, 9.9375]},
			"faces": {
				"north": {"uv": [9.5, 0.125, 9.875, 0.25], "texture": "#1"},
				"east": {"uv": [9.875, 1.75, 10, 1.875], "texture": "#1"},
				"south": {"uv": [9.5, 0.25, 9.875, 0.375], "texture": "#1"},
				"west": {"uv": [1.875, 9.875, 2, 10], "texture": "#1"},
				"up": {"uv": [9.875, 0.5, 9.5, 0.375], "texture": "#1"},
				"down": {"uv": [9.875, 0.5, 9.5, 0.625], "texture": "#1"}
			}
		},
		{
			"from": [12.625, 10.5, 9.4375],
			"to": [15.625, 11.5, 10.4375],
			"rotation": {"angle": -45, "axis": "y", "origin": [14.125, 11, 9.9375]},
			"faces": {
				"north": {"uv": [9.5, 0.625, 9.875, 0.75], "texture": "#1"},
				"east": {"uv": [9.875, 1.875, 10, 2], "texture": "#1"},
				"south": {"uv": [9.5, 0.75, 9.875, 0.875], "texture": "#1"},
				"west": {"uv": [2, 9.875, 2.125, 10], "texture": "#1"},
				"up": {"uv": [9.875, 1, 9.5, 0.875], "texture": "#1"},
				"down": {"uv": [9.875, 1, 9.5, 1.125], "texture": "#1"}
			}
		},
		{
			"from": [12.625, 11.5, 5.3125],
			"to": [15.125, 12.5, 6.3125],
			"rotation": {"angle": 45, "axis": "y", "origin": [13.875, 12, 5.8125]},
			"faces": {
				"north": {"uv": [5, 9.625, 5.3125, 9.75], "texture": "#1"},
				"east": {"uv": [9.875, 2, 10, 2.125], "texture": "#1"},
				"south": {"uv": [6.25, 9.625, 6.5625, 9.75], "texture": "#1"},
				"west": {"uv": [2.125, 9.875, 2.25, 10], "texture": "#1"},
				"up": {"uv": [6.9375, 9.75, 6.625, 9.625], "texture": "#1"},
				"down": {"uv": [7.3125, 9.625, 7, 9.75], "texture": "#1"}
			}
		},
		{
			"from": [0.875, 11.5, 5.3125],
			"to": [3.375, 12.5, 6.3125],
			"rotation": {"angle": -45, "axis": "y", "origin": [2.125, 12, 5.8125]},
			"faces": {
				"north": {"uv": [7.375, 9.625, 7.6875, 9.75], "texture": "#1"},
				"east": {"uv": [9.875, 2.125, 10, 2.25], "texture": "#1"},
				"south": {"uv": [7.75, 9.625, 8.0625, 9.75], "texture": "#1"},
				"west": {"uv": [2.25, 9.875, 2.375, 10], "texture": "#1"},
				"up": {"uv": [9.6875, 9.75, 9.375, 9.625], "texture": "#1"},
				"down": {"uv": [0.8125, 9.75, 0.5, 9.875], "texture": "#1"}
			}
		},
		{
			"from": [0.875, 11.5, 9.6875],
			"to": [3.375, 12.5, 10.6875],
			"rotation": {"angle": 45, "axis": "y", "origin": [2.125, 12, 10.1875]},
			"faces": {
				"north": {"uv": [0.875, 9.75, 1.1875, 9.875], "texture": "#1"},
				"east": {"uv": [9.875, 2.25, 10, 2.375], "texture": "#1"},
				"south": {"uv": [9.75, 3.5, 10.0625, 3.625], "texture": "#1"},
				"west": {"uv": [2.375, 9.875, 2.5, 10], "texture": "#1"},
				"up": {"uv": [10.0625, 3.75, 9.75, 3.625], "texture": "#1"},
				"down": {"uv": [10.0625, 3.75, 9.75, 3.875], "texture": "#1"}
			}
		},
		{
			"from": [12.625, 11.5, 9.6875],
			"to": [15.125, 12.5, 10.6875],
			"rotation": {"angle": -45, "axis": "y", "origin": [13.875, 12, 10.1875]},
			"faces": {
				"north": {"uv": [9.75, 3.875, 10.0625, 4], "texture": "#1"},
				"east": {"uv": [9.875, 2.375, 10, 2.5], "texture": "#1"},
				"south": {"uv": [9.75, 4, 10.0625, 4.125], "texture": "#1"},
				"west": {"uv": [2.5, 9.875, 2.625, 10], "texture": "#1"},
				"up": {"uv": [10.0625, 4.25, 9.75, 4.125], "texture": "#1"},
				"down": {"uv": [10.0625, 4.25, 9.75, 4.375], "texture": "#1"}
			}
		},
		{
			"from": [12.625, 12.5, 5.3125],
			"to": [14.125, 13.5, 6.3125],
			"rotation": {"angle": 45, "axis": "y", "origin": [13.375, 13, 5.8125]},
			"faces": {
				"north": {"uv": [7.125, 9.75, 7.3125, 9.875], "texture": "#1"},
				"east": {"uv": [9.875, 2.5, 10, 2.625], "texture": "#1"},
				"south": {"uv": [9.75, 7.125, 9.9375, 7.25], "texture": "#1"},
				"west": {"uv": [2.625, 9.875, 2.75, 10], "texture": "#1"},
				"up": {"uv": [9.9375, 7.375, 9.75, 7.25], "texture": "#1"},
				"down": {"uv": [7.5625, 9.75, 7.375, 9.875], "texture": "#1"}
			}
		},
		{
			"from": [1.875, 12.5, 5.3125],
			"to": [3.375, 13.5, 6.3125],
			"rotation": {"angle": -45, "axis": "y", "origin": [2.625, 13, 5.8125]},
			"faces": {
				"north": {"uv": [9.75, 7.375, 9.9375, 7.5], "texture": "#1"},
				"east": {"uv": [9.875, 2.625, 10, 2.75], "texture": "#1"},
				"south": {"uv": [9.75, 7.5, 9.9375, 7.625], "texture": "#1"},
				"west": {"uv": [2.75, 9.875, 2.875, 10], "texture": "#1"},
				"up": {"uv": [7.8125, 9.875, 7.625, 9.75], "texture": "#1"},
				"down": {"uv": [9.9375, 7.625, 9.75, 7.75], "texture": "#1"}
			}
		},
		{
			"from": [1.875, 12.5, 9.6875],
			"to": [3.375, 13.5, 10.6875],
			"rotation": {"angle": 45, "axis": "y", "origin": [2.625, 13, 10.1875]},
			"faces": {
				"north": {"uv": [9.75, 7.75, 9.9375, 7.875], "texture": "#1"},
				"east": {"uv": [9.875, 2.75, 10, 2.875], "texture": "#1"},
				"south": {"uv": [7.875, 9.75, 8.0625, 9.875], "texture": "#1"},
				"west": {"uv": [2.875, 9.875, 3, 10], "texture": "#1"},
				"up": {"uv": [9.9375, 8, 9.75, 7.875], "texture": "#1"},
				"down": {"uv": [9.9375, 8, 9.75, 8.125], "texture": "#1"}
			}
		},
		{
			"from": [12.625, 12.5, 9.6875],
			"to": [14.125, 13.5, 10.6875],
			"rotation": {"angle": -45, "axis": "y", "origin": [13.375, 13, 10.1875]},
			"faces": {
				"north": {"uv": [8.125, 9.75, 8.3125, 9.875], "texture": "#1"},
				"east": {"uv": [9.875, 2.875, 10, 3], "texture": "#1"},
				"south": {"uv": [9.75, 8.125, 9.9375, 8.25], "texture": "#1"},
				"west": {"uv": [3, 9.875, 3.125, 10], "texture": "#1"},
				"up": {"uv": [9.9375, 8.375, 9.75, 8.25], "texture": "#1"},
				"down": {"uv": [8.5625, 9.75, 8.375, 9.875], "texture": "#1"}
			}
		}
	],
	"gui_light": "front",
	"display": {
		"thirdperson_righthand": {
			"rotation": [75, 45, 0],
			"translation": [0, 2.5, 0],
			"scale": [0.375, 0.375, 0.375]
		},
		"thirdperson_lefthand": {
			"rotation": [75, 45, 0],
			"translation": [0, 2.5, 0],
			"scale": [0.375, 0.375, 0.375]
		},
		"firstperson_righthand": {
			"rotation": [0, 45, 0],
			"scale": [0.4, 0.4, 0.4]
		},
		"firstperson_lefthand": {
			"rotation": [0, 225, 0],
			"scale": [0.4, 0.4, 0.4]
		},
		"ground": {
			"translation": [0, 3, 0],
			"scale": [0.25, 0.25, 0.25]
		},
		"gui": {
			"rotation": [30, 225, 0],
			"translation": [0, 0.25, 0],
			"scale": [0.7, 0.7, 0.7]
		},
		"head": {
			"translation": [0, -17.9, 0],
			"scale": [3.2, 3.2, 3.2]
		},
		"fixed": {
			"scale": [0.5, 0.5, 0.5]
		}
	},
	"groups": [
		{
			"name": "detail engine",
			"origin": [8, 8, 8],
			"color": 0,
			"children": [0, 1, 2, 3, 4, 5, 6, 7, 8, 9, 10, 11]
		},
		{
			"name": "octagon",
			"origin": [8, 8, 8],
			"color": 0,
			"children": [12, 13, 14, 15, 16, 17, 18, 19]
		},
		{
			"name": "engine slopes",
			"origin": [8, 8, 8],
			"color": 0,
			"children": [20, 21, 22, 23, 24, 25, 26, 27]
		},
		{
			"name": "octagon",
			"origin": [8, 8, 8],
			"color": 0,
			"children": [28, 29, 30, 31, 32, 33, 34, 35, 36, 37, 38, 39, 40, 41, 42, 43, 44, 45, 46, 47, 48, 49, 50, 51, 52, 53, 54, 55, 56, 57, 58, 59]
		},
		{
			"name": "engine fill",
			"origin": [8, 8, 8],
			"color": 0,
			"children": [60, 61, 62, 63, 64, 65, 66, 67]
		},
		68,
		69,
		{
			"name": "detail engine",
			"origin": [8, 8, 8],
			"color": 0,
			"children": [70, 71, 72, 73, 74, 75, 76, 77, 78, 79, 80, 81]
		},
		{
			"name": "detail engine",
			"origin": [8, 8, 8],
			"color": 0,
			"children": [82, 83, 84, 85, 86, 87, 88, 89, 90, 91, 92, 93]
		},
		{
			"name": "engine fancyness",
			"origin": [20, 12, 10.375],
			"color": 0,
			"children": [
				{
					"name": "engine fancyness",
					"origin": [20, 12, 10.375],
					"color": 0,
					"children": []
				}
			]
		}
	]
}