{
	"textures": {
		"0": "expansion:vehicles/mech/mech"
	},
	"elements": [
		{
			"from": [
				5.741019989714111,
				4.8374279855997555,
				5.741019989714111
			],
			"to": [
				12.0661640185146,
				11.162572014400244,
				10.258980010285889
			],
			"rotation": {
				"angle": 0,
				"axis": "y",
				"origin": [
					4.8374279855997555,
					8,
					8
				]
			},
			"faces": {
				"north": {
					"uv": [
						8.875,
						2.875,
						9.3125,
						3.3125
					],
					"texture": "#0"
				},
				"east": {
					"uv": [
						6.4375,
						10.3125,
						6.75,
						10.75
					],
					"texture": "#0"
				},
				"south": {
					"uv": [
						8.875,
						5.5,
						9.3125,
						5.9375
					],
					"texture": "#0"
				},
				"west": {
					"uv": [
						1.5625,
						10.375,
						1.875,
						10.8125
					],
					"texture": "#0"
				},
				"up": {
					"uv": [
						10.25,
						10.6875,
						9.8125,
						10.375
					],
					"texture": "#0"
				},
				"down": {
					"uv": [
						10.75,
						10.375,
						10.3125,
						10.6875
					],
					"texture": "#0"
				}
			}
		},
		{
			"from": [
				6.644611993828467,
				5.741019989714111,
				4.8374279855997555
			],
			"to": [
				11.162572014400244,
				10.258980010285889,
				11.162572014400244
			],
			"rotation": {
				"angle": 0,
				"axis": "y",
				"origin": [
					4.8374279855997555,
					8,
					8
				]
			},
			"faces": {
				"north": {
					"uv": [
						10.8125,
						10.3125,
						11.125,
						10.625
					],
					"texture": "#0"
				},
				"east": {
					"uv": [
						10.4375,
						1.5,
						10.875,
						1.8125
					],
					"texture": "#0"
				},
				"south": {
					"uv": [
						1.5625,
						10.875,
						1.875,
						11.1875
					],
					"texture": "#0"
				},
				"west": {
					"uv": [
						10.4375,
						3.125,
						10.875,
						3.4375
					],
					"texture": "#0"
				},
				"up": {
					"uv": [
						10.75,
						4.8125,
						10.4375,
						4.375
					],
					"texture": "#0"
				},
				"down": {
					"uv": [
						10.75,
						4.875,
						10.4375,
						5.3125
					],
					"texture": "#0"
				}
			}
		},
		{
			"from": [
				4.8374279855997555,
				-6.005676063772512,
				4.8374279855997555
			],
			"to": [
				11.162572014400244,
				3.9338359814854,
				11.162572014400244
			],
			"rotation": {
				"angle": 0,
				"axis": "y",
				"origin": [
					8,
					-1.4877160432007344,
					8
				]
			},
			"faces": {
				"north": {
					"uv": [
						0,
						7.125,
						0.4375,
						7.8125
					],
					"texture": "#0"
				},
				"east": {
					"uv": [
						0.5,
						7.125,
						0.9375,
						7.8125
					],
					"texture": "#0"
				},
				"south": {
					"uv": [
						1,
						7.125,
						1.4375,
						7.8125
					],
					"texture": "#0"
				},
				"west": {
					"uv": [
						7.25,
						6.25,
						7.6875,
						6.9375
					],
					"texture": "#0"
				},
				"up": {
					"uv": [
						9.5,
						0.75,
						9.0625,
						0.3125
					],
					"texture": "#0"
				},
				"down": {
					"uv": [
						9.5,
						2.0625,
						9.0625,
						2.5
					],
					"texture": "#0"
				}
			}
		},
		{
			"from": [
				11.162572014400244,
				-5.102084059658155,
				6.644611993828467
			],
			"to": [
				12.0661640185146,
				3.030243977371044,
				9.355388006171534
			],
			"rotation": {
				"angle": 0,
				"axis": "y",
				"origin": [
					8,
					-1.4877160432007344,
					8
				]
			},
			"faces": {
				"north": {
					"uv": [
						8,
						10.5625,
						8.0625,
						11.125
					],
					"texture": "#0"
				},
				"east": {
					"uv": [
						9.6875,
						10.75,
						9.875,
						11.3125
					],
					"texture": "#0"
				},
				"south": {
					"uv": [
						6.75,
						11.625,
						6.8125,
						12.1875
					],
					"texture": "#0"
				},
				"west": {
					"uv": [
						9.9375,
						10.75,
						10.125,
						11.3125
					],
					"texture": "#0"
				},
				"up": {
					"uv": [
						2,
						10.5625,
						1.9375,
						10.375
					],
					"texture": "#0"
				},
				"down": {
					"uv": [
						11.8125,
						9.125,
						11.75,
						9.3125
					],
					"texture": "#0"
				}
			}
		},
		{
			"from": [
				5.741019989714111,
				-10.52363608434429,
				10.258980010285889
			],
			"to": [
				10.258980010285889,
				-0.5841240390863778,
				12.0661640185146
			],
			"rotation": {
				"angle": 0,
				"axis": "y",
				"origin": [
					8,
					-1.4877160432007344,
					8
				]
			},
			"faces": {
				"north": {
					"uv": [
						7.375,
						8.3125,
						7.6875,
						9
					],
					"texture": "#0"
				},
				"east": {
					"uv": [
						1.1875,
						10.75,
						1.3125,
						11.4375
					],
					"texture": "#0"
				},
				"south": {
					"uv": [
						2.9375,
						8.625,
						3.25,
						9.3125
					],
					"texture": "#0"
				},
				"west": {
					"uv": [
						2.6875,
						11,
						2.8125,
						11.6875
					],
					"texture": "#0"
				},
				"up": {
					"uv": [
						7.6875,
						9.8125,
						7.375,
						9.6875
					],
					"texture": "#0"
				},
				"down": {
					"uv": [
						10.6875,
						1,
						10.375,
						1.125
					],
					"texture": "#0"
				}
			}
		},
		{
			"from": [
				5.741019989714111,
				-12.837427985599753,
				9.829891275292105
			],
			"to": [
				10.258980010285889,
				-10.126651973256688,
				11.637075283520815
			],
			"rotation": {
				"angle": 45,
				"axis": "x",
				"origin": [
					7.096407995885644,
					-10.84310103739892,
					11.372413185515722
				]
			},
			"faces": {
				"north": {
					"uv": [
						4.1875,
						11.5,
						4.5,
						11.6875
					],
					"texture": "#0"
				},
				"east": {
					"uv": [
						5.625,
						11.75,
						5.75,
						11.9375
					],
					"texture": "#0"
				},
				"south": {
					"uv": [
						5.75,
						11.5,
						6.0625,
						11.6875
					],
					"texture": "#0"
				},
				"west": {
					"uv": [
						5.8125,
						11.75,
						5.9375,
						11.9375
					],
					"texture": "#0"
				},
				"up": {
					"uv": [
						11.875,
						5,
						11.5625,
						4.875
					],
					"texture": "#0"
				},
				"down": {
					"uv": [
						11.875,
						7.375,
						11.5625,
						7.5
					],
					"texture": "#0"
				}
			}
		},
		{
			"from": [
				3.030243977371044,
				-8.71645207611558,
				4.8374279855997555
			],
			"to": [
				4.8374279855997555,
				4.8374279855997555,
				12.0661640185146
			],
			"rotation": {
				"angle": 0,
				"axis": "y",
				"origin": [
					8,
					-1.4877160432007344,
					8
				]
			},
			"faces": {
				"north": {
					"uv": [
						4.6875,
						10.3125,
						4.8125,
						11.25
					],
					"texture": "#0"
				},
				"east": {
					"uv": [
						3.625,
						5.3125,
						4.125,
						6.25
					],
					"texture": "#0"
				},
				"south": {
					"uv": [
						6.8125,
						10.3125,
						6.9375,
						11.25
					],
					"texture": "#0"
				},
				"west": {
					"uv": [
						4.1875,
						5.3125,
						4.6875,
						6.25
					],
					"texture": "#0"
				},
				"up": {
					"uv": [
						1.125,
						11.875,
						1,
						11.375
					],
					"texture": "#0"
				},
				"down": {
					"uv": [
						10.4375,
						11.4375,
						10.3125,
						11.9375
					],
					"texture": "#0"
				}
			}
		},
		{
			"from": [
				3.459341748284868,
				4.4404438745121535,
				4.8374279855997555
			],
			"to": [
				5.2665257565135795,
				6.247627882740865,
				12.0661640185146
			],
			"rotation": {
				"angle": -45,
				"axis": "z",
				"origin": [
					3.7239948103699216,
					5.1568929386543845,
					8.451796002057177
				]
			},
			"faces": {
				"north": {
					"uv": [
						10.25,
						4.375,
						10.375,
						4.5
					],
					"texture": "#0"
				},
				"east": {
					"uv": [
						11.25,
						3.375,
						11.75,
						3.5
					],
					"texture": "#0"
				},
				"south": {
					"uv": [
						11.125,
						8.25,
						11.25,
						8.375
					],
					"texture": "#0"
				},
				"west": {
					"uv": [
						11.375,
						1.5625,
						11.875,
						1.6875
					],
					"texture": "#0"
				},
				"up": {
					"uv": [
						10.625,
						11.9375,
						10.5,
						11.4375
					],
					"texture": "#0"
				},
				"down": {
					"uv": [
						10.8125,
						11.4375,
						10.6875,
						11.9375
					],
					"texture": "#0"
				}
			}
		},
		{
			"from": [
				5.741019989714111,
				-4.198492055543801,
				3.9338359814854
			],
			"to": [
				9.355388006171534,
				2.1266519732566884,
				4.8374279855997555
			],
			"rotation": {
				"angle": 0,
				"axis": "y",
				"origin": [
					8,
					-1.4877160432007344,
					8
				]
			},
			"faces": {
				"north": {
					"uv": [
						9.125,
						10.625,
						9.375,
						11.0625
					],
					"texture": "#0"
				},
				"east": {
					"uv": [
						11.75,
						4.0625,
						11.8125,
						4.5
					],
					"texture": "#0"
				},
				"south": {
					"uv": [
						2.9375,
						10.6875,
						3.1875,
						11.125
					],
					"texture": "#0"
				},
				"west": {
					"uv": [
						4.1875,
						11.75,
						4.25,
						12.1875
					],
					"texture": "#0"
				},
				"up": {
					"uv": [
						6.125,
						4.375,
						5.875,
						4.3125
					],
					"texture": "#0"
				},
				"down": {
					"uv": [
						3.0625,
						6.4375,
						2.8125,
						6.5
					],
					"texture": "#0"
				}
			}
		},
		{
			"from": [
				7.548203997942823,
				-9.620044080229935,
				5.741019989714111
			],
			"to": [
				9.355388006171534,
				-5.102084059658155,
				9.355388006171534
			],
			"rotation": {
				"angle": 0,
				"axis": "y",
				"origin": [
					8,
					-5.102084059658155,
					8
				]
			},
			"faces": {
				"north": {
					"uv": [
						8.3125,
						1.0625,
						8.4375,
						1.375
					],
					"texture": "#0"
				},
				"east": {
					"uv": [
						7.1875,
						11.375,
						7.4375,
						11.6875
					],
					"texture": "#0"
				},
				"south": {
					"uv": [
						8.4375,
						5.75,
						8.5625,
						6.0625
					],
					"texture": "#0"
				},
				"west": {
					"uv": [
						11.375,
						8.25,
						11.625,
						8.5625
					],
					"texture": "#0"
				},
				"up": {
					"uv": [
						4.9375,
						8.625,
						4.8125,
						8.375
					],
					"texture": "#0"
				},
				"down": {
					"uv": [
						9.25,
						4.5625,
						9.125,
						4.8125
					],
					"texture": "#0"
				}
			}
		},
		{
			"from": [
				7.548203997942823,
				2.1266519732566884,
				6.644611993828467
			],
			"to": [
				10.258980010285889,
				9.355388006171534,
				9.355388006171534
			],
			"rotation": {
				"angle": 0,
				"axis": "y",
				"origin": [
					7.548203997942823,
					3.4820399794282224,
					8
				]
			},
			"faces": {
				"north": {
					"uv": [
						0.6875,
						10.8125,
						0.875,
						11.3125
					],
					"texture": "#0"
				},
				"east": {
					"uv": [
						10.9375,
						3.5625,
						11.125,
						4.0625
					],
					"texture": "#0"
				},
				"south": {
					"uv": [
						10.9375,
						10.6875,
						11.125,
						11.1875
					],
					"texture": "#0"
				},
				"west": {
					"uv": [
						0,
						11,
						0.1875,
						11.5
					],
					"texture": "#0"
				},
				"up": {
					"uv": [
						11.9375,
						0.1875,
						11.75,
						0
					],
					"texture": "#0"
				},
				"down": {
					"uv": [
						11.9375,
						0.25,
						11.75,
						0.4375
					],
					"texture": "#0"
				}
			}
		}
	],
	"display": {
		"head": {
			"rotation": [
				0,
				180,
				0
			]
		}
	}
}