{
	"textures": {
		"1": "animated_java:item/mech_legs/mech"
	},
	"elements": [
		{
			"from": [6, -3.00003, 5.5],
			"to": [10, 9.99997, 10.5],
			"rotation": {
				"angle": 0,
				"axis": "y",
				"origin": [8, 8, 8]
			},
			"faces": {
				"north": {
					"uv": [4.875, 0, 5.125, 0.8125],
					"texture": "#1"
				},
				"east": {
					"uv": [3.4375, 4.5, 3.75, 5.3125],
					"texture": "#1"
				},
				"south": {
					"uv": [4.875, 2.125, 5.125, 2.9375],
					"texture": "#1"
				},
				"west": {
					"uv": [1.0625, 4.625, 1.375, 5.4375],
					"texture": "#1"
				},
				"up": {
					"uv": [4, 7.1875, 3.75, 6.875],
					"texture": "#1"
				},
				"down": {
					"uv": [4.3125, 6.875, 4.0625, 7.1875],
					"texture": "#1"
				}
			}
		},
		{
			"from": [7, -3.00003, 10.5],
			"to": [9, 8.99997, 12.5],
			"rotation": {
				"angle": 0,
				"axis": "y",
				"origin": [7, 8, 8]
			},
			"faces": {
				"north": {
					"uv": [2.75, 6.6875, 2.875, 7.4375],
					"texture": "#1"
				},
				"east": {
					"uv": [4.8125, 6.6875, 4.9375, 7.4375],
					"texture": "#1"
				},
				"south": {
					"uv": [0.25, 6.75, 0.375, 7.5],
					"texture": "#1"
				},
				"west": {
					"uv": [0.4375, 6.75, 0.5625, 7.5],
					"texture": "#1"
				},
				"up": {
					"uv": [6.6875, 0.625, 6.5625, 0.5],
					"texture": "#1"
				},
				"down": {
					"uv": [7.9375, 3.75, 7.8125, 3.875],
					"texture": "#1"
				}
			}
		}
	],
	"display": {
		"head": {
			"rotation": [0, 180, 0]
		}
	}
}