{
	"textures": {
		"0": "expansion:vehicles/mech/mech"
	},
	"elements": [
		{
			"from": [
				2.1627799999999997,
				-6.152699999999999,
				5.52056
			],
			"to": [
				4.16278,
				12.8473,
				12.02056
			],
			"rotation": {
				"angle": 0,
				"axis": "y",
				"origin": [
					18.162779999999998,
					7.8473299999999995,
					8.52056
				]
			},
			"faces": {
				"north": {
					"uv": [
						5.5625,
						10.25,
						5.6875,
						11.375
					],
					"texture": "#0"
				},
				"east": {
					"uv": [
						0.8125,
						4.9375,
						1.25,
						6.0625
					],
					"texture": "#0"
				},
				"south": {
					"uv": [
						1.375,
						10.3125,
						1.5,
						11.4375
					],
					"texture": "#0"
				},
				"west": {
					"uv": [
						1.3125,
						4.9375,
						1.75,
						6.0625
					],
					"texture": "#0"
				},
				"up": {
					"uv": [
						6.25,
						11.9375,
						6.125,
						11.5
					],
					"texture": "#0"
				},
				"down": {
					"uv": [
						6.4375,
						11.5,
						6.3125,
						11.9375
					],
					"texture": "#0"
				}
			}
		},
		{
			"from": [
				3.637649999999999,
				11.40796,
				5.52056
			],
			"to": [
				5.637649999999999,
				14.40796,
				12.02056
			],
			"rotation": {
				"angle": -45,
				"axis": "z",
				"origin": [
					4.637649999999999,
					13.90796,
					8.52056
				]
			},
			"faces": {
				"north": {
					"uv": [
						9.9375,
						7.5,
						10.0625,
						7.6875
					],
					"texture": "#0"
				},
				"east": {
					"uv": [
						8.125,
						6.75,
						8.5625,
						6.9375
					],
					"texture": "#0"
				},
				"south": {
					"uv": [
						11.1875,
						0.75,
						11.3125,
						0.9375
					],
					"texture": "#0"
				},
				"west": {
					"uv": [
						11.0625,
						8.75,
						11.5,
						8.9375
					],
					"texture": "#0"
				},
				"up": {
					"uv": [
						7.625,
						11.9375,
						7.5,
						11.5
					],
					"texture": "#0"
				},
				"down": {
					"uv": [
						7.8125,
						11.5,
						7.6875,
						11.9375
					],
					"texture": "#0"
				}
			}
		},
		{
			"from": [
				8.68791,
				11.40796,
				5.52056
			],
			"to": [
				10.68791,
				14.40796,
				12.02056
			],
			"rotation": {
				"angle": 45,
				"axis": "z",
				"origin": [
					9.68791,
					13.90796,
					8.52056
				]
			},
			"faces": {
				"north": {
					"uv": [
						11.1875,
						5.125,
						11.3125,
						5.3125
					],
					"texture": "#0"
				},
				"east": {
					"uv": [
						11.0625,
						9.75,
						11.5,
						9.9375
					],
					"texture": "#0"
				},
				"south": {
					"uv": [
						11.75,
						4.5625,
						11.875,
						4.75
					],
					"texture": "#0"
				},
				"west": {
					"uv": [
						11.125,
						6,
						11.5625,
						6.1875
					],
					"texture": "#0"
				},
				"up": {
					"uv": [
						8.6875,
						11.9375,
						8.5625,
						11.5
					],
					"texture": "#0"
				},
				"down": {
					"uv": [
						8.875,
						11.5,
						8.75,
						11.9375
					],
					"texture": "#0"
				}
			}
		},
		{
			"from": [
				4.16278,
				-0.1526999999999994,
				4.52056
			],
			"to": [
				10.16278,
				13.8473,
				14.02056
			],
			"rotation": {
				"angle": 0,
				"axis": "y",
				"origin": [
					20.162779999999998,
					7.8473299999999995,
					8.52056
				]
			},
			"faces": {
				"north": {
					"uv": [
						6.1875,
						6.9375,
						6.5625,
						7.8125
					],
					"texture": "#0"
				},
				"east": {
					"uv": [
						4.875,
						0.8125,
						5.5,
						1.6875
					],
					"texture": "#0"
				},
				"south": {
					"uv": [
						1.5,
						7,
						1.875,
						7.875
					],
					"texture": "#0"
				},
				"west": {
					"uv": [
						4.875,
						4.5,
						5.5,
						5.375
					],
					"texture": "#0"
				},
				"up": {
					"uv": [
						6.875,
						8.9375,
						6.5,
						8.3125
					],
					"texture": "#0"
				},
				"down": {
					"uv": [
						7.3125,
						8.3125,
						6.9375,
						8.9375
					],
					"texture": "#0"
				}
			}
		},
		{
			"from": [
				3.1627799999999997,
				-4.152699999999999,
				3.5205599999999997
			],
			"to": [
				11.16278,
				2.8472999999999997,
				5.52056
			],
			"rotation": {
				"angle": 0,
				"axis": "y",
				"origin": [
					20.162779999999998,
					7.8473299999999995,
					8.52056
				]
			},
			"faces": {
				"north": {
					"uv": [
						2.375,
						8.5625,
						2.875,
						9
					],
					"texture": "#0"
				},
				"east": {
					"uv": [
						0,
						11.5625,
						0.125,
						12
					],
					"texture": "#0"
				},
				"south": {
					"uv": [
						1,
						8.625,
						1.5,
						9.0625
					],
					"texture": "#0"
				},
				"west": {
					"uv": [
						1.5,
						11.5625,
						1.625,
						12
					],
					"texture": "#0"
				},
				"up": {
					"uv": [
						4.75,
						0.9375,
						4.25,
						0.8125
					],
					"texture": "#0"
				},
				"down": {
					"uv": [
						7.875,
						4.5625,
						7.375,
						4.6875
					],
					"texture": "#0"
				}
			}
		},
		{
			"from": [
				3.1627799999999997,
				-7.076609999999999,
				-1.0695700000000006
			],
			"to": [
				11.16278,
				-3.0766100000000005,
				0.9304299999999994
			],
			"rotation": {
				"angle": -22.5,
				"axis": "x",
				"origin": [
					20.162779999999998,
					7.92342,
					3.9304299999999994
				]
			},
			"faces": {
				"north": {
					"uv": [
						8.0625,
						4.875,
						8.5625,
						5.0625
					],
					"texture": "#0"
				},
				"east": {
					"uv": [
						5.4375,
						11.75,
						5.5625,
						11.9375
					],
					"texture": "#0"
				},
				"south": {
					"uv": [
						9.375,
						3.125,
						9.875,
						3.3125
					],
					"texture": "#0"
				},
				"west": {
					"uv": [
						11.75,
						5.5,
						11.875,
						5.6875
					],
					"texture": "#0"
				},
				"up": {
					"uv": [
						4.4375,
						8,
						3.9375,
						7.875
					],
					"texture": "#0"
				},
				"down": {
					"uv": [
						9.8125,
						1.5625,
						9.3125,
						1.6875
					],
					"texture": "#0"
				}
			}
		},
		{
			"from": [
				3.1627799999999997,
				-8.689700000000002,
				5.28174
			],
			"to": [
				11.16278,
				-6.689700000000002,
				9.28174
			],
			"rotation": {
				"angle": 22.5,
				"axis": "x",
				"origin": [
					7.16278,
					-7.689700000000002,
					7.28174
				]
			},
			"faces": {
				"north": {
					"uv": [
						4.4375,
						8,
						3.9375,
						7.875
					],
					"rotation": 180,
					"texture": "#0"
				},
				"east": {
					"uv": [
						5.4375,
						11.75,
						5.5625,
						11.9375
					],
					"rotation": 90,
					"texture": "#0"
				},
				"south": {
					"uv": [
						9.8125,
						1.5625,
						9.3125,
						1.6875
					],
					"texture": "#0"
				},
				"west": {
					"uv": [
						11.75,
						5.5,
						11.875,
						5.6875
					],
					"rotation": 270,
					"texture": "#0"
				},
				"up": {
					"uv": [
						9.375,
						3.125,
						9.875,
						3.3125
					],
					"texture": "#0"
				},
				"down": {
					"uv": [
						8.0625,
						4.875,
						8.5625,
						5.0625
					],
					"rotation": 180,
					"texture": "#0"
				}
			}
		},
		{
			"from": [
				10.16278,
				-5.152699999999999,
				5.52056
			],
			"to": [
				12.16278,
				12.8473,
				12.02056
			],
			"rotation": {
				"angle": 0,
				"axis": "y",
				"origin": [
					20.162779999999998,
					7.8473299999999995,
					8.52056
				]
			},
			"faces": {
				"north": {
					"uv": [
						4.3125,
						10.3125,
						4.4375,
						11.4375
					],
					"texture": "#0"
				},
				"east": {
					"uv": [
						1.8125,
						4.9375,
						2.25,
						6.0625
					],
					"texture": "#0"
				},
				"south": {
					"uv": [
						4.5,
						10.3125,
						4.625,
						11.4375
					],
					"texture": "#0"
				},
				"west": {
					"uv": [
						2.3125,
						4.9375,
						2.75,
						6.0625
					],
					"texture": "#0"
				},
				"up": {
					"uv": [
						1.8125,
						12,
						1.6875,
						11.5625
					],
					"texture": "#0"
				},
				"down": {
					"uv": [
						11.6875,
						1.75,
						11.5625,
						2.1875
					],
					"texture": "#0"
				}
			}
		}
	],
	"display": {
		"head": {
			"rotation": [
				0,
				180,
				0
			]
		}
	}
}