{
	"textures": {
		"0": "expansion:vehicles/mech/mech"
	},
	"elements": [
		{
			"from": [
				4,
				2.452,
				7.90608
			],
			"to": [
				10,
				10.452,
				9.90608
			],
			"rotation": {
				"angle": 22.5,
				"axis": "x",
				"origin": [
					8,
					-1.548,
					8.40608
				]
			},
			"faces": {
				"north": {
					"uv": [
						0,
						9.25,
						0.375,
						9.75
					],
					"texture": "#0"
				},
				"east": {
					"uv": [
						5.6875,
						1.875,
						5.8125,
						2.375
					],
					"texture": "#0"
				},
				"south": {
					"uv": [
						9.25,
						6,
						9.625,
						6.5
					],
					"texture": "#0"
				},
				"west": {
					"uv": [
						5,
						9.5625,
						5.125,
						10.0625
					],
					"texture": "#0"
				},
				"up": {
					"uv": [
						5.25,
						2.5625,
						4.875,
						2.4375
					],
					"texture": "#0"
				},
				"down": {
					"uv": [
						8.9375,
						0.875,
						8.5625,
						1
					],
					"texture": "#0"
				}
			}
		},
		{
			"from": [
				4,
				8.96453,
				12.3841
			],
			"to": [
				10,
				13.96453,
				14.3841
			],
			"rotation": {
				"angle": 0,
				"axis": "y",
				"origin": [
					8,
					10.96453,
					12.8841
				]
			},
			"faces": {
				"north": {
					"uv": [
						10.5,
						3.5,
						10.875,
						3.8125
					],
					"texture": "#0"
				},
				"east": {
					"uv": [
						4,
						2.625,
						4.125,
						2.9375
					],
					"texture": "#0"
				},
				"south": {
					"uv": [
						10.5,
						3.875,
						10.875,
						4.1875
					],
					"texture": "#0"
				},
				"west": {
					"uv": [
						6.3125,
						4.75,
						6.4375,
						5.0625
					],
					"texture": "#0"
				},
				"up": {
					"uv": [
						10.0625,
						5.375,
						9.6875,
						5.25
					],
					"texture": "#0"
				},
				"down": {
					"uv": [
						11.875,
						6.75,
						11.5,
						6.875
					],
					"texture": "#0"
				}
			}
		},
		{
			"from": [
				3,
				-9.548000000000002,
				2.90608
			],
			"to": [
				11,
				11.452,
				8.90608
			],
			"rotation": {
				"angle": 22.5,
				"axis": "x",
				"origin": [
					8,
					-1.548,
					8.40608
				]
			},
			"faces": {
				"north": {
					"uv": [
						5.3125,
						2.4375,
						5.8125,
						3.375
					],
					"texture": "#0"
				},
				"east": {
					"uv": [
						6.5625,
						4.75,
						6.9375,
						5.6875
					],
					"texture": "#0"
				},
				"south": {
					"uv": [
						5.3125,
						3.4375,
						5.8125,
						4.375
					],
					"texture": "#0"
				},
				"west": {
					"uv": [
						3.5,
						6.75,
						3.875,
						7.6875
					],
					"texture": "#0"
				},
				"up": {
					"uv": [
						9.75,
						6.9375,
						9.25,
						6.5625
					],
					"texture": "#0"
				},
				"down": {
					"uv": [
						9.8125,
						0.8125,
						9.3125,
						1.1875
					],
					"texture": "#0"
				}
			}
		},
		{
			"from": [
				4,
				5.452,
				3.90608
			],
			"to": [
				10,
				12.452,
				7.90608
			],
			"rotation": {
				"angle": 22.5,
				"axis": "x",
				"origin": [
					8,
					-1.548,
					8.40608
				]
			},
			"faces": {
				"north": {
					"uv": [
						11.5,
						7.9375,
						11.875,
						8.0625
					],
					"texture": "#0"
				},
				"east": {
					"uv": [
						11.75,
						1.75,
						12,
						1.875
					],
					"texture": "#0"
				},
				"south": {
					"uv": [
						11.5625,
						2.25,
						11.9375,
						2.375
					],
					"texture": "#0"
				},
				"west": {
					"uv": [
						11.75,
						1.9375,
						12,
						2.0625
					],
					"texture": "#0"
				},
				"up": {
					"uv": [
						5.5,
						0.75,
						5.125,
						0.5
					],
					"texture": "#0"
				},
				"down": {
					"uv": [
						6.5625,
						7.875,
						6.1875,
						8.125
					],
					"texture": "#0"
				}
			}
		},
		{
			"from": [
				4,
				-1.7414599999999982,
				-0.14871000000000123
			],
			"to": [
				10,
				6.258540000000002,
				1.8512900000000005
			],
			"rotation": {
				"angle": -22.5,
				"axis": "x",
				"origin": [
					8,
					4.258540000000002,
					1.8512900000000005
				]
			},
			"faces": {
				"north": {
					"uv": [
						9.3125,
						3.6875,
						9.6875,
						4.1875
					],
					"texture": "#0"
				},
				"east": {
					"uv": [
						2.5,
						11.25,
						2.625,
						11.75
					],
					"texture": "#0"
				},
				"south": {
					"uv": [
						9.3125,
						4.25,
						9.6875,
						4.75
					],
					"texture": "#0"
				},
				"west": {
					"uv": [
						8.375,
						11.3125,
						8.5,
						11.8125
					],
					"texture": "#0"
				},
				"up": {
					"uv": [
						11.9375,
						2.5625,
						11.5625,
						2.4375
					],
					"texture": "#0"
				},
				"down": {
					"uv": [
						11.9375,
						2.625,
						11.5625,
						2.75
					],
					"texture": "#0"
				}
			}
		}
	],
	"display": {
		"head": {
			"rotation": [
				0,
				180,
				0
			]
		}
	}
}