{
	"credit": "Made with Blockbench",
	"textures": {
		"0": "expansion:items/copper_coil",
		"particle": "expansion:items/copper_coil"
	},
	"elements": [
		{
			"name": "copper_coil_0",
			"from": [5, 1, 8],
			"to": [11, 15, 9],
			"faces": {
				"north": {"uv": [5, 15, 11, 1], "rotation": 180, "texture": "#0"},
				"east": {"uv": [10, 1, 11, 15], "texture": "#0"},
				"south": {"uv": [5, 1, 11, 15], "texture": "#0"},
				"west": {"uv": [5, 1, 6, 15], "texture": "#0"},
				"up": {"uv": [11, 1, 5, 2], "rotation": 180, "texture": "#0"},
				"down": {"uv": [5, 14, 11, 15], "texture": "#0"}
			}
		},
		{
			"name": "copper_coil_1",
			"from": [3, 2, 8],
			"to": [5, 14, 9],
			"faces": {
				"north": {"uv": [3, 14, 5, 2], "rotation": 180, "texture": "#0"},
				"east": {"uv": [4, 2, 5, 14], "texture": "#0"},
				"south": {"uv": [3, 2, 5, 14], "texture": "#0"},
				"west": {"uv": [3, 2, 4, 14], "texture": "#0"},
				"up": {"uv": [5, 2, 3, 3], "rotation": 180, "texture": "#0"},
				"down": {"uv": [3, 13, 5, 14], "texture": "#0"}
			}
		},
		{
			"name": "copper_coil_2",
			"from": [11, 2, 8],
			"to": [13, 14, 9],
			"faces": {
				"north": {"uv": [11, 14, 13, 2], "rotation": 180, "texture": "#0"},
				"east": {"uv": [12, 2, 13, 14], "texture": "#0"},
				"south": {"uv": [11, 2, 13, 14], "texture": "#0"},
				"west": {"uv": [11, 2, 12, 14], "texture": "#0"},
				"up": {"uv": [13, 2, 11, 3], "rotation": 180, "texture": "#0"},
				"down": {"uv": [11, 13, 13, 14], "texture": "#0"}
			}
		},
		{
			"name": "copper_coil_3",
			"from": [2, 11, 8],
			"to": [3, 13, 9],
			"faces": {
				"north": {"uv": [2, 5, 3, 3], "rotation": 180, "texture": "#0"},
				"east": {"uv": [2, 3, 3, 5], "texture": "#0"},
				"south": {"uv": [2, 3, 3, 5], "texture": "#0"},
				"west": {"uv": [2, 3, 3, 5], "texture": "#0"},
				"up": {"uv": [3, 3, 2, 4], "rotation": 180, "texture": "#0"},
				"down": {"uv": [2, 4, 3, 5], "texture": "#0"}
			}
		},
		{
			"name": "copper_coil_4",
			"from": [13, 11, 8],
			"to": [14, 13, 9],
			"faces": {
				"north": {"uv": [13, 5, 14, 3], "rotation": 180, "texture": "#0"},
				"east": {"uv": [13, 3, 14, 5], "texture": "#0"},
				"south": {"uv": [13, 3, 14, 5], "texture": "#0"},
				"west": {"uv": [13, 3, 14, 5], "texture": "#0"},
				"up": {"uv": [14, 3, 13, 4], "rotation": 180, "texture": "#0"},
				"down": {"uv": [13, 4, 14, 5], "texture": "#0"}
			}
		},
		{
			"name": "copper_coil_5",
			"from": [2, 3, 8],
			"to": [3, 5, 9],
			"faces": {
				"north": {"uv": [2, 13, 3, 11], "rotation": 180, "texture": "#0"},
				"east": {"uv": [2, 11, 3, 13], "texture": "#0"},
				"south": {"uv": [2, 11, 3, 13], "texture": "#0"},
				"west": {"uv": [2, 11, 3, 13], "texture": "#0"},
				"up": {"uv": [3, 11, 2, 12], "rotation": 180, "texture": "#0"},
				"down": {"uv": [2, 12, 3, 13], "texture": "#0"}
			}
		},
		{
			"name": "copper_coil_6",
			"from": [13, 3, 8],
			"to": [14, 5, 9],
			"faces": {
				"north": {"uv": [13, 13, 14, 11], "rotation": 180, "texture": "#0"},
				"east": {"uv": [13, 11, 14, 13], "texture": "#0"},
				"south": {"uv": [13, 11, 14, 13], "texture": "#0"},
				"west": {"uv": [13, 11, 14, 13], "texture": "#0"},
				"up": {"uv": [14, 11, 13, 12], "rotation": 180, "texture": "#0"},
				"down": {"uv": [13, 12, 14, 13], "texture": "#0"}
			}
		}
	],
	"gui_light": "front",
	"display": {
		"thirdperson_righthand": {
			"translation": [0, 3, 1],
			"scale": [0.55, 0.55, 0.55]
		},
		"thirdperson_lefthand": {
			"translation": [0, 3, 1],
			"scale": [0.55, 0.55, 0.55]
		},
		"firstperson_righthand": {
			"rotation": [0, -90, 25],
			"translation": [1.13, 3.2, 1.13],
			"scale": [0.68, 0.68, 0.68]
		},
		"firstperson_lefthand": {
			"rotation": [0, -90, 25],
			"translation": [1.13, 3.2, 1.13],
			"scale": [0.68, 0.68, 0.68]
		},
		"ground": {
			"translation": [0, 2, 0],
			"scale": [0.5, 0.5, 0.5]
		},
		"head": {
			"rotation": [90, 0, 0],
			"translation": [0, -42.4, 0],
			"scale": [1.6, 1.6, 1.6]
		},
		"fixed": {
			"rotation": [0, 180, 0]
		}
	},
	"groups": [
		{
			"name": "copper_coil",
			"origin": [8, 8, 8],
			"color": 0,
			"nbt": "{}",
			"armAnimationEnabled": false,
			"children": [0, 1, 2, 3, 4, 5, 6]
		}
	]
}