{
	"credit": "Made with Blockbench",
	"textures": {
		"1": "expansion:guides/basic_guide/spaceship_leftwing_displayitem",
		"particle": "expansion:guides/basic_guide/spaceship_leftwing_displayitem"
	},
	"elements": [
		{
			"name": "spaceship_leftwing_displayitem_0",
			"from": [0, 1, 7.5],
			"to": [1, 16, 8.5],
			"faces": {
				"north": {"uv": [1, 0, 0, 15], "texture": "#1"},
				"east": {"uv": [0, 0, 1, 15], "texture": "#1"},
				"south": {"uv": [0, 0, 1, 15], "texture": "#1"},
				"west": {"uv": [0, 0, 1, 15], "texture": "#1"},
				"up": {"uv": [0, 0, 1, 1], "texture": "#1"},
				"down": {"uv": [0, 14, 1, 15], "texture": "#1"}
			}
		},
		{
			"name": "spaceship_leftwing_displayitem_1",
			"from": [11, 1, 7.5],
			"to": [16, 16, 8.5],
			"faces": {
				"north": {"uv": [16, 0, 11, 15], "texture": "#1"},
				"east": {"uv": [15, 0, 16, 15], "texture": "#1"},
				"south": {"uv": [11, 0, 16, 15], "texture": "#1"},
				"west": {"uv": [11, 0, 12, 15], "texture": "#1"},
				"up": {"uv": [11, 0, 16, 1], "texture": "#1"},
				"down": {"uv": [11, 14, 16, 15], "texture": "#1"}
			}
		},
		{
			"name": "spaceship_leftwing_displayitem_2",
			"from": [9, 3, 7.5],
			"to": [11, 15, 8.5],
			"faces": {
				"north": {"uv": [11, 1, 9, 13], "texture": "#1"},
				"east": {"uv": [10, 1, 11, 13], "texture": "#1"},
				"south": {"uv": [9, 1, 11, 13], "texture": "#1"},
				"west": {"uv": [9, 1, 10, 13], "texture": "#1"},
				"up": {"uv": [9, 1, 11, 2], "texture": "#1"},
				"down": {"uv": [9, 12, 11, 13], "texture": "#1"}
			}
		},
		{
			"name": "spaceship_leftwing_displayitem_3",
			"from": [7, 3, 7.5],
			"to": [9, 14, 8.5],
			"faces": {
				"north": {"uv": [9, 2, 7, 13], "texture": "#1"},
				"east": {"uv": [8, 2, 9, 13], "texture": "#1"},
				"south": {"uv": [7, 2, 9, 13], "texture": "#1"},
				"west": {"uv": [7, 2, 8, 13], "texture": "#1"},
				"up": {"uv": [7, 2, 9, 3], "texture": "#1"},
				"down": {"uv": [7, 12, 9, 13], "texture": "#1"}
			}
		},
		{
			"name": "spaceship_leftwing_displayitem_4",
			"from": [5, 3, 7.5],
			"to": [7, 13, 8.5],
			"faces": {
				"north": {"uv": [7, 3, 5, 13], "texture": "#1"},
				"east": {"uv": [6, 3, 7, 13], "texture": "#1"},
				"south": {"uv": [5, 3, 7, 13], "texture": "#1"},
				"west": {"uv": [5, 3, 6, 13], "texture": "#1"},
				"up": {"uv": [5, 3, 7, 4], "texture": "#1"},
				"down": {"uv": [5, 12, 7, 13], "texture": "#1"}
			}
		},
		{
			"name": "spaceship_leftwing_displayitem_5",
			"from": [3, 3, 7.5],
			"to": [5, 12, 8.5],
			"faces": {
				"north": {"uv": [5, 4, 3, 13], "texture": "#1"},
				"east": {"uv": [4, 4, 5, 13], "texture": "#1"},
				"south": {"uv": [3, 4, 5, 13], "texture": "#1"},
				"west": {"uv": [3, 4, 4, 13], "texture": "#1"},
				"up": {"uv": [3, 4, 5, 5], "texture": "#1"},
				"down": {"uv": [3, 12, 5, 13], "texture": "#1"}
			}
		},
		{
			"name": "spaceship_leftwing_displayitem_6",
			"from": [2, 3, 7.5],
			"to": [3, 11, 8.5],
			"faces": {
				"north": {"uv": [3, 5, 2, 13], "texture": "#1"},
				"east": {"uv": [2, 5, 3, 13], "texture": "#1"},
				"south": {"uv": [2, 5, 3, 13], "texture": "#1"},
				"west": {"uv": [2, 5, 3, 13], "texture": "#1"},
				"up": {"uv": [2, 5, 3, 6], "texture": "#1"},
				"down": {"uv": [2, 12, 3, 13], "texture": "#1"}
			}
		},
		{
			"name": "spaceship_leftwing_displayitem_7",
			"from": [1, 3, 7.5],
			"to": [2, 10, 8.5],
			"faces": {
				"north": {"uv": [2, 6, 1, 13], "texture": "#1"},
				"east": {"uv": [1, 6, 2, 13], "texture": "#1"},
				"south": {"uv": [1, 6, 2, 13], "texture": "#1"},
				"west": {"uv": [1, 6, 2, 13], "texture": "#1"},
				"up": {"uv": [1, 6, 2, 7], "texture": "#1"},
				"down": {"uv": [1, 12, 2, 13], "texture": "#1"}
			}
		}
	],
	"gui_light": "front",
	"display": {
		"thirdperson_righthand": {
			"translation": [0, 3, 1],
			"scale": [0.55, 0.55, 0.55]
		},
		"thirdperson_lefthand": {
			"translation": [0, 3, 1],
			"scale": [0.55, 0.55, 0.55]
		},
		"firstperson_righthand": {
			"rotation": [0, -90, 25],
			"translation": [1.13, 3.2, 1.13],
			"scale": [0.68, 0.68, 0.68]
		},
		"firstperson_lefthand": {
			"rotation": [0, -90, 25],
			"translation": [1.13, 3.2, 1.13],
			"scale": [0.68, 0.68, 0.68]
		},
		"ground": {
			"translation": [0, 2, 0],
			"scale": [0.5, 0.5, 0.5]
		},
		"head": {
			"rotation": [90, 0, 0],
			"translation": [0, -42.4, 0],
			"scale": [1.6, 1.6, 1.6]
		},
		"fixed": {
			"rotation": [0, 180, 0]
		}
	},
	"groups": [
		{
			"name": "spaceship_leftwing_displayitem",
			"origin": [8, 8, 8],
			"color": 0,
			"nbt": "{}",
			"children": [0, 1, 2, 3, 4, 5, 6, 7]
		}
	]
}