{
	"parent": "item/generated",
	"textures": {
		"layer0": "minecraft:item/pink_dye"
	},
	"overrides": [
		{
			"predicate": {
				"custom_model_data": 1
			},
			"model": "item/animated_java_empty"
		},
		{
			"predicate": {
				"custom_model_data": 2
			},
			"model": "expansion:vehicles/mech_legs/foot"
		},
		{
			"predicate": {
				"custom_model_data": 3
			},
			"model": "expansion:vehicles/mech_legs/leg_low"
		},
		{
			"predicate": {
				"custom_model_data": 4
			},
			"model": "expansion:vehicles/mech_legs/bone4"
		},
		{
			"predicate": {
				"custom_model_data": 5
			},
			"model": "expansion:vehicles/mech_legs/leg"
		},
		{
			"predicate": {
				"custom_model_data": 6
			},
			"model": "expansion:vehicles/mech_legs/foot2"
		},
		{
			"predicate": {
				"custom_model_data": 7
			},
			"model": "expansion:vehicles/mech_legs/leg_low2"
		},
		{
			"predicate": {
				"custom_model_data": 8
			},
			"model": "expansion:vehicles/mech_legs/bone3"
		},
		{
			"predicate": {
				"custom_model_data": 9
			},
			"model": "expansion:vehicles/mech_legs/leg2"
		},
		{
			"predicate": {
				"custom_model_data": 10
			},
			"model": "expansion:vehicles/mech_legs/hips"
		}
	],
	"animated_java": {
		"rigs": {
			"mech_legs": {
				"used_ids": [
					2,
					3,
					4,
					5,
					6,
					7,
					8,
					9,
					10
				]
			}
		}
	}
}