{
	"credit": "Made with Blockbench",
	"textures": {
		"1": "expansion:vehicles/lunar_module/lunar_module"
	},
	"elements": [
		{
			"from": [10.96734, -4.32, -4.3317],
			"to": [11.56734, -3.72, 1.9683],
			"rotation": {"angle": -22.5, "axis": "y", "origin": [11.26734, -4.32, 0.3183]},
			"faces": {
				"north": {"uv": [13, 0.25, 13.0625, 0.3125], "texture": "#1"},
				"east": {"uv": [11, 6.75, 11.65625, 6.8125], "texture": "#1"},
				"south": {"uv": [0.5, 13, 0.5625, 13.0625], "texture": "#1"},
				"west": {"uv": [11, 8, 11.65625, 8.0625], "texture": "#1"},
				"up": {"uv": [10.1875, 11.65625, 10.125, 11], "texture": "#1"},
				"down": {"uv": [11.0625, 10.875, 11, 11.53125], "texture": "#1"}
			}
		},
		{
			"from": [5.32255, -4.32, -4.3317],
			"to": [5.92255, -3.72, 1.9683],
			"rotation": {"angle": 22.5, "axis": "y", "origin": [5.62255, -4.32, 0.3183]},
			"faces": {
				"north": {"uv": [13, 6.5, 13.0625, 6.5625], "texture": "#1"},
				"east": {"uv": [11.25, 8.5, 11.90625, 8.5625], "texture": "#1"},
				"south": {"uv": [6.625, 13, 6.6875, 13.0625], "texture": "#1"},
				"west": {"uv": [11.25, 8.75, 11.90625, 8.8125], "texture": "#1"},
				"up": {"uv": [8.6875, 11.78125, 8.625, 11.125], "texture": "#1"},
				"down": {"uv": [8.9375, 11.125, 8.875, 11.78125], "texture": "#1"}
			}
		},
		{
			"from": [10.58446, -4.32, -9.02819],
			"to": [11.18446, -3.72, -2.72819],
			"rotation": {"angle": 45, "axis": "y", "origin": [10.88446, -4.32, -5.87819]},
			"faces": {
				"north": {"uv": [13, 0.5, 13.0625, 0.5625], "texture": "#1"},
				"east": {"uv": [11, 8.25, 11.65625, 8.3125], "texture": "#1"},
				"south": {"uv": [0.75, 13, 0.8125, 13.0625], "texture": "#1"},
				"west": {"uv": [7.75, 11.125, 8.40625, 11.1875], "texture": "#1"},
				"up": {"uv": [0.0625, 11.78125, 0, 11.125], "texture": "#1"},
				"down": {"uv": [1.5625, 11.125, 1.5, 11.78125], "texture": "#1"}
			}
		},
		{
			"from": [5.70542, -4.32, -9.02819],
			"to": [6.30542, -3.72, -2.72819],
			"rotation": {"angle": -45, "axis": "y", "origin": [6.00542, -4.32, -5.87819]},
			"faces": {
				"north": {"uv": [6, 13, 6.0625, 13.0625], "texture": "#1"},
				"east": {"uv": [2.75, 11.25, 3.40625, 11.3125], "texture": "#1"},
				"south": {"uv": [13, 6.25, 13.0625, 6.3125], "texture": "#1"},
				"west": {"uv": [5, 11.25, 5.65625, 11.3125], "texture": "#1"},
				"up": {"uv": [2.0625, 11.78125, 2, 11.125], "texture": "#1"},
				"down": {"uv": [2.3125, 11.125, 2.25, 11.78125], "texture": "#1"}
			}
		},
		{
			"from": [5.79586, -4.32, -2.14],
			"to": [13.29586, -3.72, -1.54],
			"rotation": {"angle": 45, "axis": "y", "origin": [9.90586, -4.32, -1.65303]},
			"faces": {
				"north": {"uv": [10.375, 9.5, 11.15625, 9.5625], "texture": "#1"},
				"east": {"uv": [13, 0.75, 13.0625, 0.8125], "texture": "#1"},
				"south": {"uv": [10.5, 0, 11.28125, 0.0625], "texture": "#1"},
				"west": {"uv": [1, 13, 1.0625, 13.0625], "texture": "#1"},
				"up": {"uv": [11.28125, 7.3125, 10.5, 7.25], "texture": "#1"},
				"down": {"uv": [5.28125, 10.625, 4.5, 10.6875], "texture": "#1"}
			}
		},
		{
			"from": [3.59402, -4.32, -2.14],
			"to": [11.09402, -3.72, -1.54],
			"rotation": {"angle": -45, "axis": "y", "origin": [6.98402, -4.32, -1.65303]},
			"faces": {
				"north": {"uv": [10.625, 5.25, 11.40625, 5.3125], "texture": "#1"},
				"east": {"uv": [6.875, 13, 6.9375, 13.0625], "texture": "#1"},
				"south": {"uv": [10.625, 5.5, 11.40625, 5.5625], "texture": "#1"},
				"west": {"uv": [13, 7, 13.0625, 7.0625], "texture": "#1"},
				"up": {"uv": [11.40625, 5.8125, 10.625, 5.75], "texture": "#1"},
				"down": {"uv": [11.40625, 6, 10.625, 6.0625], "texture": "#1"}
			}
		},
		{
			"from": [11.1979, 4.092, -5.67275],
			"to": [11.7979, 4.68, -0.87275],
			"rotation": {"angle": 45, "axis": "y", "origin": [11.1979, 4.092, -1.47275]},
			"faces": {
				"north": {"uv": [13, 1, 13.0625, 1.0625], "texture": "#1"},
				"east": {"uv": [11.625, 6, 12.125, 6.0625], "texture": "#1"},
				"south": {"uv": [1.25, 13, 1.3125, 13.0625], "texture": "#1"},
				"west": {"uv": [7.25, 11.625, 7.75, 11.6875], "texture": "#1"},
				"up": {"uv": [0.8125, 12.125, 0.75, 11.625], "texture": "#1"},
				"down": {"uv": [2.5625, 11.625, 2.5, 12.125], "texture": "#1"}
			}
		},
		{
			"from": [5.09496, 4.092, -5.67275],
			"to": [5.69496, 4.68, -0.87275],
			"rotation": {"angle": -45, "axis": "y", "origin": [5.69496, 4.092, -1.47275]},
			"faces": {
				"north": {"uv": [13, 1.25, 13.0625, 1.3125], "texture": "#1"},
				"east": {"uv": [11.625, 7.5, 12.125, 7.5625], "texture": "#1"},
				"south": {"uv": [1.5, 13, 1.5625, 13.0625], "texture": "#1"},
				"west": {"uv": [11.75, 9.75, 12.25, 9.8125], "texture": "#1"},
				"up": {"uv": [7.9375, 12.125, 7.875, 11.625], "texture": "#1"},
				"down": {"uv": [1.3125, 11.75, 1.25, 12.25], "texture": "#1"}
			}
		},
		{
			"from": [3.94473, -1.71868, -4.78228],
			"to": [4.54473, -1.11868, 2.41772],
			"rotation": {"angle": -45, "axis": "x", "origin": [4.24473, -1.71868, -1.30228]},
			"faces": {
				"north": {"uv": [13, 1.5, 13.0625, 1.5625], "texture": "#1"},
				"east": {"uv": [10.625, 6.25, 11.375, 6.3125], "texture": "#1"},
				"south": {"uv": [13, 1.75, 13.0625, 1.8125], "texture": "#1"},
				"west": {"uv": [10.75, 7.5, 11.5, 7.5625], "texture": "#1"},
				"up": {"uv": [6.0625, 11.375, 6, 10.625], "texture": "#1"},
				"down": {"uv": [6.3125, 10.625, 6.25, 11.375], "texture": "#1"}
			}
		},
		{
			"from": [12.34473, -1.71868, -4.78228],
			"to": [12.94473, -1.11868, 2.41772],
			"rotation": {"angle": -45, "axis": "x", "origin": [4.24473, -1.71868, -1.30228]},
			"faces": {
				"north": {"uv": [1.75, 13.125, 1.8125, 13.1875], "texture": "#1"},
				"east": {"uv": [11, 4, 11.75, 4.0625], "texture": "#1"},
				"south": {"uv": [2, 13.125, 2.0625, 13.1875], "texture": "#1"},
				"west": {"uv": [11, 4.25, 11.75, 4.3125], "texture": "#1"},
				"up": {"uv": [1.8125, 11.75, 1.75, 11], "texture": "#1"},
				"down": {"uv": [9.9375, 11, 9.875, 11.75], "texture": "#1"}
			}
		},
		{
			"from": [7.84495, -15.6, -5.3203],
			"to": [9.04495, 4.8, -4.1203],
			"rotation": {"angle": 22.5, "axis": "x", "origin": [8.32495, 4.08, -4.8403]},
			"faces": {
				"north": {"uv": [6.375, 6.375, 6.5, 8.5], "texture": "#1"},
				"east": {"uv": [1.75, 6.5, 1.875, 8.625], "texture": "#1"},
				"south": {"uv": [2, 6.5, 2.125, 8.625], "texture": "#1"},
				"west": {"uv": [2.25, 6.5, 2.375, 8.625], "texture": "#1"},
				"up": {"uv": [3.75, 7.875, 3.625, 7.75], "texture": "#1"},
				"down": {"uv": [0.875, 8.25, 0.75, 8.375], "texture": "#1"}
			}
		},
		{
			"from": [8.14495, -4.06985, -2.80096],
			"to": [8.74495, 4.33015, -2.20096],
			"rotation": {"angle": -22.5, "axis": "x", "origin": [8.67418, 0.13015, -3.40096]},
			"faces": {
				"north": {"uv": [9.125, 10.5, 9.1875, 11.375], "texture": "#1"},
				"east": {"uv": [9.375, 10.5, 9.4375, 11.375], "texture": "#1"},
				"south": {"uv": [10.5, 10.375, 10.5625, 11.25], "texture": "#1"},
				"west": {"uv": [2.5, 10.625, 2.5625, 11.5], "texture": "#1"},
				"up": {"uv": [13.0625, 2.0625, 13, 2], "texture": "#1"},
				"down": {"uv": [13.0625, 2.25, 13, 2.3125], "texture": "#1"}
			}
		},
		{
			"from": [6.64495, -14.52858, -13.95489],
			"to": [10.24495, -13.92858, -10.35489],
			"rotation": {"angle": 0, "axis": "y", "origin": [-0.67505, -4.74858, -2.85489]},
			"faces": {
				"north": {"uv": [12.25, 7.125, 12.625, 7.1875], "texture": "#1"},
				"east": {"uv": [12.25, 7.375, 12.625, 7.4375], "texture": "#1"},
				"south": {"uv": [7.75, 12.25, 8.125, 12.3125], "texture": "#1"},
				"west": {"uv": [8.5, 12.25, 8.875, 12.3125], "texture": "#1"},
				"up": {"uv": [6.625, 1.875, 6.25, 1.5], "texture": "#1"},
				"down": {"uv": [2.125, 8.75, 1.75, 9.125], "texture": "#1"}
			}
		},
		{
			"from": [14.60539, -4.32, 10.64816],
			"to": [20.90539, -3.72, 11.24816],
			"rotation": {"angle": -22.5, "axis": "y", "origin": [16.25539, -4.32, 10.94816]},
			"faces": {
				"north": {"uv": [11, 8, 11.65625, 8.0625], "texture": "#1"},
				"east": {"uv": [13, 0.25, 13.0625, 0.3125], "texture": "#1"},
				"south": {"uv": [11, 6.75, 11.65625, 6.8125], "texture": "#1"},
				"west": {"uv": [0.5, 13, 0.5625, 13.0625], "texture": "#1"},
				"up": {"uv": [10.1875, 11.65625, 10.125, 11], "rotation": 90, "texture": "#1"},
				"down": {"uv": [11.0625, 10.875, 11, 11.53125], "rotation": 270, "texture": "#1"}
			}
		},
		{
			"from": [14.60539, -4.32, 5.00337],
			"to": [20.90539, -3.72, 5.60337],
			"rotation": {"angle": 22.5, "axis": "y", "origin": [16.25539, -4.32, 5.30337]},
			"faces": {
				"north": {"uv": [11.25, 8.75, 11.90625, 8.8125], "texture": "#1"},
				"east": {"uv": [13, 6.5, 13.0625, 6.5625], "texture": "#1"},
				"south": {"uv": [11.25, 8.5, 11.90625, 8.5625], "texture": "#1"},
				"west": {"uv": [6.625, 13, 6.6875, 13.0625], "texture": "#1"},
				"up": {"uv": [8.6875, 11.78125, 8.625, 11.125], "rotation": 90, "texture": "#1"},
				"down": {"uv": [8.9375, 11.125, 8.875, 11.78125], "rotation": 270, "texture": "#1"}
			}
		},
		{
			"from": [19.30188, -4.32, 10.26529],
			"to": [25.60188, -3.72, 10.86529],
			"rotation": {"angle": 45, "axis": "y", "origin": [22.45188, -4.32, 10.56529]},
			"faces": {
				"north": {"uv": [7.75, 11.125, 8.40625, 11.1875], "texture": "#1"},
				"east": {"uv": [13, 0.5, 13.0625, 0.5625], "texture": "#1"},
				"south": {"uv": [11, 8.25, 11.65625, 8.3125], "texture": "#1"},
				"west": {"uv": [0.75, 13, 0.8125, 13.0625], "texture": "#1"},
				"up": {"uv": [0.0625, 11.78125, 0, 11.125], "rotation": 90, "texture": "#1"},
				"down": {"uv": [1.5625, 11.125, 1.5, 11.78125], "rotation": 270, "texture": "#1"}
			}
		},
		{
			"from": [19.30188, -4.32, 5.38626],
			"to": [25.60188, -3.72, 5.98626],
			"rotation": {"angle": -45, "axis": "y", "origin": [22.45188, -4.32, 5.68626]},
			"faces": {
				"north": {"uv": [5, 11.25, 5.65625, 11.3125], "texture": "#1"},
				"east": {"uv": [6, 13, 6.0625, 13.0625], "texture": "#1"},
				"south": {"uv": [2.75, 11.25, 3.40625, 11.3125], "texture": "#1"},
				"west": {"uv": [13, 6.25, 13.0625, 6.3125], "texture": "#1"},
				"up": {"uv": [2.0625, 11.78125, 2, 11.125], "rotation": 90, "texture": "#1"},
				"down": {"uv": [2.3125, 11.125, 2.25, 11.78125], "rotation": 270, "texture": "#1"}
			}
		},
		{
			"from": [18.11368, -4.32, 5.4767],
			"to": [18.71368, -3.72, 12.9767],
			"rotation": {"angle": 45, "axis": "y", "origin": [18.22671, -4.32, 9.5867]},
			"faces": {
				"north": {"uv": [1, 13, 1.0625, 13.0625], "texture": "#1"},
				"east": {"uv": [10.375, 9.5, 11.15625, 9.5625], "texture": "#1"},
				"south": {"uv": [13, 0.75, 13.0625, 0.8125], "texture": "#1"},
				"west": {"uv": [10.5, 0, 11.28125, 0.0625], "texture": "#1"},
				"up": {"uv": [11.28125, 7.3125, 10.5, 7.25], "rotation": 90, "texture": "#1"},
				"down": {"uv": [5.28125, 10.625, 4.5, 10.6875], "rotation": 270, "texture": "#1"}
			}
		},
		{
			"from": [18.11368, -4.32, 3.27484],
			"to": [18.71368, -3.72, 10.77484],
			"rotation": {"angle": -45, "axis": "y", "origin": [18.22671, -4.32, 6.66484]},
			"faces": {
				"north": {"uv": [13, 7, 13.0625, 7.0625], "texture": "#1"},
				"east": {"uv": [10.625, 5.25, 11.40625, 5.3125], "texture": "#1"},
				"south": {"uv": [6.875, 13, 6.9375, 13.0625], "texture": "#1"},
				"west": {"uv": [10.625, 5.5, 11.40625, 5.5625], "texture": "#1"},
				"up": {"uv": [11.40625, 5.8125, 10.625, 5.75], "rotation": 90, "texture": "#1"},
				"down": {"uv": [11.40625, 6, 10.625, 6.0625], "rotation": 270, "texture": "#1"}
			}
		},
		{
			"from": [17.44642, 4.092, 10.87873],
			"to": [22.24642, 4.68, 11.47873],
			"rotation": {"angle": 45, "axis": "y", "origin": [18.04642, 4.092, 10.87873]},
			"faces": {
				"north": {"uv": [7.25, 11.625, 7.75, 11.6875], "texture": "#1"},
				"east": {"uv": [13, 1, 13.0625, 1.0625], "texture": "#1"},
				"south": {"uv": [11.625, 6, 12.125, 6.0625], "texture": "#1"},
				"west": {"uv": [1.25, 13, 1.3125, 13.0625], "texture": "#1"},
				"up": {"uv": [0.8125, 12.125, 0.75, 11.625], "rotation": 90, "texture": "#1"},
				"down": {"uv": [2.5625, 11.625, 2.5, 12.125], "rotation": 270, "texture": "#1"}
			}
		},
		{
			"from": [17.44642, 4.092, 4.77578],
			"to": [22.24642, 4.68, 5.37578],
			"rotation": {"angle": -45, "axis": "y", "origin": [18.04642, 4.092, 5.37578]},
			"faces": {
				"north": {"uv": [11.75, 9.75, 12.25, 9.8125], "texture": "#1"},
				"east": {"uv": [13, 1.25, 13.0625, 1.3125], "texture": "#1"},
				"south": {"uv": [11.625, 7.5, 12.125, 7.5625], "texture": "#1"},
				"west": {"uv": [1.5, 13, 1.5625, 13.0625], "texture": "#1"},
				"up": {"uv": [7.9375, 12.125, 7.875, 11.625], "rotation": 90, "texture": "#1"},
				"down": {"uv": [1.3125, 11.75, 1.25, 12.25], "rotation": 270, "texture": "#1"}
			}
		},
		{
			"from": [14.15596, -1.71868, 3.62556],
			"to": [21.35596, -1.11868, 4.22556],
			"rotation": {"angle": -45, "axis": "z", "origin": [17.87596, -1.71868, 3.92556]},
			"faces": {
				"north": {"uv": [10.75, 7.5, 11.5, 7.5625], "texture": "#1"},
				"east": {"uv": [13, 1.5, 13.0625, 1.5625], "texture": "#1"},
				"south": {"uv": [10.625, 6.25, 11.375, 6.3125], "texture": "#1"},
				"west": {"uv": [13, 1.75, 13.0625, 1.8125], "texture": "#1"},
				"up": {"uv": [6.0625, 11.375, 6, 10.625], "rotation": 90, "texture": "#1"},
				"down": {"uv": [6.3125, 10.625, 6.25, 11.375], "rotation": 270, "texture": "#1"}
			}
		},
		{
			"from": [14.15596, -1.71868, 12.02556],
			"to": [21.35596, -1.11868, 12.62556],
			"rotation": {"angle": -45, "axis": "z", "origin": [17.87596, -1.71868, 3.92556]},
			"faces": {
				"north": {"uv": [11, 4.25, 11.75, 4.3125], "texture": "#1"},
				"east": {"uv": [1.75, 13.125, 1.8125, 13.1875], "texture": "#1"},
				"south": {"uv": [11, 4, 11.75, 4.0625], "texture": "#1"},
				"west": {"uv": [2, 13.125, 2.0625, 13.1875], "texture": "#1"},
				"up": {"uv": [1.8125, 11.75, 1.75, 11], "rotation": 90, "texture": "#1"},
				"down": {"uv": [9.9375, 11, 9.875, 11.75], "rotation": 270, "texture": "#1"}
			}
		},
		{
			"from": [20.69398, -15.6, 7.52577],
			"to": [21.89398, 4.8, 8.72577],
			"rotation": {"angle": 22.5, "axis": "z", "origin": [21.41398, 4.08, 8.00577]},
			"faces": {
				"north": {"uv": [2.25, 6.5, 2.375, 8.625], "texture": "#1"},
				"east": {"uv": [6.375, 6.375, 6.5, 8.5], "texture": "#1"},
				"south": {"uv": [1.75, 6.5, 1.875, 8.625], "texture": "#1"},
				"west": {"uv": [2, 6.5, 2.125, 8.625], "texture": "#1"},
				"up": {"uv": [3.75, 7.875, 3.625, 7.75], "rotation": 90, "texture": "#1"},
				"down": {"uv": [0.875, 8.25, 0.75, 8.375], "rotation": 270, "texture": "#1"}
			}
		},
		{
			"from": [18.77464, -4.06985, 7.82577],
			"to": [19.37464, 4.33015, 8.42577],
			"rotation": {"angle": -22.5, "axis": "z", "origin": [19.97464, 0.13015, 8.35501]},
			"faces": {
				"north": {"uv": [2.5, 10.625, 2.5625, 11.5], "texture": "#1"},
				"east": {"uv": [9.125, 10.5, 9.1875, 11.375], "texture": "#1"},
				"south": {"uv": [9.375, 10.5, 9.4375, 11.375], "texture": "#1"},
				"west": {"uv": [10.5, 10.375, 10.5625, 11.25], "texture": "#1"},
				"up": {"uv": [13.0625, 2.0625, 13, 2], "rotation": 90, "texture": "#1"},
				"down": {"uv": [13.0625, 2.25, 13, 2.3125], "rotation": 270, "texture": "#1"}
			}
		},
		{
			"from": [26.92857, -14.52858, 6.32577],
			"to": [30.52857, -13.92858, 9.92577],
			"rotation": {"angle": 0, "axis": "y", "origin": [19.42857, -4.74858, -0.99423]},
			"faces": {
				"north": {"uv": [8.5, 12.25, 8.875, 12.3125], "texture": "#1"},
				"east": {"uv": [12.25, 7.125, 12.625, 7.1875], "texture": "#1"},
				"south": {"uv": [12.25, 7.375, 12.625, 7.4375], "texture": "#1"},
				"west": {"uv": [7.75, 12.25, 8.125, 12.3125], "texture": "#1"},
				"up": {"uv": [6.625, 1.875, 6.25, 1.5], "rotation": 90, "texture": "#1"},
				"down": {"uv": [2.125, 8.75, 1.75, 9.125], "rotation": 270, "texture": "#1"}
			}
		},
		{
			"from": [-4.01253, -4.32, 10.64816],
			"to": [2.28747, -3.72, 11.24816],
			"rotation": {"angle": 22.5, "axis": "y", "origin": [0.63747, -4.32, 10.94816]},
			"faces": {
				"north": {"uv": [11.65625, 8, 11, 8.0625], "texture": "#1"},
				"east": {"uv": [0.5625, 13, 0.5, 13.0625], "texture": "#1"},
				"south": {"uv": [11.65625, 6.75, 11, 6.8125], "texture": "#1"},
				"west": {"uv": [13.0625, 0.25, 13, 0.3125], "texture": "#1"},
				"up": {"uv": [10.1875, 11, 10.125, 11.65625], "rotation": 90, "texture": "#1"},
				"down": {"uv": [11.0625, 11.53125, 11, 10.875], "rotation": 270, "texture": "#1"}
			}
		},
		{
			"from": [-4.01253, -4.32, 5.00337],
			"to": [2.28747, -3.72, 5.60337],
			"rotation": {"angle": -22.5, "axis": "y", "origin": [0.63747, -4.32, 5.30337]},
			"faces": {
				"north": {"uv": [11.90625, 8.75, 11.25, 8.8125], "texture": "#1"},
				"east": {"uv": [6.6875, 13, 6.625, 13.0625], "texture": "#1"},
				"south": {"uv": [11.90625, 8.5, 11.25, 8.5625], "texture": "#1"},
				"west": {"uv": [13.0625, 6.5, 13, 6.5625], "texture": "#1"},
				"up": {"uv": [8.6875, 11.125, 8.625, 11.78125], "rotation": 90, "texture": "#1"},
				"down": {"uv": [8.9375, 11.78125, 8.875, 11.125], "rotation": 270, "texture": "#1"}
			}
		},
		{
			"from": [-8.70902, -4.32, 10.26529],
			"to": [-2.40902, -3.72, 10.86529],
			"rotation": {"angle": -45, "axis": "y", "origin": [-5.55902, -4.32, 10.56529]},
			"faces": {
				"north": {"uv": [8.40625, 11.125, 7.75, 11.1875], "texture": "#1"},
				"east": {"uv": [0.8125, 13, 0.75, 13.0625], "texture": "#1"},
				"south": {"uv": [11.65625, 8.25, 11, 8.3125], "texture": "#1"},
				"west": {"uv": [13.0625, 0.5, 13, 0.5625], "texture": "#1"},
				"up": {"uv": [0.0625, 11.125, 0, 11.78125], "rotation": 90, "texture": "#1"},
				"down": {"uv": [1.5625, 11.78125, 1.5, 11.125], "rotation": 270, "texture": "#1"}
			}
		},
		{
			"from": [-8.70902, -4.32, 5.38626],
			"to": [-2.40902, -3.72, 5.98626],
			"rotation": {"angle": 45, "axis": "y", "origin": [-5.55902, -4.32, 5.68626]},
			"faces": {
				"north": {"uv": [5.65625, 11.25, 5, 11.3125], "texture": "#1"},
				"east": {"uv": [13.0625, 6.25, 13, 6.3125], "texture": "#1"},
				"south": {"uv": [3.40625, 11.25, 2.75, 11.3125], "texture": "#1"},
				"west": {"uv": [6.0625, 13, 6, 13.0625], "texture": "#1"},
				"up": {"uv": [2.0625, 11.125, 2, 11.78125], "rotation": 90, "texture": "#1"},
				"down": {"uv": [2.3125, 11.78125, 2.25, 11.125], "rotation": 270, "texture": "#1"}
			}
		},
		{
			"from": [-1.82082, -4.32, 5.4767],
			"to": [-1.22082, -3.72, 12.9767],
			"rotation": {"angle": -45, "axis": "y", "origin": [-1.33385, -4.32, 9.5867]},
			"faces": {
				"north": {"uv": [1.0625, 13, 1, 13.0625], "texture": "#1"},
				"east": {"uv": [11.28125, 0, 10.5, 0.0625], "texture": "#1"},
				"south": {"uv": [13.0625, 0.75, 13, 0.8125], "texture": "#1"},
				"west": {"uv": [11.15625, 9.5, 10.375, 9.5625], "texture": "#1"},
				"up": {"uv": [11.28125, 7.25, 10.5, 7.3125], "rotation": 90, "texture": "#1"},
				"down": {"uv": [5.28125, 10.6875, 4.5, 10.625], "rotation": 270, "texture": "#1"}
			}
		},
		{
			"from": [-1.82082, -4.32, 3.27484],
			"to": [-1.22082, -3.72, 10.77484],
			"rotation": {"angle": 45, "axis": "y", "origin": [-1.33385, -4.32, 6.66484]},
			"faces": {
				"north": {"uv": [13.0625, 7, 13, 7.0625], "texture": "#1"},
				"east": {"uv": [11.40625, 5.5, 10.625, 5.5625], "texture": "#1"},
				"south": {"uv": [6.9375, 13, 6.875, 13.0625], "texture": "#1"},
				"west": {"uv": [11.40625, 5.25, 10.625, 5.3125], "texture": "#1"},
				"up": {"uv": [11.40625, 5.75, 10.625, 5.8125], "rotation": 90, "texture": "#1"},
				"down": {"uv": [11.40625, 6.0625, 10.625, 6], "rotation": 270, "texture": "#1"}
			}
		},
		{
			"from": [-5.35358, 4.092, 10.87873],
			"to": [-0.55358, 4.68, 11.47873],
			"rotation": {"angle": -45, "axis": "y", "origin": [-1.15358, 4.092, 10.87873]},
			"faces": {
				"north": {"uv": [7.75, 11.625, 7.25, 11.6875], "texture": "#1"},
				"east": {"uv": [1.3125, 13, 1.25, 13.0625], "texture": "#1"},
				"south": {"uv": [12.125, 6, 11.625, 6.0625], "texture": "#1"},
				"west": {"uv": [13.0625, 1, 13, 1.0625], "texture": "#1"},
				"up": {"uv": [0.8125, 11.625, 0.75, 12.125], "rotation": 90, "texture": "#1"},
				"down": {"uv": [2.5625, 12.125, 2.5, 11.625], "rotation": 270, "texture": "#1"}
			}
		},
		{
			"from": [-5.35358, 4.092, 4.77578],
			"to": [-0.55358, 4.68, 5.37578],
			"rotation": {"angle": 45, "axis": "y", "origin": [-1.15358, 4.092, 5.37578]},
			"faces": {
				"north": {"uv": [12.25, 9.75, 11.75, 9.8125], "texture": "#1"},
				"east": {"uv": [1.5625, 13, 1.5, 13.0625], "texture": "#1"},
				"south": {"uv": [12.125, 7.5, 11.625, 7.5625], "texture": "#1"},
				"west": {"uv": [13.0625, 1.25, 13, 1.3125], "texture": "#1"},
				"up": {"uv": [7.9375, 11.625, 7.875, 12.125], "rotation": 90, "texture": "#1"},
				"down": {"uv": [1.3125, 12.25, 1.25, 11.75], "rotation": 270, "texture": "#1"}
			}
		},
		{
			"from": [-4.4631, -1.71868, 3.62556],
			"to": [2.7369, -1.11868, 4.22556],
			"rotation": {"angle": 45, "axis": "z", "origin": [-0.9831, -1.71868, 3.92556]},
			"faces": {
				"north": {"uv": [11.5, 7.5, 10.75, 7.5625], "texture": "#1"},
				"east": {"uv": [13.0625, 1.75, 13, 1.8125], "texture": "#1"},
				"south": {"uv": [11.375, 6.25, 10.625, 6.3125], "texture": "#1"},
				"west": {"uv": [13.0625, 1.5, 13, 1.5625], "texture": "#1"},
				"up": {"uv": [6.0625, 10.625, 6, 11.375], "rotation": 90, "texture": "#1"},
				"down": {"uv": [6.3125, 11.375, 6.25, 10.625], "rotation": 270, "texture": "#1"}
			}
		},
		{
			"from": [-4.4631, -1.71868, 12.02556],
			"to": [2.7369, -1.11868, 12.62556],
			"rotation": {"angle": 45, "axis": "z", "origin": [-0.9831, -1.71868, 3.92556]},
			"faces": {
				"north": {"uv": [11.75, 4.25, 11, 4.3125], "texture": "#1"},
				"east": {"uv": [2.0625, 13.125, 2, 13.1875], "texture": "#1"},
				"south": {"uv": [11.75, 4, 11, 4.0625], "texture": "#1"},
				"west": {"uv": [1.8125, 13.125, 1.75, 13.1875], "texture": "#1"},
				"up": {"uv": [1.8125, 11, 1.75, 11.75], "rotation": 90, "texture": "#1"},
				"down": {"uv": [9.9375, 11.75, 9.875, 11], "rotation": 270, "texture": "#1"}
			}
		},
		{
			"from": [-5.00112, -15.6, 7.52577],
			"to": [-3.80112, 4.8, 8.72577],
			"rotation": {"angle": -22.5, "axis": "z", "origin": [-4.52112, 4.08, 8.00577]},
			"faces": {
				"north": {"uv": [2.375, 6.5, 2.25, 8.625], "texture": "#1"},
				"east": {"uv": [2.125, 6.5, 2, 8.625], "texture": "#1"},
				"south": {"uv": [1.875, 6.5, 1.75, 8.625], "texture": "#1"},
				"west": {"uv": [6.5, 6.375, 6.375, 8.5], "texture": "#1"},
				"up": {"uv": [3.75, 7.75, 3.625, 7.875], "rotation": 90, "texture": "#1"},
				"down": {"uv": [0.875, 8.375, 0.75, 8.25], "rotation": 270, "texture": "#1"}
			}
		},
		{
			"from": [-2.48178, -4.06985, 7.82577],
			"to": [-1.88178, 4.33015, 8.42577],
			"rotation": {"angle": 22.5, "axis": "z", "origin": [-3.08178, 0.13015, 8.35501]},
			"faces": {
				"north": {"uv": [2.5625, 10.625, 2.5, 11.5], "texture": "#1"},
				"east": {"uv": [10.5625, 10.375, 10.5, 11.25], "texture": "#1"},
				"south": {"uv": [9.4375, 10.5, 9.375, 11.375], "texture": "#1"},
				"west": {"uv": [9.1875, 10.5, 9.125, 11.375], "texture": "#1"},
				"up": {"uv": [13.0625, 2, 13, 2.0625], "rotation": 90, "texture": "#1"},
				"down": {"uv": [13.0625, 2.3125, 13, 2.25], "rotation": 270, "texture": "#1"}
			}
		},
		{
			"from": [-13.63571, -14.52858, 6.32577],
			"to": [-10.03571, -13.92858, 9.92577],
			"rotation": {"angle": 0, "axis": "y", "origin": [-2.53571, -4.74858, -0.99423]},
			"faces": {
				"north": {"uv": [8.875, 12.25, 8.5, 12.3125], "texture": "#1"},
				"east": {"uv": [8.125, 12.25, 7.75, 12.3125], "texture": "#1"},
				"south": {"uv": [12.625, 7.375, 12.25, 7.4375], "texture": "#1"},
				"west": {"uv": [12.625, 7.125, 12.25, 7.1875], "texture": "#1"},
				"up": {"uv": [6.625, 1.5, 6.25, 1.875], "rotation": 90, "texture": "#1"},
				"down": {"uv": [2.125, 9.125, 1.75, 8.75], "rotation": 270, "texture": "#1"}
			}
		},
		{
			"from": [10.96734, -4.32, 14.28621],
			"to": [11.56734, -3.72, 20.58621],
			"rotation": {"angle": 22.5, "axis": "y", "origin": [11.26734, -4.32, 15.93621]},
			"faces": {
				"north": {"uv": [0.5625, 13, 0.5, 13.0625], "texture": "#1"},
				"east": {"uv": [11.65625, 6.75, 11, 6.8125], "texture": "#1"},
				"south": {"uv": [13.0625, 0.25, 13, 0.3125], "texture": "#1"},
				"west": {"uv": [11.65625, 8, 11, 8.0625], "texture": "#1"},
				"up": {"uv": [10.1875, 11, 10.125, 11.65625], "texture": "#1"},
				"down": {"uv": [11.0625, 11.53125, 11, 10.875], "texture": "#1"}
			}
		},
		{
			"from": [5.32255, -4.32, 14.28621],
			"to": [5.92255, -3.72, 20.58621],
			"rotation": {"angle": -22.5, "axis": "y", "origin": [5.62255, -4.32, 15.93621]},
			"faces": {
				"north": {"uv": [6.6875, 13, 6.625, 13.0625], "texture": "#1"},
				"east": {"uv": [11.90625, 8.5, 11.25, 8.5625], "texture": "#1"},
				"south": {"uv": [13.0625, 6.5, 13, 6.5625], "texture": "#1"},
				"west": {"uv": [11.90625, 8.75, 11.25, 8.8125], "texture": "#1"},
				"up": {"uv": [8.6875, 11.125, 8.625, 11.78125], "texture": "#1"},
				"down": {"uv": [8.9375, 11.78125, 8.875, 11.125], "texture": "#1"}
			}
		},
		{
			"from": [10.58446, -4.32, 18.9827],
			"to": [11.18446, -3.72, 25.2827],
			"rotation": {"angle": -45, "axis": "y", "origin": [10.88446, -4.32, 22.1327]},
			"faces": {
				"north": {"uv": [0.8125, 13, 0.75, 13.0625], "texture": "#1"},
				"east": {"uv": [11.65625, 8.25, 11, 8.3125], "texture": "#1"},
				"south": {"uv": [13.0625, 0.5, 13, 0.5625], "texture": "#1"},
				"west": {"uv": [8.40625, 11.125, 7.75, 11.1875], "texture": "#1"},
				"up": {"uv": [0.0625, 11.125, 0, 11.78125], "texture": "#1"},
				"down": {"uv": [1.5625, 11.78125, 1.5, 11.125], "texture": "#1"}
			}
		},
		{
			"from": [5.70542, -4.32, 18.9827],
			"to": [6.30542, -3.72, 25.2827],
			"rotation": {"angle": 45, "axis": "y", "origin": [6.00542, -4.32, 22.1327]},
			"faces": {
				"north": {"uv": [13.0625, 6.25, 13, 6.3125], "texture": "#1"},
				"east": {"uv": [3.40625, 11.25, 2.75, 11.3125], "texture": "#1"},
				"south": {"uv": [6.0625, 13, 6, 13.0625], "texture": "#1"},
				"west": {"uv": [5.65625, 11.25, 5, 11.3125], "texture": "#1"},
				"up": {"uv": [2.0625, 11.125, 2, 11.78125], "texture": "#1"},
				"down": {"uv": [2.3125, 11.78125, 2.25, 11.125], "texture": "#1"}
			}
		},
		{
			"from": [5.79586, -4.32, 17.79451],
			"to": [13.29586, -3.72, 18.39451],
			"rotation": {"angle": -45, "axis": "y", "origin": [9.90586, -4.32, 17.90754]},
			"faces": {
				"north": {"uv": [11.28125, 0, 10.5, 0.0625], "texture": "#1"},
				"east": {"uv": [13.0625, 0.75, 13, 0.8125], "texture": "#1"},
				"south": {"uv": [11.15625, 9.5, 10.375, 9.5625], "texture": "#1"},
				"west": {"uv": [1.0625, 13, 1, 13.0625], "texture": "#1"},
				"up": {"uv": [11.28125, 7.25, 10.5, 7.3125], "texture": "#1"},
				"down": {"uv": [5.28125, 10.6875, 4.5, 10.625], "texture": "#1"}
			}
		},
		{
			"from": [3.59402, -4.32, 17.79451],
			"to": [11.09402, -3.72, 18.39451],
			"rotation": {"angle": 45, "axis": "y", "origin": [6.98402, -4.32, 17.90754]},
			"faces": {
				"north": {"uv": [11.40625, 5.5, 10.625, 5.5625], "texture": "#1"},
				"east": {"uv": [6.9375, 13, 6.875, 13.0625], "texture": "#1"},
				"south": {"uv": [11.40625, 5.25, 10.625, 5.3125], "texture": "#1"},
				"west": {"uv": [13.0625, 7, 13, 7.0625], "texture": "#1"},
				"up": {"uv": [11.40625, 5.75, 10.625, 5.8125], "texture": "#1"},
				"down": {"uv": [11.40625, 6.0625, 10.625, 6], "texture": "#1"}
			}
		},
		{
			"from": [11.1979, 4.092, 17.12725],
			"to": [11.7979, 4.68, 21.92725],
			"rotation": {"angle": -45, "axis": "y", "origin": [11.1979, 4.092, 17.72725]},
			"faces": {
				"north": {"uv": [1.3125, 13, 1.25, 13.0625], "texture": "#1"},
				"east": {"uv": [12.125, 6, 11.625, 6.0625], "texture": "#1"},
				"south": {"uv": [13.0625, 1, 13, 1.0625], "texture": "#1"},
				"west": {"uv": [7.75, 11.625, 7.25, 11.6875], "texture": "#1"},
				"up": {"uv": [0.8125, 11.625, 0.75, 12.125], "texture": "#1"},
				"down": {"uv": [2.5625, 12.125, 2.5, 11.625], "texture": "#1"}
			}
		},
		{
			"from": [5.09496, 4.092, 17.12725],
			"to": [5.69496, 4.68, 21.92725],
			"rotation": {"angle": 45, "axis": "y", "origin": [5.69496, 4.092, 17.72725]},
			"faces": {
				"north": {"uv": [1.5625, 13, 1.5, 13.0625], "texture": "#1"},
				"east": {"uv": [12.125, 7.5, 11.625, 7.5625], "texture": "#1"},
				"south": {"uv": [13.0625, 1.25, 13, 1.3125], "texture": "#1"},
				"west": {"uv": [12.25, 9.75, 11.75, 9.8125], "texture": "#1"},
				"up": {"uv": [7.9375, 11.625, 7.875, 12.125], "texture": "#1"},
				"down": {"uv": [1.3125, 12.25, 1.25, 11.75], "texture": "#1"}
			}
		},
		{
			"from": [3.94473, -1.71868, 13.83679],
			"to": [4.54473, -1.11868, 21.03679],
			"rotation": {"angle": 45, "axis": "x", "origin": [4.24473, -1.71868, 17.55679]},
			"faces": {
				"north": {"uv": [13.0625, 1.75, 13, 1.8125], "texture": "#1"},
				"east": {"uv": [11.375, 6.25, 10.625, 6.3125], "texture": "#1"},
				"south": {"uv": [13.0625, 1.5, 13, 1.5625], "texture": "#1"},
				"west": {"uv": [11.5, 7.5, 10.75, 7.5625], "texture": "#1"},
				"up": {"uv": [6.0625, 10.625, 6, 11.375], "texture": "#1"},
				"down": {"uv": [6.3125, 11.375, 6.25, 10.625], "texture": "#1"}
			}
		},
		{
			"from": [12.34473, -1.71868, 13.83679],
			"to": [12.94473, -1.11868, 21.03679],
			"rotation": {"angle": 45, "axis": "x", "origin": [4.24473, -1.71868, 17.55679]},
			"faces": {
				"north": {"uv": [2.0625, 13.125, 2, 13.1875], "texture": "#1"},
				"east": {"uv": [11.75, 4, 11, 4.0625], "texture": "#1"},
				"south": {"uv": [1.8125, 13.125, 1.75, 13.1875], "texture": "#1"},
				"west": {"uv": [11.75, 4.25, 11, 4.3125], "texture": "#1"},
				"up": {"uv": [1.8125, 11, 1.75, 11.75], "texture": "#1"},
				"down": {"uv": [9.9375, 11.75, 9.875, 11], "texture": "#1"}
			}
		},
		{
			"from": [7.84495, -15.6, 20.37481],
			"to": [9.04495, 4.8, 21.57481],
			"rotation": {"angle": -22.5, "axis": "x", "origin": [8.32495, 4.08, 21.09481]},
			"faces": {
				"north": {"uv": [2.125, 6.5, 2, 8.625], "texture": "#1"},
				"east": {"uv": [1.875, 6.5, 1.75, 8.625], "texture": "#1"},
				"south": {"uv": [6.5, 6.375, 6.375, 8.5], "texture": "#1"},
				"west": {"uv": [2.375, 6.5, 2.25, 8.625], "texture": "#1"},
				"up": {"uv": [3.75, 7.75, 3.625, 7.875], "texture": "#1"},
				"down": {"uv": [0.875, 8.375, 0.75, 8.25], "texture": "#1"}
			}
		},
		{
			"from": [8.14495, -4.06985, 18.45547],
			"to": [8.74495, 4.33015, 19.05547],
			"rotation": {"angle": 22.5, "axis": "x", "origin": [8.67418, 0.13015, 19.65547]},
			"faces": {
				"north": {"uv": [10.5625, 10.375, 10.5, 11.25], "texture": "#1"},
				"east": {"uv": [9.4375, 10.5, 9.375, 11.375], "texture": "#1"},
				"south": {"uv": [9.1875, 10.5, 9.125, 11.375], "texture": "#1"},
				"west": {"uv": [2.5625, 10.625, 2.5, 11.5], "texture": "#1"},
				"up": {"uv": [13.0625, 2, 13, 2.0625], "texture": "#1"},
				"down": {"uv": [13.0625, 2.3125, 13, 2.25], "texture": "#1"}
			}
		},
		{
			"from": [6.64495, -14.52858, 26.6094],
			"to": [10.24495, -13.92858, 30.2094],
			"rotation": {"angle": 0, "axis": "y", "origin": [-0.67505, -4.74858, 19.1094]},
			"faces": {
				"north": {"uv": [8.125, 12.25, 7.75, 12.3125], "texture": "#1"},
				"east": {"uv": [12.625, 7.375, 12.25, 7.4375], "texture": "#1"},
				"south": {"uv": [12.625, 7.125, 12.25, 7.1875], "texture": "#1"},
				"west": {"uv": [8.875, 12.25, 8.5, 12.3125], "texture": "#1"},
				"up": {"uv": [6.625, 1.5, 6.25, 1.875], "texture": "#1"},
				"down": {"uv": [2.125, 9.125, 1.75, 8.75], "texture": "#1"}
			}
		},
		{
			"from": [6.68, 3.6, -5.9203],
			"to": [10.28, 4.2, -5.3203],
			"rotation": {"angle": 22.5, "axis": "x", "origin": [8, 4.2, -4.8403]},
			"faces": {
				"north": {"uv": [12.375, 5.75, 12.75, 5.8125], "texture": "#1"},
				"east": {"uv": [8.625, 13, 8.6875, 13.0625], "texture": "#1"},
				"south": {"uv": [12.375, 9.75, 12.75, 9.8125], "texture": "#1"},
				"west": {"uv": [13, 8.625, 13.0625, 8.6875], "texture": "#1"},
				"up": {"uv": [12.75, 11.6875, 12.375, 11.625], "texture": "#1"},
				"down": {"uv": [12.75, 11.875, 12.375, 11.9375], "texture": "#1"}
			}
		},
		{
			"from": [6.68, 1.8, -5.9203],
			"to": [10.28, 2.4, -5.3203],
			"rotation": {"angle": 22.5, "axis": "x", "origin": [8, 4.2, -4.8403]},
			"faces": {
				"north": {"uv": [12.375, 12.125, 12.75, 12.1875], "texture": "#1"},
				"east": {"uv": [13, 8.875, 13.0625, 8.9375], "texture": "#1"},
				"south": {"uv": [12.375, 12.375, 12.75, 12.4375], "texture": "#1"},
				"west": {"uv": [13, 9.125, 13.0625, 9.1875], "texture": "#1"},
				"up": {"uv": [12.875, 0.3125, 12.5, 0.25], "texture": "#1"},
				"down": {"uv": [12.875, 0.5, 12.5, 0.5625], "texture": "#1"}
			}
		},
		{
			"from": [6.68, 0, -5.9203],
			"to": [10.28, 0.6, -5.3203],
			"rotation": {"angle": 22.5, "axis": "x", "origin": [8, 4.2, -4.8403]},
			"faces": {
				"north": {"uv": [12.5, 1.75, 12.875, 1.8125], "texture": "#1"},
				"east": {"uv": [9.25, 13, 9.3125, 13.0625], "texture": "#1"},
				"south": {"uv": [12.5, 2, 12.875, 2.0625], "texture": "#1"},
				"west": {"uv": [10.125, 13, 10.1875, 13.0625], "texture": "#1"},
				"up": {"uv": [12.875, 2.3125, 12.5, 2.25], "texture": "#1"},
				"down": {"uv": [12.875, 2.5, 12.5, 2.5625], "texture": "#1"}
			}
		},
		{
			"from": [6.68, -1.8, -5.9203],
			"to": [10.28, -1.2, -5.3203],
			"rotation": {"angle": 22.5, "axis": "x", "origin": [8, 4.2, -4.8403]},
			"faces": {
				"north": {"uv": [12.5, 2.75, 12.875, 2.8125], "texture": "#1"},
				"east": {"uv": [13, 10.25, 13.0625, 10.3125], "texture": "#1"},
				"south": {"uv": [12.5, 3, 12.875, 3.0625], "texture": "#1"},
				"west": {"uv": [10.375, 13, 10.4375, 13.0625], "texture": "#1"},
				"up": {"uv": [12.875, 3.3125, 12.5, 3.25], "texture": "#1"},
				"down": {"uv": [12.875, 3.5, 12.5, 3.5625], "texture": "#1"}
			}
		},
		{
			"from": [6.68, -3.6, -5.9203],
			"to": [10.28, -3, -5.3203],
			"rotation": {"angle": 22.5, "axis": "x", "origin": [8, 4.2, -4.8403]},
			"faces": {
				"north": {"uv": [12.5, 3.75, 12.875, 3.8125], "texture": "#1"},
				"east": {"uv": [13, 10.5, 13.0625, 10.5625], "texture": "#1"},
				"south": {"uv": [4, 12.5, 4.375, 12.5625], "texture": "#1"},
				"west": {"uv": [10.875, 13, 10.9375, 13.0625], "texture": "#1"},
				"up": {"uv": [12.875, 4.0625, 12.5, 4], "texture": "#1"},
				"down": {"uv": [12.875, 4.25, 12.5, 4.3125], "texture": "#1"}
			}
		},
		{
			"from": [6.68, -5.4, -5.9203],
			"to": [10.28, -4.8, -5.3203],
			"rotation": {"angle": 22.5, "axis": "x", "origin": [8, 4.2, -4.8403]},
			"faces": {
				"north": {"uv": [5.875, 12.5, 6.25, 12.5625], "texture": "#1"},
				"east": {"uv": [13, 11, 13.0625, 11.0625], "texture": "#1"},
				"south": {"uv": [7.125, 12.5, 7.5, 12.5625], "texture": "#1"},
				"west": {"uv": [11.125, 13, 11.1875, 13.0625], "texture": "#1"},
				"up": {"uv": [8, 12.5625, 7.625, 12.5], "texture": "#1"},
				"down": {"uv": [8.875, 12.5, 8.5, 12.5625], "texture": "#1"}
			}
		},
		{
			"from": [6.68, -7.2, -5.9203],
			"to": [10.28, -6.6, -5.3203],
			"rotation": {"angle": 22.5, "axis": "x", "origin": [8, 4.2, -4.8403]},
			"faces": {
				"north": {"uv": [2, 12.625, 2.375, 12.6875], "texture": "#1"},
				"east": {"uv": [13, 12.625, 13.0625, 12.6875], "texture": "#1"},
				"south": {"uv": [12.625, 4.75, 13, 4.8125], "texture": "#1"},
				"west": {"uv": [13, 12.875, 13.0625, 12.9375], "texture": "#1"},
				"up": {"uv": [13, 5.0625, 12.625, 5], "texture": "#1"},
				"down": {"uv": [13, 5.25, 12.625, 5.3125], "texture": "#1"}
			}
		},
		{
			"from": [6.08, -7.8, -5.9203],
			"to": [6.68, 4.8, -5.3203],
			"rotation": {"angle": 22.5, "axis": "x", "origin": [8, 4.2, -4.8403]},
			"faces": {
				"north": {"uv": [8.375, 9.625, 8.4375, 10.9375], "texture": "#1"},
				"east": {"uv": [8.625, 9.625, 8.6875, 10.9375], "texture": "#1"},
				"south": {"uv": [8.875, 9.625, 8.9375, 10.9375], "texture": "#1"},
				"west": {"uv": [5.75, 9.75, 5.8125, 11.0625], "texture": "#1"},
				"up": {"uv": [8.4375, 13.0625, 8.375, 13], "texture": "#1"},
				"down": {"uv": [13.0625, 8.375, 13, 8.4375], "texture": "#1"}
			}
		},
		{
			"from": [10.28, -7.8, -5.9203],
			"to": [10.88, 4.8, -5.3203],
			"rotation": {"angle": 22.5, "axis": "x", "origin": [8, 4.2, -4.8403]},
			"faces": {
				"north": {"uv": [7.5, 9.375, 7.5625, 10.6875], "texture": "#1"},
				"east": {"uv": [7.75, 9.375, 7.8125, 10.6875], "texture": "#1"},
				"south": {"uv": [9.625, 4, 9.6875, 5.3125], "texture": "#1"},
				"west": {"uv": [9.625, 5.5, 9.6875, 6.8125], "texture": "#1"},
				"up": {"uv": [8.1875, 13.0625, 8.125, 13], "texture": "#1"},
				"down": {"uv": [13.0625, 8.125, 13, 8.1875], "texture": "#1"}
			}
		},
		{
			"from": [4.84642, -3.6, -1.47275],
			"to": [12.04642, 4.8, 0.92725],
			"rotation": {"angle": 0, "axis": "y", "origin": [20.44642, 6, 8.12725]},
			"faces": {
				"north": {"uv": [0, 5.125, 0.75, 6], "texture": "#1"},
				"east": {"uv": [2.5, 7.625, 2.75, 8.5], "texture": "#1"},
				"south": {"uv": [5.375, 0, 6.125, 0.875], "texture": "#1"},
				"west": {"uv": [6.625, 7.625, 6.875, 8.5], "texture": "#1"},
				"up": {"uv": [9.25, 7, 8.5, 6.75], "texture": "#1"},
				"down": {"uv": [9.25, 7.125, 8.5, 7.375], "texture": "#1"}
			}
		},
		{
			"from": [4.84642, -3.6, 15.32725],
			"to": [12.04642, 4.8, 17.72725],
			"rotation": {"angle": 0, "axis": "y", "origin": [20.44642, 6, 26.12725]},
			"faces": {
				"north": {"uv": [5.375, 1, 6.125, 1.875], "texture": "#1"},
				"east": {"uv": [2.875, 7.75, 3.125, 8.625], "texture": "#1"},
				"south": {"uv": [1.875, 5.5, 2.625, 6.375], "texture": "#1"},
				"west": {"uv": [3.25, 7.75, 3.5, 8.625], "texture": "#1"},
				"up": {"uv": [9.25, 7.75, 8.5, 7.5], "texture": "#1"},
				"down": {"uv": [9.25, 7.875, 8.5, 8.125], "texture": "#1"}
			}
		},
		{
			"from": [2.44642, 4.776, 12.92725],
			"to": [14.44642, 4.788, 15.32725],
			"rotation": {"angle": 0, "axis": "y", "origin": [20.44642, 6, 23.72725]},
			"faces": {
				"north": {"uv": [11.375, 0.75, 12.625, 0.78125], "texture": "#1"},
				"east": {"uv": [4.625, 12.875, 4.875, 12.90625], "texture": "#1"},
				"south": {"uv": [11.375, 1, 12.625, 1.03125], "texture": "#1"},
				"west": {"uv": [5.375, 12.875, 5.625, 12.90625], "texture": "#1"},
				"up": {"uv": [7.5, 0.25, 6.25, 0], "texture": "#1"},
				"down": {"uv": [7.5, 0.375, 6.25, 0.625], "texture": "#1"}
			}
		},
		{
			"from": [2.44642, 4.776, 0.92725],
			"to": [14.44642, 4.788, 3.32725],
			"rotation": {"angle": 0, "axis": "y", "origin": [20.44642, 6, 11.72725]},
			"faces": {
				"north": {"uv": [11.375, 1.25, 12.625, 1.28125], "texture": "#1"},
				"east": {"uv": [12.875, 5.75, 13.125, 5.78125], "texture": "#1"},
				"south": {"uv": [11.375, 1.5, 12.625, 1.53125], "texture": "#1"},
				"west": {"uv": [12.875, 6, 13.125, 6.03125], "texture": "#1"},
				"up": {"uv": [7.5, 1, 6.25, 0.75], "texture": "#1"},
				"down": {"uv": [7.5, 1.125, 6.25, 1.375], "texture": "#1"}
			}
		},
		{
			"from": [1.24642, 4.776, 3.32725],
			"to": [15.64642, 4.788, 12.92725],
			"rotation": {"angle": 0, "axis": "y", "origin": [20.44642, 6, 21.32725]},
			"faces": {
				"north": {"uv": [10.75, 10.375, 12.25, 10.40625], "texture": "#1"},
				"east": {"uv": [11.75, 10, 12.75, 10.03125], "texture": "#1"},
				"south": {"uv": [10.75, 10.625, 12.25, 10.65625], "texture": "#1"},
				"west": {"uv": [11.75, 11.375, 12.75, 11.40625], "texture": "#1"},
				"up": {"uv": [1.5, 3.75, 0, 2.75], "texture": "#1"},
				"down": {"uv": [4.25, 0, 2.75, 1], "texture": "#1"}
			}
		},
		{
			"from": [5.44642, -4.812, 11.72725],
			"to": [11.44642, -3.6108, 15.32725],
			"rotation": {"angle": 0, "axis": "y", "origin": [20.44642, 4.8, 23.72725]},
			"faces": {
				"north": {"uv": [9.375, 8, 10, 8.125], "texture": "#1"},
				"east": {"uv": [7, 5.125, 7.375, 5.25], "texture": "#1"},
				"south": {"uv": [9.625, 8.25, 10.25, 8.375], "texture": "#1"},
				"west": {"uv": [6.875, 10.625, 7.25, 10.75], "texture": "#1"},
				"up": {"uv": [3.75, 7.625, 3.125, 7.25], "texture": "#1"},
				"down": {"uv": [7.875, 6, 7.25, 6.375], "texture": "#1"}
			}
		},
		{
			"from": [5.44642, -4.812, 0.92725],
			"to": [11.44642, -3.6108, 4.52725],
			"rotation": {"angle": 0, "axis": "y", "origin": [20.44642, 4.8, 10.52725]},
			"faces": {
				"north": {"uv": [9.625, 8.5, 10.25, 8.625], "texture": "#1"},
				"east": {"uv": [0.75, 10.75, 1.125, 10.875], "texture": "#1"},
				"south": {"uv": [9.75, 0, 10.375, 0.125], "texture": "#1"},
				"west": {"uv": [10.875, 0.75, 11.25, 0.875], "texture": "#1"},
				"up": {"uv": [7.875, 6.875, 7.25, 6.5], "texture": "#1"},
				"down": {"uv": [7.875, 7, 7.25, 7.375], "texture": "#1"}
			}
		},
		{
			"from": [9.08282, -7.2, 9.64232],
			"to": [12.08282, -4.8, 10.84232],
			"rotation": {"angle": 45, "axis": "y", "origin": [10.58282, -5.4, 10.24232]},
			"faces": {
				"north": {"uv": [9.75, 0.25, 10.0625, 0.5], "texture": "#1"},
				"east": {"uv": [2.75, 11.75, 2.875, 12], "texture": "#1"},
				"south": {"uv": [9.75, 0.625, 10.0625, 0.875], "texture": "#1"},
				"west": {"uv": [3, 11.75, 3.125, 12], "texture": "#1"},
				"up": {"uv": [6.8125, 11.375, 6.5, 11.25], "texture": "#1"},
				"down": {"uv": [11.6875, 1.75, 11.375, 1.875], "texture": "#1"}
			}
		},
		{
			"from": [4.84642, -7.2, 6.62725],
			"to": [6.04642, -4.8, 9.62725],
			"rotation": {"angle": 0, "axis": "y", "origin": [30.04642, 3.6, 14.12725]},
			"faces": {
				"north": {"uv": [3.5, 11.75, 3.625, 12], "texture": "#1"},
				"east": {"uv": [9.75, 7, 10.0625, 7.25], "texture": "#1"},
				"south": {"uv": [5.5, 11.75, 5.625, 12], "texture": "#1"},
				"west": {"uv": [9.875, 4, 10.1875, 4.25], "texture": "#1"},
				"up": {"uv": [1.375, 11.5625, 1.25, 11.25], "texture": "#1"},
				"down": {"uv": [3.75, 11.25, 3.625, 11.5625], "texture": "#1"}
			}
		},
		{
			"from": [4.81003, -7.2, 9.64232],
			"to": [7.81003, -4.8, 10.84232],
			"rotation": {"angle": -45, "axis": "y", "origin": [6.31003, -5.4, 10.24232]},
			"faces": {
				"north": {"uv": [9.875, 4.375, 10.1875, 4.625], "texture": "#1"},
				"east": {"uv": [5.75, 11.75, 5.875, 12], "texture": "#1"},
				"south": {"uv": [9.875, 4.75, 10.1875, 5], "texture": "#1"},
				"west": {"uv": [6.875, 11.75, 7, 12], "texture": "#1"},
				"up": {"uv": [11.6875, 2.125, 11.375, 2], "texture": "#1"},
				"down": {"uv": [11.6875, 2.25, 11.375, 2.375], "texture": "#1"}
			}
		},
		{
			"from": [6.94642, -7.2, 10.52725],
			"to": [9.94642, -4.8, 11.72725],
			"rotation": {"angle": 0, "axis": "y", "origin": [20.44642, 3.6, 17.72725]},
			"faces": {
				"north": {"uv": [9.875, 5.125, 10.1875, 5.375], "texture": "#1"},
				"east": {"uv": [10.875, 11.75, 11, 12], "texture": "#1"},
				"south": {"uv": [9.875, 5.5, 10.1875, 5.75], "texture": "#1"},
				"west": {"uv": [11.75, 11.625, 11.875, 11.875], "texture": "#1"},
				"up": {"uv": [11.6875, 2.625, 11.375, 2.5], "texture": "#1"},
				"down": {"uv": [11.6875, 2.75, 11.375, 2.875], "texture": "#1"}
			}
		},
		{
			"from": [10.84642, -7.2, 6.62725],
			"to": [12.04642, -4.8, 9.62725],
			"rotation": {"angle": 0, "axis": "y", "origin": [36.04642, 3.6, 14.12725]},
			"faces": {
				"north": {"uv": [11.875, 0.25, 12, 0.5], "texture": "#1"},
				"east": {"uv": [9.875, 5.875, 10.1875, 6.125], "texture": "#1"},
				"south": {"uv": [1.75, 11.875, 1.875, 12.125], "texture": "#1"},
				"west": {"uv": [9.875, 6.25, 10.1875, 6.5], "texture": "#1"},
				"up": {"uv": [7.125, 11.5625, 7, 11.25], "texture": "#1"},
				"down": {"uv": [11.5, 3, 11.375, 3.3125], "texture": "#1"}
			}
		},
		{
			"from": [9.08282, -7.2, 5.41218],
			"to": [12.08282, -4.8, 6.61218],
			"rotation": {"angle": -45, "axis": "y", "origin": [10.58282, -5.4, 6.01218]},
			"faces": {
				"north": {"uv": [6.5, 9.875, 6.8125, 10.125], "texture": "#1"},
				"east": {"uv": [11.875, 1.75, 12, 2], "texture": "#1"},
				"south": {"uv": [9.875, 6.625, 10.1875, 6.875], "texture": "#1"},
				"west": {"uv": [11.875, 2.125, 12, 2.375], "texture": "#1"},
				"up": {"uv": [11.6875, 3.625, 11.375, 3.5], "texture": "#1"},
				"down": {"uv": [11.6875, 3.75, 11.375, 3.875], "texture": "#1"}
			}
		},
		{
			"from": [6.94642, -7.2, 4.52725],
			"to": [9.94642, -4.8, 5.72725],
			"rotation": {"angle": 0, "axis": "y", "origin": [20.44642, 3.6, 11.72725]},
			"faces": {
				"north": {"uv": [9.125, 9.875, 9.4375, 10.125], "texture": "#1"},
				"east": {"uv": [11.875, 2.5, 12, 2.75], "texture": "#1"},
				"south": {"uv": [9.875, 9.5, 10.1875, 9.75], "texture": "#1"},
				"west": {"uv": [11.875, 3.375, 12, 3.625], "texture": "#1"},
				"up": {"uv": [4.8125, 11.5, 4.5, 11.375], "texture": "#1"},
				"down": {"uv": [11.6875, 7, 11.375, 7.125], "texture": "#1"}
			}
		},
		{
			"from": [4.81003, -7.2, 5.41218],
			"to": [7.81003, -4.8, 6.61218],
			"rotation": {"angle": 45, "axis": "y", "origin": [6.31003, -5.4, 6.01218]},
			"faces": {
				"north": {"uv": [9.625, 9.875, 9.9375, 10.125], "texture": "#1"},
				"east": {"uv": [11.875, 3.75, 12, 4], "texture": "#1"},
				"south": {"uv": [10, 2.375, 10.3125, 2.625], "texture": "#1"},
				"west": {"uv": [11.875, 4.125, 12, 4.375], "texture": "#1"},
				"up": {"uv": [7.5625, 11.5, 7.25, 11.375], "texture": "#1"},
				"down": {"uv": [8.0625, 11.375, 7.75, 11.5], "texture": "#1"}
			}
		},
		{
			"from": [-1.15358, -3.6, 4.52725],
			"to": [1.24642, 4.8, 11.72725],
			"rotation": {"angle": 0, "axis": "y", "origin": [8.44642, 6, 14.12725]},
			"faces": {
				"north": {"uv": [7.75, 7.5, 8, 8.375], "texture": "#1"},
				"east": {"uv": [4.625, 5.625, 5.375, 6.5], "texture": "#1"},
				"south": {"uv": [7.875, 0.875, 8.125, 1.75], "texture": "#1"},
				"west": {"uv": [5.5, 5.625, 6.25, 6.5], "texture": "#1"},
				"up": {"uv": [6.25, 7.375, 6, 6.625], "texture": "#1"},
				"down": {"uv": [6.125, 8.375, 5.875, 9.125], "texture": "#1"}
			}
		},
		{
			"from": [15.64642, -3.6, 4.52725],
			"to": [18.04642, 4.8, 11.72725],
			"rotation": {"angle": 0, "axis": "y", "origin": [26.44642, 6, 14.12725]},
			"faces": {
				"north": {"uv": [7.875, 1.875, 8.125, 2.75], "texture": "#1"},
				"east": {"uv": [0.875, 5.875, 1.625, 6.75], "texture": "#1"},
				"south": {"uv": [8, 2.875, 8.25, 3.75], "texture": "#1"},
				"west": {"uv": [5.875, 2, 6.625, 2.875], "texture": "#1"},
				"up": {"uv": [1.625, 9.25, 1.375, 8.5], "texture": "#1"},
				"down": {"uv": [7.875, 8.5, 7.625, 9.25], "texture": "#1"}
			}
		},
		{
			"from": [1.24642, -4.812, 5.12725],
			"to": [4.84642, -3.612, 11.12725],
			"rotation": {"angle": 0, "axis": "y", "origin": [24.04642, 4.8, 14.12725]},
			"faces": {
				"north": {"uv": [10.875, 1, 11.25, 1.125], "texture": "#1"},
				"east": {"uv": [9.75, 1, 10.375, 1.125], "texture": "#1"},
				"south": {"uv": [10.875, 1.25, 11.25, 1.375], "texture": "#1"},
				"west": {"uv": [9.75, 7.375, 10.375, 7.5], "texture": "#1"},
				"up": {"uv": [1.625, 7.5, 1.25, 6.875], "texture": "#1"},
				"down": {"uv": [4.25, 7.25, 3.875, 7.875], "texture": "#1"}
			}
		},
		{
			"from": [3.14937, -4.812, 9.78166],
			"to": [6.74937, -3.6108, 15.78166],
			"rotation": {"angle": 45, "axis": "y", "origin": [3.74937, -4.2, 12.78166]},
			"faces": {
				"north": {"uv": [10.875, 1.5, 11.25, 1.625], "texture": "#1"},
				"east": {"uv": [2.75, 10, 3.375, 10.125], "texture": "#1"},
				"south": {"uv": [10.875, 1.75, 11.25, 1.875], "texture": "#1"},
				"west": {"uv": [10, 7.625, 10.625, 7.75], "texture": "#1"},
				"up": {"uv": [0.375, 8, 0, 7.375], "texture": "#1"},
				"down": {"uv": [7.75, 1.5, 7.375, 2.125], "texture": "#1"}
			}
		},
		{
			"from": [10.14348, -4.812, 9.78166],
			"to": [13.74348, -3.6108, 15.78166],
			"rotation": {"angle": -45, "axis": "y", "origin": [13.14348, -4.2, 12.78166]},
			"faces": {
				"north": {"uv": [2, 10.875, 2.375, 11], "texture": "#1"},
				"east": {"uv": [10.125, 1.75, 10.75, 1.875], "texture": "#1"},
				"south": {"uv": [10.875, 2, 11.25, 2.125], "texture": "#1"},
				"west": {"uv": [10.125, 2.75, 10.75, 2.875], "texture": "#1"},
				"up": {"uv": [7.75, 2.875, 7.375, 2.25], "texture": "#1"},
				"down": {"uv": [0.875, 7.5, 0.5, 8.125], "texture": "#1"}
			}
		},
		{
			"from": [10.14348, -4.812, 0.47283],
			"to": [13.74348, -3.6108, 6.47283],
			"rotation": {"angle": 45, "axis": "y", "origin": [13.14348, -4.2, 3.47283]},
			"faces": {
				"north": {"uv": [10.875, 2.25, 11.25, 2.375], "texture": "#1"},
				"east": {"uv": [10.125, 7.875, 10.75, 8], "texture": "#1"},
				"south": {"uv": [10.875, 2.5, 11.25, 2.625], "texture": "#1"},
				"west": {"uv": [10.125, 8.75, 10.75, 8.875], "texture": "#1"},
				"up": {"uv": [7.875, 3.625, 7.5, 3], "texture": "#1"},
				"down": {"uv": [7.875, 3.75, 7.5, 4.375], "texture": "#1"}
			}
		},
		{
			"from": [3.14937, -4.812, 0.47283],
			"to": [6.74937, -3.6108, 6.47283],
			"rotation": {"angle": -45, "axis": "y", "origin": [3.74937, -4.2, 3.47283]},
			"faces": {
				"north": {"uv": [10.875, 2.75, 11.25, 2.875], "texture": "#1"},
				"east": {"uv": [10.125, 9, 10.75, 9.125], "texture": "#1"},
				"south": {"uv": [10.875, 3, 11.25, 3.125], "texture": "#1"},
				"west": {"uv": [10.125, 9.25, 10.75, 9.375], "texture": "#1"},
				"up": {"uv": [4.75, 8.125, 4.375, 7.5], "texture": "#1"},
				"down": {"uv": [5.25, 7.5, 4.875, 8.125], "texture": "#1"}
			}
		},
		{
			"from": [12.04642, -4.812, 5.12725],
			"to": [15.64642, -3.6108, 11.12725],
			"rotation": {"angle": 0, "axis": "y", "origin": [37.24642, 4.8, 14.12725]},
			"faces": {
				"north": {"uv": [10.875, 3.25, 11.25, 3.375], "texture": "#1"},
				"east": {"uv": [10.125, 9.875, 10.75, 10], "texture": "#1"},
				"south": {"uv": [10.875, 3.5, 11.25, 3.625], "texture": "#1"},
				"west": {"uv": [10.125, 10.125, 10.75, 10.25], "texture": "#1"},
				"up": {"uv": [7.875, 5.75, 7.5, 5.125], "texture": "#1"},
				"down": {"uv": [5.75, 7.5, 5.375, 8.125], "texture": "#1"}
			}
		},
		{
			"from": [1.70084, -3.6, -2.27864],
			"to": [4.10084, 4.7988, 6.12136],
			"rotation": {"angle": -45, "axis": "y", "origin": [2.30084, -3, 1.92136]},
			"faces": {
				"north": {"uv": [3.625, 8, 3.875, 8.875], "texture": "#1"},
				"east": {"uv": [3.875, 2, 4.75, 2.875], "texture": "#1"},
				"south": {"uv": [8, 3.875, 8.25, 4.75], "texture": "#1"},
				"west": {"uv": [3.875, 3, 4.75, 3.875], "texture": "#1"},
				"up": {"uv": [4.25, 8.875, 4, 8], "texture": "#1"},
				"down": {"uv": [8.25, 4.875, 8, 5.75], "texture": "#1"}
			}
		},
		{
			"from": [12.79201, -3.6, -2.27864],
			"to": [15.19201, 4.7988, 6.12136],
			"rotation": {"angle": 45, "axis": "y", "origin": [14.59201, -3, 1.92136]},
			"faces": {
				"north": {"uv": [8, 5.875, 8.25, 6.75], "texture": "#1"},
				"east": {"uv": [3.875, 4, 4.75, 4.875], "texture": "#1"},
				"south": {"uv": [0, 8.125, 0.25, 9], "texture": "#1"},
				"west": {"uv": [4.375, 0, 5.25, 0.875], "texture": "#1"},
				"up": {"uv": [8.375, 7.75, 8.125, 6.875], "texture": "#1"},
				"down": {"uv": [8.375, 7.875, 8.125, 8.75], "texture": "#1"}
			}
		},
		{
			"from": [1.70084, -3.6, 10.13313],
			"to": [4.10084, 4.7988, 18.53313],
			"rotation": {"angle": 45, "axis": "y", "origin": [2.30084, -3, 14.33313]},
			"faces": {
				"north": {"uv": [8.25, 0, 8.5, 0.875], "texture": "#1"},
				"east": {"uv": [4.375, 1, 5.25, 1.875], "texture": "#1"},
				"south": {"uv": [0.375, 8.25, 0.625, 9.125], "texture": "#1"},
				"west": {"uv": [2.5, 4.5, 3.375, 5.375], "texture": "#1"},
				"up": {"uv": [8.5, 1.875, 8.25, 1], "texture": "#1"},
				"down": {"uv": [4.625, 8.25, 4.375, 9.125], "texture": "#1"}
			}
		},
		{
			"from": [12.79201, -3.6, 10.13313],
			"to": [15.19201, 4.7988, 18.53313],
			"rotation": {"angle": -45, "axis": "y", "origin": [14.59201, -3, 14.33313]},
			"faces": {
				"north": {"uv": [4.75, 8.25, 5, 9.125], "texture": "#1"},
				"east": {"uv": [0.875, 4.875, 1.75, 5.75], "texture": "#1"},
				"south": {"uv": [5.125, 8.25, 5.375, 9.125], "texture": "#1"},
				"west": {"uv": [4.875, 2, 5.75, 2.875], "texture": "#1"},
				"up": {"uv": [5.75, 9.125, 5.5, 8.25], "texture": "#1"},
				"down": {"uv": [8.625, 2, 8.375, 2.875], "texture": "#1"}
			}
		},
		{
			"from": [-0.2808, 4.2, 11.31495],
			"to": [0.3192, 4.8, 15.81495],
			"shade": false,
			"rotation": {"angle": 22.5, "axis": "y", "origin": [0.3192, 4.2, 13.71495]},
			"faces": {
				"north": {"uv": [7.125, 13, 7.1875, 13.0625], "texture": "#1"},
				"east": {"uv": [12.125, 8.625, 12.59375, 8.6875], "texture": "#1"},
				"south": {"uv": [13, 7.25, 13.0625, 7.3125], "texture": "#1"},
				"west": {"uv": [4, 12.25, 4.46875, 12.3125], "texture": "#1"},
				"up": {"uv": [4.6875, 12.71875, 4.625, 12.25], "texture": "#1"},
				"down": {"uv": [4.9375, 12.25, 4.875, 12.71875], "texture": "#1"}
			}
		},
		{
			"from": [0.75872, 4.2, 16.25448],
			"to": [5.25872, 4.8, 16.85448],
			"shade": false,
			"rotation": {"angle": -22.5, "axis": "y", "origin": [2.85872, 4.2, 16.25448]},
			"faces": {
				"north": {"uv": [5.875, 12.25, 6.34375, 12.3125], "texture": "#1"},
				"east": {"uv": [7.375, 13, 7.4375, 13.0625], "texture": "#1"},
				"south": {"uv": [12.25, 6, 12.71875, 6.0625], "texture": "#1"},
				"west": {"uv": [7.625, 13, 7.6875, 13.0625], "texture": "#1"},
				"up": {"uv": [12.71875, 6.9375, 12.25, 6.875], "texture": "#1"},
				"down": {"uv": [7.59375, 12.25, 7.125, 12.3125], "texture": "#1"}
			}
		},
		{
			"from": [0.34642, 1.2, 14.12725],
			"to": [0.94642, 9.6, 17.72725],
			"shade": false,
			"rotation": {"angle": 45, "axis": "y", "origin": [0.64642, 4.2, 15.92725]},
			"faces": {
				"north": {"uv": [4, 10.625, 4.0625, 11.5], "texture": "#1"},
				"east": {"uv": [0.875, 3.875, 1.25, 4.75], "texture": "#1"},
				"south": {"uv": [4.25, 10.625, 4.3125, 11.5], "texture": "#1"},
				"west": {"uv": [6, 4.5, 6.375, 5.375], "texture": "#1"},
				"up": {"uv": [12.4375, 8.375, 12.375, 8], "texture": "#1"},
				"down": {"uv": [12.4375, 10.25, 12.375, 10.625], "texture": "#1"}
			}
		},
		{
			"from": [0.94642, 7.2, 15.62725],
			"to": [6.92642, 7.8, 16.22725],
			"shade": false,
			"rotation": {"angle": 45, "axis": "y", "origin": [0.64642, 4.2, 15.92725]},
			"faces": {
				"north": {"uv": [11.5, 7.25, 12.03125, 7.3125], "texture": "#1"},
				"east": {"uv": [7.875, 13, 7.9375, 13.0625], "texture": "#1"},
				"south": {"uv": [11.625, 5.25, 12.15625, 5.3125], "texture": "#1"},
				"west": {"uv": [13, 7.875, 13.0625, 7.9375], "texture": "#1"},
				"up": {"uv": [12.15625, 5.5625, 11.625, 5.5], "texture": "#1"},
				"down": {"uv": [12.15625, 5.75, 11.625, 5.8125], "texture": "#1"}
			}
		},
		{
			"from": [16.57365, 4.2, 0.43954],
			"to": [17.17365, 4.8, 4.93954],
			"shade": false,
			"rotation": {"angle": 22.5, "axis": "y", "origin": [16.57365, 4.2, 2.53954]},
			"faces": {
				"north": {"uv": [13, 7.25, 13.0625, 7.3125], "texture": "#1"},
				"east": {"uv": [4, 12.25, 4.46875, 12.3125], "texture": "#1"},
				"south": {"uv": [7.125, 13, 7.1875, 13.0625], "texture": "#1"},
				"west": {"uv": [12.125, 8.625, 12.59375, 8.6875], "texture": "#1"},
				"up": {"uv": [4.625, 12.25, 4.6875, 12.71875], "texture": "#1"},
				"down": {"uv": [4.875, 12.71875, 4.9375, 12.25], "texture": "#1"}
			}
		},
		{
			"from": [11.63413, 4.2, -0.59998],
			"to": [16.13413, 4.8, 0.00002],
			"shade": false,
			"rotation": {"angle": -22.5, "axis": "y", "origin": [14.03413, 4.2, 0.00002]},
			"faces": {
				"north": {"uv": [12.25, 6, 12.71875, 6.0625], "texture": "#1"},
				"east": {"uv": [7.625, 13, 7.6875, 13.0625], "texture": "#1"},
				"south": {"uv": [5.875, 12.25, 6.34375, 12.3125], "texture": "#1"},
				"west": {"uv": [7.375, 13, 7.4375, 13.0625], "texture": "#1"},
				"up": {"uv": [12.25, 6.875, 12.71875, 6.9375], "texture": "#1"},
				"down": {"uv": [7.125, 12.3125, 7.59375, 12.25], "texture": "#1"}
			}
		},
		{
			"from": [15.94642, 1.2, -1.47275],
			"to": [16.54642, 9.6, 2.12725],
			"shade": false,
			"rotation": {"angle": 45, "axis": "y", "origin": [16.24642, 4.2, 0.32725]},
			"faces": {
				"north": {"uv": [4.25, 10.625, 4.3125, 11.5], "texture": "#1"},
				"east": {"uv": [6, 4.5, 6.375, 5.375], "texture": "#1"},
				"south": {"uv": [4, 10.625, 4.0625, 11.5], "texture": "#1"},
				"west": {"uv": [0.875, 3.875, 1.25, 4.75], "texture": "#1"},
				"up": {"uv": [12.375, 8, 12.4375, 8.375], "texture": "#1"},
				"down": {"uv": [12.375, 10.625, 12.4375, 10.25], "texture": "#1"}
			}
		},
		{
			"from": [9.96642, 7.2, 0.02725],
			"to": [15.94642, 7.8, 0.62725],
			"shade": false,
			"rotation": {"angle": 45, "axis": "y", "origin": [16.24642, 4.2, 0.32725]},
			"faces": {
				"north": {"uv": [11.625, 5.25, 12.15625, 5.3125], "texture": "#1"},
				"east": {"uv": [13, 7.875, 13.0625, 7.9375], "texture": "#1"},
				"south": {"uv": [11.5, 7.25, 12.03125, 7.3125], "texture": "#1"},
				"west": {"uv": [7.875, 13, 7.9375, 13.0625], "texture": "#1"},
				"up": {"uv": [11.625, 5.5, 12.15625, 5.5625], "texture": "#1"},
				"down": {"uv": [11.625, 5.8125, 12.15625, 5.75], "texture": "#1"}
			}
		},
		{
			"from": [-1.17366, 4.2, 0.43956],
			"to": [-0.57366, 4.8, 4.93956],
			"shade": false,
			"rotation": {"angle": -22.5, "axis": "y", "origin": [-0.57366, 4.2, 2.53956]},
			"faces": {
				"north": {"uv": [13.0625, 7.25, 13, 7.3125], "texture": "#1"},
				"east": {"uv": [12.59375, 8.625, 12.125, 8.6875], "texture": "#1"},
				"south": {"uv": [7.1875, 13, 7.125, 13.0625], "texture": "#1"},
				"west": {"uv": [4.46875, 12.25, 4, 12.3125], "texture": "#1"},
				"up": {"uv": [4.6875, 12.25, 4.625, 12.71875], "texture": "#1"},
				"down": {"uv": [4.9375, 12.71875, 4.875, 12.25], "texture": "#1"}
			}
		},
		{
			"from": [-0.13414, 4.2, -0.59997],
			"to": [4.36586, 4.8, 0.00003],
			"shade": false,
			"rotation": {"angle": 22.5, "axis": "y", "origin": [1.96586, 4.2, 0.00003]},
			"faces": {
				"north": {"uv": [12.71875, 6, 12.25, 6.0625], "texture": "#1"},
				"east": {"uv": [7.4375, 13, 7.375, 13.0625], "texture": "#1"},
				"south": {"uv": [6.34375, 12.25, 5.875, 12.3125], "texture": "#1"},
				"west": {"uv": [7.6875, 13, 7.625, 13.0625], "texture": "#1"},
				"up": {"uv": [12.71875, 6.875, 12.25, 6.9375], "texture": "#1"},
				"down": {"uv": [7.59375, 12.3125, 7.125, 12.25], "texture": "#1"}
			}
		},
		{
			"from": [-0.54644, 1.2, -1.47274],
			"to": [0.05356, 9.6, 2.12726],
			"shade": false,
			"rotation": {"angle": -45, "axis": "y", "origin": [-0.24644, 4.2, 0.32726]},
			"faces": {
				"north": {"uv": [4.3125, 10.625, 4.25, 11.5], "texture": "#1"},
				"east": {"uv": [1.25, 3.875, 0.875, 4.75], "texture": "#1"},
				"south": {"uv": [4.0625, 10.625, 4, 11.5], "texture": "#1"},
				"west": {"uv": [6.375, 4.5, 6, 5.375], "texture": "#1"},
				"up": {"uv": [12.4375, 8, 12.375, 8.375], "texture": "#1"},
				"down": {"uv": [12.4375, 10.625, 12.375, 10.25], "texture": "#1"}
			}
		},
		{
			"from": [-0.76361, 7.2, 2.00008],
			"to": [5.21639, 7.8, 2.60008],
			"shade": false,
			"rotation": {"angle": -45, "axis": "y", "origin": [1.72639, 7.5, 2.30008]},
			"faces": {
				"north": {"uv": [12.15625, 5.25, 11.625, 5.3125], "texture": "#1"},
				"east": {"uv": [7.9375, 13, 7.875, 13.0625], "texture": "#1"},
				"south": {"uv": [12.03125, 7.25, 11.5, 7.3125], "texture": "#1"},
				"west": {"uv": [13.0625, 7.875, 13, 7.9375], "texture": "#1"},
				"up": {"uv": [12.15625, 5.5, 11.625, 5.5625], "texture": "#1"},
				"down": {"uv": [12.15625, 5.8125, 11.625, 5.75], "texture": "#1"}
			}
		},
		{
			"from": [3.97495, 2.22, 3.54865],
			"to": [4.57495, 7.2, 4.14865],
			"shade": false,
			"rotation": {"angle": -45, "axis": "y", "origin": [3.27495, 4.71, 3.84865]},
			"faces": {
				"north": {"uv": [12.15625, 5.8125, 11.625, 5.75], "rotation": 90, "texture": "#1"},
				"east": {"uv": [12.15625, 5.25, 11.625, 5.3125], "rotation": 270, "texture": "#1"},
				"south": {"uv": [12.15625, 5.5, 11.625, 5.5625], "rotation": 90, "texture": "#1"},
				"west": {"uv": [12.03125, 7.25, 11.5, 7.3125], "rotation": 90, "texture": "#1"},
				"up": {"uv": [13.0625, 7.875, 13, 7.9375], "rotation": 180, "texture": "#1"},
				"down": {"uv": [7.9375, 13, 7.875, 13.0625], "texture": "#1"}
			}
		},
		{
			"from": [11.42505, 2.22, 3.54865],
			"to": [12.02505, 7.2, 4.14865],
			"shade": false,
			"rotation": {"angle": 45, "axis": "y", "origin": [12.72505, 4.71, 3.84865]},
			"faces": {
				"north": {"uv": [12.15625, 5.75, 11.625, 5.8125], "rotation": 90, "texture": "#1"},
				"east": {"uv": [12.03125, 7.3125, 11.5, 7.25], "rotation": 90, "texture": "#1"},
				"south": {"uv": [12.15625, 5.5625, 11.625, 5.5], "rotation": 90, "texture": "#1"},
				"west": {"uv": [12.15625, 5.3125, 11.625, 5.25], "rotation": 270, "texture": "#1"},
				"up": {"uv": [13, 7.875, 13.0625, 7.9375], "rotation": 180, "texture": "#1"},
				"down": {"uv": [7.875, 13, 7.9375, 13.0625], "texture": "#1"}
			}
		},
		{
			"from": [11.42504, 2.22, 12.10587],
			"to": [12.02504, 7.2, 12.70587],
			"shade": false,
			"rotation": {"angle": -45, "axis": "y", "origin": [12.72504, 4.71, 12.40587]},
			"faces": {
				"north": {"uv": [12.15625, 5.5, 11.625, 5.5625], "rotation": 90, "texture": "#1"},
				"east": {"uv": [12.03125, 7.25, 11.5, 7.3125], "rotation": 90, "texture": "#1"},
				"south": {"uv": [12.15625, 5.8125, 11.625, 5.75], "rotation": 90, "texture": "#1"},
				"west": {"uv": [12.15625, 5.25, 11.625, 5.3125], "rotation": 270, "texture": "#1"},
				"up": {"uv": [13, 7.9375, 13.0625, 7.875], "rotation": 180, "texture": "#1"},
				"down": {"uv": [7.875, 13.0625, 7.9375, 13], "texture": "#1"}
			}
		},
		{
			"from": [4.86781, 2.22, 12.10586],
			"to": [5.46781, 7.2, 12.70586],
			"shade": false,
			"rotation": {"angle": 45, "axis": "y", "origin": [4.16781, 4.71, 12.40586]},
			"faces": {
				"north": {"uv": [12.15625, 5.5625, 11.625, 5.5], "rotation": 90, "texture": "#1"},
				"east": {"uv": [12.15625, 5.3125, 11.625, 5.25], "rotation": 270, "texture": "#1"},
				"south": {"uv": [12.15625, 5.75, 11.625, 5.8125], "rotation": 90, "texture": "#1"},
				"west": {"uv": [12.03125, 7.3125, 11.5, 7.25], "rotation": 90, "texture": "#1"},
				"up": {"uv": [13.0625, 7.9375, 13, 7.875], "rotation": 180, "texture": "#1"},
				"down": {"uv": [7.9375, 13.0625, 7.875, 13], "texture": "#1"}
			}
		},
		{
			"from": [16.57365, 4.2, 11.31496],
			"to": [17.17365, 4.8, 15.81496],
			"shade": false,
			"rotation": {"angle": -22.5, "axis": "y", "origin": [16.57365, 4.2, 13.71496]},
			"faces": {
				"north": {"uv": [7.1875, 13, 7.125, 13.0625], "texture": "#1"},
				"east": {"uv": [4.46875, 12.25, 4, 12.3125], "texture": "#1"},
				"south": {"uv": [13.0625, 7.25, 13, 7.3125], "texture": "#1"},
				"west": {"uv": [12.59375, 8.625, 12.125, 8.6875], "texture": "#1"},
				"up": {"uv": [4.625, 12.71875, 4.6875, 12.25], "texture": "#1"},
				"down": {"uv": [4.875, 12.25, 4.9375, 12.71875], "texture": "#1"}
			}
		},
		{
			"from": [11.63413, 4.2, 16.25449],
			"to": [16.13413, 4.8, 16.85449],
			"shade": false,
			"rotation": {"angle": 22.5, "axis": "y", "origin": [14.03413, 4.2, 16.25449]},
			"faces": {
				"north": {"uv": [6.34375, 12.25, 5.875, 12.3125], "texture": "#1"},
				"east": {"uv": [7.6875, 13, 7.625, 13.0625], "texture": "#1"},
				"south": {"uv": [12.71875, 6, 12.25, 6.0625], "texture": "#1"},
				"west": {"uv": [7.4375, 13, 7.375, 13.0625], "texture": "#1"},
				"up": {"uv": [12.25, 6.9375, 12.71875, 6.875], "texture": "#1"},
				"down": {"uv": [7.125, 12.25, 7.59375, 12.3125], "texture": "#1"}
			}
		},
		{
			"from": [15.94642, 1.2, 14.12726],
			"to": [16.54642, 9.6, 17.72726],
			"shade": false,
			"rotation": {"angle": -45, "axis": "y", "origin": [16.24642, 4.2, 15.92726]},
			"faces": {
				"north": {"uv": [4.0625, 10.625, 4, 11.5], "texture": "#1"},
				"east": {"uv": [6.375, 4.5, 6, 5.375], "texture": "#1"},
				"south": {"uv": [4.3125, 10.625, 4.25, 11.5], "texture": "#1"},
				"west": {"uv": [1.25, 3.875, 0.875, 4.75], "texture": "#1"},
				"up": {"uv": [12.375, 8.375, 12.4375, 8], "texture": "#1"},
				"down": {"uv": [12.375, 10.25, 12.4375, 10.625], "texture": "#1"}
			}
		},
		{
			"from": [9.96642, 7.2, 15.62726],
			"to": [15.94642, 7.8, 16.22726],
			"shade": false,
			"rotation": {"angle": -45, "axis": "y", "origin": [16.24642, 4.2, 15.92726]},
			"faces": {
				"north": {"uv": [12.03125, 7.25, 11.5, 7.3125], "texture": "#1"},
				"east": {"uv": [13.0625, 7.875, 13, 7.9375], "texture": "#1"},
				"south": {"uv": [12.15625, 5.25, 11.625, 5.3125], "texture": "#1"},
				"west": {"uv": [7.9375, 13, 7.875, 13.0625], "texture": "#1"},
				"up": {"uv": [11.625, 5.5625, 12.15625, 5.5], "texture": "#1"},
				"down": {"uv": [11.625, 5.75, 12.15625, 5.8125], "texture": "#1"}
			}
		}
	],
	"gui_light": "front",
	"display": {
		"thirdperson_righthand": {
			"translation": [6, 6, 0]
		},
		"thirdperson_lefthand": {
			"translation": [6, 6, 0]
		},
		"firstperson_righthand": {
			"translation": [0, 5.5, 0]
		},
		"firstperson_lefthand": {
			"translation": [0, 5.5, 0]
		},
		"ground": {
			"translation": [0, 17.75, 0]
		},
		"gui": {
			"rotation": [0, -180, 0],
			"translation": [0.2, 7, 0],
			"scale": [0.8, 0.8, 0.8]
		},
		"head": {
			"translation": [0, 45, 0],
			"scale": [4, 4, 4]
		},
		"fixed": {
			"translation": [0, 8, 0]
		}
	},
	"groups": [
		{
			"name": "poten",
			"origin": [0.25452, 2.14285, 15.5],
			"color": 0,
			"nbt": "{}",
			"armAnimationEnabled": false,
			"children": [
				{
					"name": "poot",
					"origin": [0.25452, 2.14285, 15.5],
					"color": 0,
					"nbt": "{}",
					"armAnimationEnabled": false,
					"children": [0, 1, 2, 3, 4, 5, 6, 7, 8, 9, 10, 11, 12]
				},
				{
					"name": "poot",
					"origin": [0.25452, 2.14285, 15.5],
					"color": 0,
					"nbt": "{}",
					"armAnimationEnabled": false,
					"children": [13, 14, 15, 16, 17, 18, 19, 20, 21, 22, 23, 24, 25]
				},
				{
					"name": "poot",
					"origin": [0.25452, 2.14285, 15.5],
					"color": 0,
					"nbt": "{}",
					"armAnimationEnabled": false,
					"children": [26, 27, 28, 29, 30, 31, 32, 33, 34, 35, 36, 37, 38]
				},
				{
					"name": "poot",
					"origin": [0.25452, 2.14285, 15.5],
					"color": 0,
					"nbt": "{}",
					"armAnimationEnabled": false,
					"children": [39, 40, 41, 42, 43, 44, 45, 46, 47, 48, 49, 50, 51]
				},
				{
					"name": "ladder",
					"origin": [8, 8, 8],
					"color": 0,
					"nbt": "{}",
					"armAnimationEnabled": false,
					"children": [52, 53, 54, 55, 56, 57, 58, 59, 60]
				}
			]
		},
		{
			"name": "lower body",
			"origin": [13.12132, 6.5, 13.17157],
			"color": 0,
			"nbt": "{}",
			"armAnimationEnabled": false,
			"children": [
				61,
				62,
				63,
				64,
				65,
				66,
				67,
				{
					"name": "thruster",
					"origin": [6.21967, 4.5, 6.23744],
					"color": 0,
					"nbt": "{}",
					"armAnimationEnabled": false,
					"children": [68, 69, 70, 71, 72, 73, 74, 75]
				},
				76,
				77,
				78,
				79,
				80,
				81,
				82,
				83,
				84,
				85,
				86,
				87
			]
		},
		{
			"name": "shields",
			"origin": [1.5, 12.5, 1.5],
			"color": 0,
			"nbt": "{}",
			"armAnimationEnabled": false,
			"children": [
				{
					"name": "shield",
					"origin": [1.5, 12.5, 1.5],
					"color": 0,
					"nbt": "{}",
					"armAnimationEnabled": false,
					"children": [88, 89, 90, 91]
				},
				{
					"name": "shield",
					"origin": [1.5, 12.5, 1.5],
					"color": 0,
					"nbt": "{}",
					"armAnimationEnabled": false,
					"children": [92, 93, 94, 95]
				},
				{
					"name": "shield",
					"origin": [1.5, 12.5, 1.5],
					"color": 0,
					"nbt": "{}",
					"armAnimationEnabled": false,
					"children": [96, 97, 98, 99, 100, 101, 102, 103]
				},
				{
					"name": "shield",
					"origin": [1.5, 12.5, 1.5],
					"color": 0,
					"nbt": "{}",
					"armAnimationEnabled": false,
					"children": [104, 105, 106, 107]
				}
			]
		}
	]
}