{
	"credit": "Made with Blockbench",
	"textures": {
		"0": "expansion:guides/gui_filler",
		"particle": "expansion:guides/gui_filler"
	},
	"elements": [
		{
			"from": [0, 0, 0],
			"to": [0, 0, 0],
			"faces": {
				"north": {"uv": [0, 0, 0, 0], "texture": "#0"},
				"east": {"uv": [0, 0, 0, 0], "texture": "#0"},
				"south": {"uv": [0, 0, 0, 0], "texture": "#0"},
				"west": {"uv": [0, 0, 0, 0], "texture": "#0"},
				"up": {"uv": [0, 0, 0, 0], "texture": "#0"},
				"down": {"uv": [0, 0, 0, 0], "texture": "#0"}
			}
		}
	],
	"display": {}
}