{
	"credit": "Made with Blockbench",
	"texture_size": [64, 64],
	"textures": {
		"1": "expansion:weapons/railgun/railgun"
	},
	"elements": [
		{
			"from": [5.83495, 8.94377, 7.25],
			"to": [18.48495, 9.94377, 8.75],
			"rotation": {"angle": 0, "axis": "y", "origin": [8, 8, 8]},
			"faces": {
				"north": {"uv": [3.1625, 1.5, 0, 1.75], "texture": "#1"},
				"east": {"uv": [6.5, 10.5, 6.875, 10.75], "texture": "#1"},
				"south": {"uv": [0, 2, 3.1625, 2.25], "texture": "#1"},
				"west": {"uv": [10.5, 6.5, 10.875, 6.75], "texture": "#1"},
				"up": {"uv": [0, 0.375, 3.1625, 0], "texture": "#1"},
				"down": {"uv": [3.1625, 0.75, 0, 1.125], "texture": "#1"}
			}
		},
		{
			"from": [4.08495, 9.94377, 7.75],
			"to": [18.58495, 10.19377, 8.25],
			"rotation": {"angle": 0, "axis": "y", "origin": [8, 8, 8]},
			"faces": {
				"north": {"uv": [6, 5.5, 9.625, 5.5625], "texture": "#1"},
				"east": {"uv": [14.5, 12.5, 14.625, 12.5625], "texture": "#1"},
				"south": {"uv": [6.25, 3.75, 9.875, 3.8125], "texture": "#1"},
				"west": {"uv": [14.5, 13, 14.625, 13.0625], "texture": "#1"},
				"up": {"uv": [3.625, 3.375, 0, 3.25], "texture": "#1"},
				"down": {"uv": [7.125, 0, 3.5, 0.125], "texture": "#1"}
			}
		},
		{
			"from": [5.83495, 7.44377, 8.25],
			"to": [17.58495, 7.69377, 8.5],
			"rotation": {"angle": 0, "axis": "y", "origin": [8, 8, 8]},
			"faces": {
				"north": {"uv": [5.5, 7, 8.4375, 7.0625], "texture": "#1"},
				"east": {"uv": [3.5, 15, 3.5625, 15.0625], "texture": "#1"},
				"south": {"uv": [7.25, 2.75, 10.1875, 2.8125], "texture": "#1"},
				"west": {"uv": [15, 3.5, 15.0625, 3.5625], "texture": "#1"},
				"up": {"uv": [10.1875, 3.3125, 7.25, 3.25], "texture": "#1"},
				"down": {"uv": [2.9375, 7.5, 0, 7.5625], "texture": "#1"}
			}
		},
		{
			"from": [5.83495, 7.44377, 7.5],
			"to": [17.58495, 7.69377, 7.75],
			"rotation": {"angle": 0, "axis": "y", "origin": [8, 8, 8]},
			"faces": {
				"north": {"uv": [7.5, 0, 10.4375, 0.0625], "texture": "#1"},
				"east": {"uv": [15, 4, 15.0625, 4.0625], "texture": "#1"},
				"south": {"uv": [3.25, 7.5, 6.1875, 7.5625], "texture": "#1"},
				"west": {"uv": [15, 4.5, 15.0625, 4.5625], "texture": "#1"},
				"up": {"uv": [10.4375, 4.3125, 7.5, 4.25], "texture": "#1"},
				"down": {"uv": [9.4375, 7.5, 6.5, 7.5625], "texture": "#1"}
			}
		},
		{
			"from": [-1.41505, 8.44377, 7.5],
			"to": [4.58495, 8.69377, 8.5],
			"rotation": {"angle": 0, "axis": "y", "origin": [8, 8, 8]},
			"faces": {
				"north": {"uv": [10.5, 7, 12, 7.0625], "texture": "#1"},
				"east": {"uv": [13.5, 2, 13.75, 2.0625], "texture": "#1"},
				"south": {"uv": [10.5, 7.5, 12, 7.5625], "texture": "#1"},
				"west": {"uv": [13.5, 2.5, 13.75, 2.5625], "texture": "#1"},
				"up": {"uv": [5, 2.25, 3.5, 2], "texture": "#1"},
				"down": {"uv": [5, 2.5, 3.5, 2.75], "texture": "#1"}
			}
		},
		{
			"from": [8.58495, 7.88702, 8.57009],
			"to": [9.58495, 8.13702, 8.92509],
			"rotation": {"angle": 45, "axis": "x", "origin": [8, 8, 8]},
			"faces": {
				"north": {"uv": [2.75, 13.5, 3, 13.5625], "texture": "#1"},
				"east": {"uv": [5, 15, 5.08875, 15.0625], "texture": "#1"},
				"south": {"uv": [3.25, 13.5, 3.5, 13.5625], "texture": "#1"},
				"west": {"uv": [15, 5, 15.08875, 5.0625], "texture": "#1"},
				"up": {"uv": [4, 13.58875, 3.75, 13.5], "texture": "#1"},
				"down": {"uv": [13.75, 3.75, 13.5, 3.83875], "texture": "#1"}
			}
		},
		{
			"from": [8.58495, 7.88702, 7.07491],
			"to": [9.58495, 8.13702, 7.42991],
			"rotation": {"angle": -45, "axis": "x", "origin": [8, 8, 8]},
			"faces": {
				"north": {"uv": [13.5, 4.25, 13.75, 4.3125], "texture": "#1"},
				"east": {"uv": [5.5, 15, 5.58875, 15.0625], "texture": "#1"},
				"south": {"uv": [13.5, 4.75, 13.75, 4.8125], "texture": "#1"},
				"west": {"uv": [15, 5.5, 15.08875, 5.5625], "texture": "#1"},
				"up": {"uv": [13.75, 5.33875, 13.5, 5.25], "texture": "#1"},
				"down": {"uv": [5.75, 13.5, 5.5, 13.58875], "texture": "#1"}
			}
		},
		{
			"from": [6.58495, 7.88702, 8.57009],
			"to": [7.58495, 8.13702, 8.92509],
			"rotation": {"angle": 45, "axis": "x", "origin": [8, 8, 8]},
			"faces": {
				"north": {"uv": [13.5, 5.75, 13.75, 5.8125], "texture": "#1"},
				"east": {"uv": [6, 15, 6.08875, 15.0625], "texture": "#1"},
				"south": {"uv": [6, 13.5, 6.25, 13.5625], "texture": "#1"},
				"west": {"uv": [15, 6, 15.08875, 6.0625], "texture": "#1"},
				"up": {"uv": [13.75, 6.33875, 13.5, 6.25], "texture": "#1"},
				"down": {"uv": [6.75, 13.5, 6.5, 13.58875], "texture": "#1"}
			}
		},
		{
			"from": [6.58495, 7.88702, 7.07491],
			"to": [7.58495, 8.13702, 7.42991],
			"shade": false,
			"rotation": {"angle": -45, "axis": "x", "origin": [8, 8, 8]},
			"faces": {
				"north": {"uv": [13.5, 6.75, 13.75, 6.8125], "texture": "#1"},
				"east": {"uv": [6.5, 15, 6.58875, 15.0625], "texture": "#1"},
				"south": {"uv": [7, 13.5, 7.25, 13.5625], "texture": "#1"},
				"west": {"uv": [15, 6.5, 15.08875, 6.5625], "texture": "#1"},
				"up": {"uv": [7.75, 13.58875, 7.5, 13.5], "texture": "#1"},
				"down": {"uv": [8.25, 13.5, 8, 13.58875], "texture": "#1"}
			}
		},
		{
			"from": [10.58495, 7.88702, 7.07491],
			"to": [11.58495, 8.13702, 7.42991],
			"rotation": {"angle": -45, "axis": "x", "origin": [8, 8, 8]},
			"faces": {
				"north": {"uv": [8.5, 13.5, 8.75, 13.5625], "texture": "#1"},
				"east": {"uv": [7, 15, 7.08875, 15.0625], "texture": "#1"},
				"south": {"uv": [13.5, 8.5, 13.75, 8.5625], "texture": "#1"},
				"west": {"uv": [15, 7, 15.08875, 7.0625], "texture": "#1"},
				"up": {"uv": [9.25, 13.58875, 9, 13.5], "texture": "#1"},
				"down": {"uv": [13.75, 9, 13.5, 9.08875], "texture": "#1"}
			}
		},
		{
			"from": [10.58495, 7.88702, 8.57009],
			"to": [11.58495, 8.13702, 8.92509],
			"rotation": {"angle": 45, "axis": "x", "origin": [8, 8, 8]},
			"faces": {
				"north": {"uv": [13.5, 9.5, 13.75, 9.5625], "texture": "#1"},
				"east": {"uv": [7.5, 15, 7.58875, 15.0625], "texture": "#1"},
				"south": {"uv": [13.5, 10, 13.75, 10.0625], "texture": "#1"},
				"west": {"uv": [15, 7.5, 15.08875, 7.5625], "texture": "#1"},
				"up": {"uv": [10.5, 13.58875, 10.25, 13.5], "texture": "#1"},
				"down": {"uv": [13.75, 10.5, 13.5, 10.58875], "texture": "#1"}
			}
		},
		{
			"from": [12.58495, 7.88702, 7.07491],
			"to": [13.58495, 8.13702, 7.42991],
			"rotation": {"angle": -45, "axis": "x", "origin": [8, 8, 8]},
			"faces": {
				"north": {"uv": [10.75, 13.5, 11, 13.5625], "texture": "#1"},
				"east": {"uv": [8, 15, 8.08875, 15.0625], "texture": "#1"},
				"south": {"uv": [11.25, 13.5, 11.5, 13.5625], "texture": "#1"},
				"west": {"uv": [15, 8, 15.08875, 8.0625], "texture": "#1"},
				"up": {"uv": [13.75, 11.58875, 13.5, 11.5], "texture": "#1"},
				"down": {"uv": [12, 13.5, 11.75, 13.58875], "texture": "#1"}
			}
		},
		{
			"from": [12.58495, 7.88702, 8.57009],
			"to": [13.58495, 8.13702, 8.92509],
			"rotation": {"angle": 45, "axis": "x", "origin": [8, 8, 8]},
			"faces": {
				"north": {"uv": [12.25, 13.5, 12.5, 13.5625], "texture": "#1"},
				"east": {"uv": [8.5, 15, 8.58875, 15.0625], "texture": "#1"},
				"south": {"uv": [13.5, 12.75, 13.75, 12.8125], "texture": "#1"},
				"west": {"uv": [15, 8.5, 15.08875, 8.5625], "texture": "#1"},
				"up": {"uv": [13.75, 13.33875, 13.5, 13.25], "texture": "#1"},
				"down": {"uv": [14, 0, 13.75, 0.08875], "texture": "#1"}
			}
		},
		{
			"from": [14.58495, 7.88702, 7.07491],
			"to": [15.58495, 8.13702, 7.42991],
			"rotation": {"angle": -45, "axis": "x", "origin": [8, 8, 8]},
			"faces": {
				"north": {"uv": [0.5, 13.75, 0.75, 13.8125], "texture": "#1"},
				"east": {"uv": [15, 9, 15.08875, 9.0625], "texture": "#1"},
				"south": {"uv": [13.75, 0.5, 14, 0.5625], "texture": "#1"},
				"west": {"uv": [15, 9.5, 15.08875, 9.5625], "texture": "#1"},
				"up": {"uv": [1.25, 13.83875, 1, 13.75], "texture": "#1"},
				"down": {"uv": [14, 1, 13.75, 1.08875], "texture": "#1"}
			}
		},
		{
			"from": [14.58495, 7.88702, 8.57009],
			"to": [15.58495, 8.13702, 8.92509],
			"rotation": {"angle": 45, "axis": "x", "origin": [8, 8, 8]},
			"faces": {
				"north": {"uv": [13.75, 1.5, 14, 1.5625], "texture": "#1"},
				"east": {"uv": [9.75, 15, 9.83875, 15.0625], "texture": "#1"},
				"south": {"uv": [2.25, 13.75, 2.5, 13.8125], "texture": "#1"},
				"west": {"uv": [15, 10, 15.08875, 10.0625], "texture": "#1"},
				"up": {"uv": [14, 3.08875, 13.75, 3], "texture": "#1"},
				"down": {"uv": [4.5, 13.75, 4.25, 13.83875], "texture": "#1"}
			}
		},
		{
			"from": [16.58495, 7.88702, 7.07491],
			"to": [17.58495, 8.13702, 7.42991],
			"rotation": {"angle": -45, "axis": "x", "origin": [8, 8, 8]},
			"faces": {
				"north": {"uv": [4.75, 13.75, 5, 13.8125], "texture": "#1"},
				"east": {"uv": [10.25, 15, 10.33875, 15.0625], "texture": "#1"},
				"south": {"uv": [9.5, 13.75, 9.75, 13.8125], "texture": "#1"},
				"west": {"uv": [15, 10.5, 15.08875, 10.5625], "texture": "#1"},
				"up": {"uv": [14, 11.08875, 13.75, 11], "texture": "#1"},
				"down": {"uv": [14, 12, 13.75, 12.08875], "texture": "#1"}
			}
		},
		{
			"from": [16.58495, 7.88702, 8.57009],
			"to": [17.58495, 8.13702, 8.92509],
			"rotation": {"angle": 45, "axis": "x", "origin": [8, 8, 8]},
			"faces": {
				"north": {"uv": [12.75, 13.75, 13, 13.8125], "texture": "#1"},
				"east": {"uv": [10.75, 15, 10.83875, 15.0625], "texture": "#1"},
				"south": {"uv": [13.25, 13.75, 13.5, 13.8125], "texture": "#1"},
				"west": {"uv": [11.25, 15, 11.33875, 15.0625], "texture": "#1"},
				"up": {"uv": [14, 13.83875, 13.75, 13.75], "texture": "#1"},
				"down": {"uv": [1.75, 14, 1.5, 14.08875], "texture": "#1"}
			}
		},
		{
			"from": [16.58495, 8.13701, 6.80088],
			"to": [17.58495, 8.38701, 7.15588],
			"rotation": {"angle": 45, "axis": "x", "origin": [8, 8, 8]},
			"faces": {
				"north": {"uv": [14, 2, 14.25, 2.0625], "texture": "#1"},
				"east": {"uv": [15, 11.5, 15.08875, 11.5625], "texture": "#1"},
				"south": {"uv": [14, 2.5, 14.25, 2.5625], "texture": "#1"},
				"west": {"uv": [11.75, 15, 11.83875, 15.0625], "texture": "#1"},
				"up": {"uv": [3, 14.08875, 2.75, 14], "texture": "#1"},
				"down": {"uv": [3.5, 14, 3.25, 14.08875], "texture": "#1"}
			}
		},
		{
			"from": [16.58495, 8.13701, 8.84412],
			"to": [17.58495, 8.38701, 9.19912],
			"shade": false,
			"rotation": {"angle": -45, "axis": "x", "origin": [8, 8, 8]},
			"faces": {
				"north": {"uv": [14, 3.5, 14.25, 3.5625], "texture": "#1"},
				"east": {"uv": [15, 12.5, 15.08875, 12.5625], "texture": "#1"},
				"south": {"uv": [3.75, 14, 4, 14.0625], "texture": "#1"},
				"west": {"uv": [15, 13, 15.08875, 13.0625], "texture": "#1"},
				"up": {"uv": [14.25, 4.08875, 14, 4], "texture": "#1"},
				"down": {"uv": [14.25, 4.5, 14, 4.58875], "texture": "#1"}
			}
		},
		{
			"from": [14.58495, 8.13701, 6.80088],
			"to": [15.58495, 8.38701, 7.15588],
			"rotation": {"angle": 45, "axis": "x", "origin": [8, 8, 8]},
			"faces": {
				"north": {"uv": [14, 5, 14.25, 5.0625], "texture": "#1"},
				"east": {"uv": [15, 14, 15.08875, 14.0625], "texture": "#1"},
				"south": {"uv": [5.25, 14, 5.5, 14.0625], "texture": "#1"},
				"west": {"uv": [14.25, 15, 14.33875, 15.0625], "texture": "#1"},
				"up": {"uv": [14.25, 5.58875, 14, 5.5], "texture": "#1"},
				"down": {"uv": [6, 14, 5.75, 14.08875], "texture": "#1"}
			}
		},
		{
			"from": [14.58495, 8.13701, 8.84412],
			"to": [15.58495, 8.38701, 9.19912],
			"rotation": {"angle": -45, "axis": "x", "origin": [8, 8, 8]},
			"faces": {
				"north": {"uv": [14, 6, 14.25, 6.0625], "texture": "#1"},
				"east": {"uv": [15, 14.5, 15.08875, 14.5625], "texture": "#1"},
				"south": {"uv": [6.25, 14, 6.5, 14.0625], "texture": "#1"},
				"west": {"uv": [14.75, 15, 14.83875, 15.0625], "texture": "#1"},
				"up": {"uv": [14.25, 6.58875, 14, 6.5], "texture": "#1"},
				"down": {"uv": [7, 14, 6.75, 14.08875], "texture": "#1"}
			}
		},
		{
			"from": [12.58495, 8.13701, 6.80088],
			"to": [13.58495, 8.38701, 7.15588],
			"rotation": {"angle": 45, "axis": "x", "origin": [8, 8, 8]},
			"faces": {
				"north": {"uv": [14, 7, 14.25, 7.0625], "texture": "#1"},
				"east": {"uv": [0, 15.25, 0.08875, 15.3125], "texture": "#1"},
				"south": {"uv": [7.25, 14, 7.5, 14.0625], "texture": "#1"},
				"west": {"uv": [15.25, 0, 15.33875, 0.0625], "texture": "#1"},
				"up": {"uv": [14.25, 7.58875, 14, 7.5], "texture": "#1"},
				"down": {"uv": [8, 14, 7.75, 14.08875], "texture": "#1"}
			}
		},
		{
			"from": [12.58495, 8.13701, 8.84412],
			"to": [13.58495, 8.38701, 9.19912],
			"rotation": {"angle": -45, "axis": "x", "origin": [8, 8, 8]},
			"faces": {
				"north": {"uv": [14, 8, 14.25, 8.0625], "texture": "#1"},
				"east": {"uv": [0.5, 15.25, 0.58875, 15.3125], "texture": "#1"},
				"south": {"uv": [8.25, 14, 8.5, 14.0625], "texture": "#1"},
				"west": {"uv": [15.25, 0.5, 15.33875, 0.5625], "texture": "#1"},
				"up": {"uv": [14.25, 8.58875, 14, 8.5], "texture": "#1"},
				"down": {"uv": [9, 14, 8.75, 14.08875], "texture": "#1"}
			}
		},
		{
			"from": [10.58495, 8.13701, 6.80088],
			"to": [11.58495, 8.38701, 7.15588],
			"rotation": {"angle": 45, "axis": "x", "origin": [8, 8, 8]},
			"faces": {
				"north": {"uv": [14, 9, 14.25, 9.0625], "texture": "#1"},
				"east": {"uv": [1, 15.25, 1.08875, 15.3125], "texture": "#1"},
				"south": {"uv": [14, 9.5, 14.25, 9.5625], "texture": "#1"},
				"west": {"uv": [15.25, 1, 15.33875, 1.0625], "texture": "#1"},
				"up": {"uv": [10.25, 14.08875, 10, 14], "texture": "#1"},
				"down": {"uv": [14.25, 10, 14, 10.08875], "texture": "#1"}
			}
		},
		{
			"from": [10.58495, 8.13701, 8.84412],
			"to": [11.58495, 8.38701, 9.19912],
			"rotation": {"angle": -45, "axis": "x", "origin": [8, 8, 8]},
			"faces": {
				"north": {"uv": [10.5, 14, 10.75, 14.0625], "texture": "#1"},
				"east": {"uv": [15.25, 1.5, 15.33875, 1.5625], "texture": "#1"},
				"south": {"uv": [14, 10.5, 14.25, 10.5625], "texture": "#1"},
				"west": {"uv": [2, 15.25, 2.08875, 15.3125], "texture": "#1"},
				"up": {"uv": [11.25, 14.08875, 11, 14], "texture": "#1"},
				"down": {"uv": [11.75, 14, 11.5, 14.08875], "texture": "#1"}
			}
		},
		{
			"from": [8.58495, 8.13701, 6.80088],
			"to": [9.58495, 8.38701, 7.15588],
			"rotation": {"angle": 45, "axis": "x", "origin": [8, 8, 8]},
			"faces": {
				"north": {"uv": [14, 11.5, 14.25, 11.5625], "texture": "#1"},
				"east": {"uv": [15.25, 3, 15.33875, 3.0625], "texture": "#1"},
				"south": {"uv": [12, 14, 12.25, 14.0625], "texture": "#1"},
				"west": {"uv": [4, 15.25, 4.08875, 15.3125], "texture": "#1"},
				"up": {"uv": [14.25, 12.58875, 14, 12.5], "texture": "#1"},
				"down": {"uv": [14.25, 13, 14, 13.08875], "texture": "#1"}
			}
		},
		{
			"from": [8.58495, 8.13701, 8.84412],
			"to": [9.58495, 8.38701, 9.19912],
			"rotation": {"angle": -45, "axis": "x", "origin": [8, 8, 8]},
			"faces": {
				"north": {"uv": [0, 14.25, 0.25, 14.3125], "texture": "#1"},
				"east": {"uv": [4.5, 15.25, 4.58875, 15.3125], "texture": "#1"},
				"south": {"uv": [14.25, 0, 14.5, 0.0625], "texture": "#1"},
				"west": {"uv": [9, 15.25, 9.08875, 15.3125], "texture": "#1"},
				"up": {"uv": [0.75, 14.33875, 0.5, 14.25], "texture": "#1"},
				"down": {"uv": [14.5, 0.5, 14.25, 0.58875], "texture": "#1"}
			}
		},
		{
			"from": [7.58495, 8.69377, 8.25],
			"to": [18.48495, 8.94377, 8.5],
			"rotation": {"angle": 0, "axis": "y", "origin": [8, 8, 8]},
			"faces": {
				"north": {"uv": [7.5, 6.5, 10.225, 6.5625], "texture": "#1"},
				"east": {"uv": [15.25, 11, 15.3125, 11.0625], "texture": "#1"},
				"south": {"uv": [7.75, 2.25, 10.475, 2.3125], "texture": "#1"},
				"west": {"uv": [15.25, 12, 15.3125, 12.0625], "texture": "#1"},
				"up": {"uv": [10.475, 6.0625, 7.75, 6], "texture": "#1"},
				"down": {"uv": [2.725, 8, 0, 8.0625], "texture": "#1"}
			}
		},
		{
			"from": [7.58495, 8.69377, 7.5],
			"to": [18.48495, 8.94377, 7.75],
			"rotation": {"angle": 0, "axis": "y", "origin": [8, 8, 8]},
			"faces": {
				"north": {"uv": [8, 0.5, 10.725, 0.5625], "texture": "#1"},
				"east": {"uv": [12.25, 15.25, 12.3125, 15.3125], "texture": "#1"},
				"south": {"uv": [3, 8, 5.725, 8.0625], "texture": "#1"},
				"west": {"uv": [12.75, 15.25, 12.8125, 15.3125], "texture": "#1"},
				"up": {"uv": [10.725, 4.8125, 8, 4.75], "texture": "#1"},
				"down": {"uv": [8.725, 8, 6, 8.0625], "texture": "#1"}
			}
		},
		{
			"from": [6.78287, 8.78405, 7.35],
			"to": [8.63287, 9.73405, 8.65],
			"shade": false,
			"rotation": {"angle": 45, "axis": "z", "origin": [8, 8, 8]},
			"faces": {
				"north": {"uv": [10.25, 3.75, 10.7125, 3.9875], "texture": "#1"},
				"east": {"uv": [10.75, 4.25, 11.075, 4.4875], "texture": "#1"},
				"south": {"uv": [2.25, 10.5, 2.7125, 10.7375], "texture": "#1"},
				"west": {"uv": [10.75, 6, 11.075, 6.2375], "texture": "#1"},
				"up": {"uv": [1.2125, 9.825, 0.75, 9.5], "texture": "#1"},
				"down": {"uv": [3.4625, 9.5, 3, 9.825], "texture": "#1"}
			}
		},
		{
			"from": [6.48495, 7.44377, 7.6],
			"to": [7.58495, 8.69377, 8.4],
			"rotation": {"angle": 0, "axis": "y", "origin": [8, 8, 8]},
			"faces": {
				"north": {"uv": [10.25, 10.75, 10.525, 11.0625], "texture": "#1"},
				"east": {"uv": [11.5, 10, 11.7, 10.3125], "texture": "#1"},
				"south": {"uv": [11.025, 10.75, 10.75, 11.0625], "texture": "#1"},
				"west": {"uv": [10.25, 11.5, 10.45, 11.8125], "texture": "#1"},
				"up": {"uv": [1.275, 11.95, 1, 11.75], "texture": "#1"},
				"down": {"uv": [3.525, 11.75, 3.25, 11.95], "texture": "#1"}
			}
		},
		{
			"from": [7.48495, 8.04377, 7.85],
			"to": [7.98495, 8.34377, 8.15],
			"rotation": {"angle": 0, "axis": "y", "origin": [8, 8, 8]},
			"faces": {
				"north": {"uv": [15, 2, 15.125, 2.075], "texture": "#1"},
				"east": {"uv": [15.5, 7.5, 15.575, 7.575], "texture": "#1"},
				"south": {"uv": [2.5, 15, 2.625, 15.075], "texture": "#1"},
				"west": {"uv": [8, 15.5, 8.075, 15.575], "texture": "#1"},
				"up": {"uv": [15.125, 2.575, 15, 2.5], "texture": "#1"},
				"down": {"uv": [3.125, 15, 3, 15.075], "texture": "#1"}
			}
		},
		{
			"from": [3.6894, 2.25378, 7.5],
			"to": [4.6894, 5.00378, 8.5],
			"rotation": {"angle": -22.5, "axis": "z", "origin": [8, 8, 8]},
			"faces": {
				"north": {"uv": [0, 8.5, 0.25, 9.1875], "texture": "#1"},
				"east": {"uv": [0.5, 8.5, 0.75, 9.1875], "texture": "#1"},
				"south": {"uv": [1, 8.5, 1.25, 9.1875], "texture": "#1"},
				"west": {"uv": [8.5, 1, 8.75, 1.6875], "texture": "#1"},
				"up": {"uv": [11.75, 6.25, 11.5, 6], "texture": "#1"},
				"down": {"uv": [9, 11.5, 8.75, 11.75], "texture": "#1"}
			}
		},
		{
			"from": [2.74243, 3.9581, 7.5],
			"to": [2.99243, 4.6081, 8.5],
			"shade": false,
			"rotation": {"angle": 0, "axis": "y", "origin": [8, 8, 8]},
			"faces": {
				"north": {"uv": [14.5, 8.5, 14.5625, 8.6625], "texture": "#1"},
				"east": {"uv": [3.75, 11.75, 4, 11.9125], "texture": "#1"},
				"south": {"uv": [8.75, 14.5, 8.8125, 14.6625], "texture": "#1"},
				"west": {"uv": [11.75, 5.25, 12, 5.4125], "texture": "#1"},
				"up": {"uv": [1.0625, 14.5, 1, 14.25], "texture": "#1"},
				"down": {"uv": [14.3125, 1, 14.25, 1.25], "texture": "#1"}
			}
		},
		{
			"from": [-0.8106, 2.25378, 7.5],
			"to": [3.6894, 3.00378, 8.5],
			"rotation": {"angle": -22.5, "axis": "z", "origin": [8, 8, 8]},
			"faces": {
				"north": {"uv": [6.25, 6, 7.375, 6.1875], "texture": "#1"},
				"east": {"uv": [6.75, 11.75, 7, 11.9375], "texture": "#1"},
				"south": {"uv": [6.5, 0.5, 7.625, 0.6875], "texture": "#1"},
				"west": {"uv": [7.25, 11.75, 7.5, 11.9375], "texture": "#1"},
				"up": {"uv": [3.125, 5.5, 2, 5.25], "texture": "#1"},
				"down": {"uv": [6.375, 2.5, 5.25, 2.75], "texture": "#1"}
			}
		},
		{
			"from": [-1.28183, 6.00667, 7.5],
			"to": [-0.28183, 7.25667, 8.5],
			"rotation": {"angle": 0, "axis": "y", "origin": [8, 8, 8]},
			"faces": {
				"north": {"uv": [0, 11, 0.25, 11.3125], "texture": "#1"},
				"east": {"uv": [0.5, 11, 0.75, 11.3125], "texture": "#1"},
				"south": {"uv": [1, 11, 1.25, 11.3125], "texture": "#1"},
				"west": {"uv": [2.25, 11, 2.5, 11.3125], "texture": "#1"},
				"up": {"uv": [9.5, 11.75, 9.25, 11.5], "texture": "#1"},
				"down": {"uv": [10, 11.5, 9.75, 11.75], "texture": "#1"}
			}
		},
		{
			"from": [2.46817, 5.85667, 7.5],
			"to": [2.96817, 7.25667, 8.5],
			"rotation": {"angle": 0, "axis": "y", "origin": [8, 8, 8]},
			"faces": {
				"north": {"uv": [7.75, 11.75, 7.875, 12.1], "texture": "#1"},
				"east": {"uv": [8.25, 10.5, 8.5, 10.85], "texture": "#1"},
				"south": {"uv": [11.75, 8, 11.875, 8.35], "texture": "#1"},
				"west": {"uv": [10.5, 10, 10.75, 10.35], "texture": "#1"},
				"up": {"uv": [9.625, 12.75, 9.5, 12.5], "texture": "#1"},
				"down": {"uv": [12.625, 10.75, 12.5, 11], "texture": "#1"}
			}
		},
		{
			"from": [-0.28183, 7.00667, 7.5],
			"to": [2.46817, 7.25667, 8.5],
			"rotation": {"angle": 0, "axis": "y", "origin": [8, 8, 8]},
			"faces": {
				"north": {"uv": [12.25, 7.75, 12.9375, 7.8125], "texture": "#1"},
				"east": {"uv": [14.25, 1.5, 14.5, 1.5625], "texture": "#1"},
				"south": {"uv": [12.25, 8.25, 12.9375, 8.3125], "texture": "#1"},
				"west": {"uv": [2, 14.25, 2.25, 14.3125], "texture": "#1"},
				"up": {"uv": [2.1875, 8.75, 1.5, 8.5], "texture": "#1"},
				"down": {"uv": [3.1875, 8.5, 2.5, 8.75], "texture": "#1"}
			}
		},
		{
			"from": [-2.41505, 6.19377, 7.25],
			"to": [-1.41505, 9.44377, 8.75],
			"rotation": {"angle": 0, "axis": "y", "origin": [8, 8, 8]},
			"faces": {
				"north": {"uv": [4.5, 6.25, 4.75, 7.0625], "texture": "#1"},
				"east": {"uv": [1.25, 5.25, 1.625, 6.0625], "texture": "#1"},
				"south": {"uv": [5, 6.25, 5.25, 7.0625], "texture": "#1"},
				"west": {"uv": [5.25, 1.25, 5.625, 2.0625], "texture": "#1"},
				"up": {"uv": [5.5, 11.125, 5.25, 10.75], "texture": "#1"},
				"down": {"uv": [11, 8, 10.75, 8.375], "texture": "#1"}
			}
		},
		{
			"from": [-3.41505, 5.69377, 7.25],
			"to": [-2.41505, 9.94377, 8.75],
			"rotation": {"angle": 0, "axis": "y", "origin": [8, 8, 8]},
			"faces": {
				"north": {"uv": [5.5, 4.5, 5.75, 5.5625], "texture": "#1"},
				"east": {"uv": [0, 3.75, 0.375, 4.8125], "texture": "#1"},
				"south": {"uv": [2, 5.75, 2.25, 6.8125], "texture": "#1"},
				"west": {"uv": [0.75, 3.75, 1.125, 4.8125], "texture": "#1"},
				"up": {"uv": [9, 11.125, 8.75, 10.75], "texture": "#1"},
				"down": {"uv": [11, 8.75, 10.75, 9.125], "texture": "#1"}
			}
		},
		{
			"from": [-0.739, 1.50991, 7.249],
			"to": [0.011, 2.00991, 8.751],
			"rotation": {"angle": -45, "axis": "z", "origin": [8, 8, 8]},
			"faces": {
				"north": {"uv": [13, 6, 13.1875, 6.125], "texture": "#1"},
				"east": {"uv": [11.75, 8.75, 12.1255, 8.875], "texture": "#1"},
				"south": {"uv": [6.25, 13, 6.4375, 13.125], "texture": "#1"},
				"west": {"uv": [11.75, 9.25, 12.1255, 9.375], "texture": "#1"},
				"up": {"uv": [2.9375, 11.3755, 2.75, 11], "texture": "#1"},
				"down": {"uv": [3.4375, 11, 3.25, 11.3755], "texture": "#1"}
			}
		},
		{
			"from": [-0.9953, 13.73379, 7.249],
			"to": [-0.2453, 14.23379, 8.751],
			"rotation": {"angle": 45, "axis": "z", "origin": [8, 8, 8]},
			"faces": {
				"north": {"uv": [13, 6.5, 13.1875, 6.625], "texture": "#1"},
				"east": {"uv": [11.75, 10.75, 12.1255, 10.875], "texture": "#1"},
				"south": {"uv": [13, 7, 13.1875, 7.125], "texture": "#1"},
				"west": {"uv": [11.75, 11.25, 12.1255, 11.375], "texture": "#1"},
				"up": {"uv": [11.1875, 3.8755, 11, 3.5], "texture": "#1"},
				"down": {"uv": [3.9375, 11, 3.75, 11.3755], "texture": "#1"}
			}
		},
		{
			"from": [-1.41505, 8.69377, 7.25],
			"to": [2.08495, 9.44377, 8.75],
			"rotation": {"angle": 0, "axis": "y", "origin": [8, 8, 8]},
			"faces": {
				"north": {"uv": [6.25, 6.5, 7.25, 6.6875], "texture": "#1"},
				"east": {"uv": [11, 0.5, 11.375, 0.6875], "texture": "#1"},
				"south": {"uv": [0, 6.75, 0.875, 6.9375], "texture": "#1"},
				"west": {"uv": [4.25, 11, 4.625, 11.1875], "texture": "#1"},
				"up": {"uv": [2.5, 4.125, 1.5, 3.75], "texture": "#1"},
				"down": {"uv": [3.75, 3.75, 2.75, 4.125], "texture": "#1"}
			}
		},
		{
			"from": [-1.41505, 7.19377, 7.25],
			"to": [3.83495, 8.44377, 8.75],
			"rotation": {"angle": 0, "axis": "y", "origin": [8, 8, 8]},
			"faces": {
				"north": {"uv": [3.5, 0.5, 4.8125, 0.8125], "texture": "#1"},
				"east": {"uv": [10, 8.75, 10.375, 9.0625], "texture": "#1"},
				"south": {"uv": [3.5, 1.25, 4.8125, 1.5625], "texture": "#1"},
				"west": {"uv": [9, 10, 9.375, 10.3125], "texture": "#1"},
				"up": {"uv": [1.3125, 2.875, 0, 2.5], "texture": "#1"},
				"down": {"uv": [3.0625, 2.5, 1.75, 2.875], "texture": "#1"}
			}
		},
		{
			"from": [2.71829, 7.80808, 7.6],
			"to": [4.96829, 8.80808, 7.85],
			"rotation": {"angle": -22.5, "axis": "z", "origin": [8, 8, 8]},
			"faces": {
				"north": {"uv": [8.75, 7, 9.3125, 7.25], "texture": "#1"},
				"east": {"uv": [14.25, 3, 14.3125, 3.25], "texture": "#1"},
				"south": {"uv": [9, 1.75, 9.5625, 2], "texture": "#1"},
				"west": {"uv": [4.25, 14.25, 4.3125, 14.5], "texture": "#1"},
				"up": {"uv": [8.0625, 12.5625, 7.5, 12.5], "texture": "#1"},
				"down": {"uv": [9.0625, 12.5, 8.5, 12.5625], "texture": "#1"}
			}
		},
		{
			"from": [2.71829, 7.80808, 8.15],
			"to": [4.96829, 8.80808, 8.4],
			"rotation": {"angle": -22.5, "axis": "z", "origin": [8, 8, 8]},
			"faces": {
				"north": {"uv": [3, 9, 3.5625, 9.25], "texture": "#1"},
				"east": {"uv": [4.75, 14.25, 4.8125, 14.5], "texture": "#1"},
				"south": {"uv": [4, 9, 4.5625, 9.25], "texture": "#1"},
				"west": {"uv": [9.25, 14.25, 9.3125, 14.5], "texture": "#1"},
				"up": {"uv": [13.0625, 8.8125, 12.5, 8.75], "texture": "#1"},
				"down": {"uv": [13.0625, 9.25, 12.5, 9.3125], "texture": "#1"}
			}
		},
		{
			"from": [1.1057, 11.65181, 7.6],
			"to": [4.6057, 12.40181, 7.85],
			"rotation": {"angle": 22.5, "axis": "z", "origin": [8, 8, 8]},
			"faces": {
				"north": {"uv": [3.5, 8.5, 4.375, 8.6875], "texture": "#1"},
				"east": {"uv": [14.5, 9, 14.5625, 9.1875], "texture": "#1"},
				"south": {"uv": [4.75, 8.5, 5.625, 8.6875], "texture": "#1"},
				"west": {"uv": [14.5, 9.5, 14.5625, 9.6875], "texture": "#1"},
				"up": {"uv": [12.625, 0.5625, 11.75, 0.5], "texture": "#1"},
				"down": {"uv": [12.625, 1.5, 11.75, 1.5625], "texture": "#1"}
			}
		},
		{
			"from": [1.1057, 11.65181, 8.15],
			"to": [4.6057, 12.40181, 8.4],
			"rotation": {"angle": 22.5, "axis": "z", "origin": [8, 8, 8]},
			"faces": {
				"north": {"uv": [6, 8.5, 6.875, 8.6875], "texture": "#1"},
				"east": {"uv": [9.75, 14.5, 9.8125, 14.6875], "texture": "#1"},
				"south": {"uv": [7.25, 8.5, 8.125, 8.6875], "texture": "#1"},
				"west": {"uv": [14.5, 10, 14.5625, 10.1875], "texture": "#1"},
				"up": {"uv": [2.875, 11.8125, 2, 11.75], "texture": "#1"},
				"down": {"uv": [12.625, 2.75, 11.75, 2.8125], "texture": "#1"}
			}
		},
		{
			"from": [-2.26505, 9.44377, 7.6],
			"to": [0.63495, 9.69377, 7.85],
			"rotation": {"angle": 0, "axis": "y", "origin": [8, 8, 8]},
			"faces": {
				"north": {"uv": [11.75, 11.75, 12.475, 11.8125], "texture": "#1"},
				"east": {"uv": [13.25, 15.25, 13.3125, 15.3125], "texture": "#1"},
				"south": {"uv": [12, 3.25, 12.725, 3.3125], "texture": "#1"},
				"west": {"uv": [15.25, 13.5, 15.3125, 13.5625], "texture": "#1"},
				"up": {"uv": [12.725, 3.8125, 12, 3.75], "texture": "#1"},
				"down": {"uv": [12.725, 4.75, 12, 4.8125], "texture": "#1"}
			}
		},
		{
			"from": [-2.26505, 9.44377, 8.15],
			"to": [0.63495, 9.69377, 8.4],
			"rotation": {"angle": 0, "axis": "y", "origin": [8, 8, 8]},
			"faces": {
				"north": {"uv": [12, 5.75, 12.725, 5.8125], "texture": "#1"},
				"east": {"uv": [13.75, 15.25, 13.8125, 15.3125], "texture": "#1"},
				"south": {"uv": [12, 6.25, 12.725, 6.3125], "texture": "#1"},
				"west": {"uv": [15.25, 15, 15.3125, 15.0625], "texture": "#1"},
				"up": {"uv": [8.975, 12.0625, 8.25, 12], "texture": "#1"},
				"down": {"uv": [9.975, 12, 9.25, 12.0625], "texture": "#1"}
			}
		},
		{
			"from": [2.81396, 7.57711, 7.75],
			"to": [5.06396, 8.57711, 8.25],
			"rotation": {"angle": -22.5, "axis": "z", "origin": [8, 8, 8]},
			"faces": {
				"north": {"uv": [5, 9, 5.5625, 9.25], "texture": "#1"},
				"east": {"uv": [12.5, 11.25, 12.625, 11.5], "texture": "#1"},
				"south": {"uv": [6, 9, 6.5625, 9.25], "texture": "#1"},
				"west": {"uv": [0.75, 12.75, 0.875, 13], "texture": "#1"},
				"up": {"uv": [11.5625, 4.875, 11, 4.75], "texture": "#1"},
				"down": {"uv": [6.3125, 11, 5.75, 11.125], "texture": "#1"}
			}
		},
		{
			"from": [1.92958, 9.51779, 7.85],
			"to": [3.42958, 10.51779, 8.15],
			"shade": false,
			"rotation": {"angle": 0, "axis": "y", "origin": [8, 8, 8]},
			"faces": {
				"north": {"uv": [10.75, 0, 11.125, 0.25], "texture": "#1"},
				"east": {"uv": [14.25, 11, 14.325, 11.25], "texture": "#1"},
				"south": {"uv": [10.75, 2.25, 11.125, 2.5], "texture": "#1"},
				"west": {"uv": [14.25, 12, 14.325, 12.25], "texture": "#1"},
				"up": {"uv": [7.625, 13.075, 7.25, 13], "texture": "#1"},
				"down": {"uv": [8.375, 13, 8, 13.075], "texture": "#1"}
			}
		},
		{
			"from": [3.17958, 10.46779, 8.15],
			"to": [3.42958, 10.76779, 8.4],
			"rotation": {"angle": 0, "axis": "y", "origin": [8, 8, 8]},
			"faces": {
				"north": {"uv": [1.5, 15.5, 1.5625, 15.575], "texture": "#1"},
				"east": {"uv": [15.5, 2, 15.5625, 2.075], "texture": "#1"},
				"south": {"uv": [2.5, 15.5, 2.5625, 15.575], "texture": "#1"},
				"west": {"uv": [15.5, 2.5, 15.5625, 2.575], "texture": "#1"},
				"up": {"uv": [3.0625, 15.5625, 3, 15.5], "texture": "#1"},
				"down": {"uv": [3.5625, 15.5, 3.5, 15.5625], "texture": "#1"}
			}
		},
		{
			"from": [3.17958, 10.46779, 7.6],
			"to": [3.42958, 10.76779, 7.85],
			"rotation": {"angle": 0, "axis": "y", "origin": [8, 8, 8]},
			"faces": {
				"north": {"uv": [15.5, 6, 15.5625, 6.075], "texture": "#1"},
				"east": {"uv": [6.5, 15.5, 6.5625, 15.575], "texture": "#1"},
				"south": {"uv": [15.5, 6.5, 15.5625, 6.575], "texture": "#1"},
				"west": {"uv": [7, 15.5, 7.0625, 15.575], "texture": "#1"},
				"up": {"uv": [15.5625, 7.0625, 15.5, 7], "texture": "#1"},
				"down": {"uv": [7.5625, 15.5, 7.5, 15.5625], "texture": "#1"}
			}
		},
		{
			"from": [0.35518, 11.64919, 7.85],
			"to": [3.35518, 12.64919, 8.15],
			"rotation": {"angle": 22.5, "axis": "z", "origin": [8, 8, 8]},
			"faces": {
				"north": {"uv": [2.5, 6.5, 3.25, 6.75], "texture": "#1"},
				"east": {"uv": [12.5, 14.25, 12.575, 14.5], "texture": "#1"},
				"south": {"uv": [6.75, 2.25, 7.5, 2.5], "texture": "#1"},
				"west": {"uv": [13, 14.25, 13.075, 14.5], "texture": "#1"},
				"up": {"uv": [12.75, 9.825, 12, 9.75], "texture": "#1"},
				"down": {"uv": [12.75, 10.25, 12, 10.325], "texture": "#1"}
			}
		},
		{
			"from": [3.58495, 6.19377, 7.25],
			"to": [6.58495, 7.44377, 8.75],
			"rotation": {"angle": 0, "axis": "y", "origin": [8, 8, 8]},
			"faces": {
				"north": {"uv": [2.5, 5.75, 3.25, 6.0625], "texture": "#1"},
				"east": {"uv": [9.75, 10, 10.125, 10.3125], "texture": "#1"},
				"south": {"uv": [0, 6, 0.75, 6.3125], "texture": "#1"},
				"west": {"uv": [0, 10.25, 0.375, 10.5625], "texture": "#1"},
				"up": {"uv": [6, 3.375, 5.25, 3], "texture": "#1"},
				"down": {"uv": [6, 3.75, 5.25, 4.125], "texture": "#1"}
			}
		},
		{
			"from": [3.83495, 7.44377, 7.25],
			"to": [5.83495, 9.94377, 8.75],
			"rotation": {"angle": 0, "axis": "y", "origin": [8, 8, 8]},
			"faces": {
				"north": {"uv": [4, 4.5, 4.5, 5.125], "texture": "#1"},
				"east": {"uv": [6, 4.5, 6.375, 5.125], "texture": "#1"},
				"south": {"uv": [4.75, 4.5, 5.25, 5.125], "texture": "#1"},
				"west": {"uv": [5.5, 6, 5.875, 6.625], "texture": "#1"},
				"up": {"uv": [1.75, 6.875, 1.25, 6.5], "texture": "#1"},
				"down": {"uv": [7.25, 4.25, 6.75, 4.625], "texture": "#1"}
			}
		},
		{
			"from": [5.83495, 7.69377, 7.35],
			"to": [6.58495, 8.94377, 8.65],
			"rotation": {"angle": 0, "axis": "y", "origin": [8, 8, 8]},
			"faces": {
				"north": {"uv": [10.75, 11.5, 10.9375, 11.8125], "texture": "#1"},
				"east": {"uv": [10.5, 2.75, 10.825, 3.0625], "texture": "#1"},
				"south": {"uv": [11.25, 11.5, 11.4375, 11.8125], "texture": "#1"},
				"west": {"uv": [10.5, 5.25, 10.825, 5.5625], "texture": "#1"},
				"up": {"uv": [0.1875, 12.075, 0, 11.75], "texture": "#1"},
				"down": {"uv": [0.6875, 11.75, 0.5, 12.075], "texture": "#1"}
			}
		},
		{
			"from": [2.08495, 8.69377, 7.25],
			"to": [3.83495, 9.94377, 8.75],
			"rotation": {"angle": 0, "axis": "y", "origin": [8, 8, 8]},
			"faces": {
				"north": {"uv": [3.75, 9.5, 4.1875, 9.8125], "texture": "#1"},
				"east": {"uv": [0.75, 10.25, 1.125, 10.5625], "texture": "#1"},
				"south": {"uv": [4.5, 9.5, 4.9375, 9.8125], "texture": "#1"},
				"west": {"uv": [3, 10.25, 3.375, 10.5625], "texture": "#1"},
				"up": {"uv": [8.9375, 8.875, 8.5, 8.5], "texture": "#1"},
				"down": {"uv": [9.4375, 1, 9, 1.375], "texture": "#1"}
			}
		},
		{
			"from": [4.44189, 13.15702, 7.25],
			"to": [5.19189, 13.55702, 8.75],
			"rotation": {"angle": 45, "axis": "z", "origin": [8, 8, 8]},
			"faces": {
				"north": {"uv": [8.75, 13, 8.9375, 13.1], "texture": "#1"},
				"east": {"uv": [12.25, 0, 12.625, 0.1], "texture": "#1"},
				"south": {"uv": [9.25, 13, 9.4375, 13.1], "texture": "#1"},
				"west": {"uv": [1, 12.25, 1.375, 12.35], "texture": "#1"},
				"up": {"uv": [6.9375, 11.375, 6.75, 11], "texture": "#1"},
				"down": {"uv": [7.4375, 11, 7.25, 11.375], "texture": "#1"}
			}
		},
		{
			"from": [3.6009, 9.84472, 7.25],
			"to": [4.3509, 11.34472, 8.75],
			"rotation": {"angle": 45, "axis": "z", "origin": [8, 8, 8]},
			"faces": {
				"north": {"uv": [7.75, 11, 7.9375, 11.375], "texture": "#1"},
				"east": {"uv": [7, 9, 7.375, 9.375], "texture": "#1"},
				"south": {"uv": [11, 10, 11.1875, 10.375], "texture": "#1"},
				"west": {"uv": [7.75, 9, 8.125, 9.375], "texture": "#1"},
				"up": {"uv": [1.6875, 11.625, 1.5, 11.25], "texture": "#1"},
				"down": {"uv": [11.4375, 1.5, 11.25, 1.875], "texture": "#1"}
			}
		},
		{
			"from": [1.86976, 0.06536, 7.25],
			"to": [2.61976, 1.56536, 8.75],
			"rotation": {"angle": -45, "axis": "z", "origin": [8, 8, 8]},
			"faces": {
				"north": {"uv": [11.25, 2.75, 11.4375, 3.125], "texture": "#1"},
				"east": {"uv": [9.25, 8, 9.625, 8.375], "texture": "#1"},
				"south": {"uv": [11.25, 5.25, 11.4375, 5.625], "texture": "#1"},
				"west": {"uv": [8.5, 9.25, 8.875, 9.625], "texture": "#1"},
				"up": {"uv": [11.4375, 8.375, 11.25, 8], "texture": "#1"},
				"down": {"uv": [8.4375, 11.25, 8.25, 11.625], "texture": "#1"}
			}
		},
		{
			"from": [13.58495, 6.19377, 7.25],
			"to": [17.58495, 7.44377, 8.75],
			"rotation": {"angle": 0, "axis": "y", "origin": [8, 8, 8]},
			"faces": {
				"north": {"uv": [0, 5.25, 1, 5.5625], "texture": "#1"},
				"east": {"uv": [3.75, 10.25, 4.125, 10.5625], "texture": "#1"},
				"south": {"uv": [5.25, 0.5, 6.25, 0.8125], "texture": "#1"},
				"west": {"uv": [4.5, 10.25, 4.875, 10.5625], "texture": "#1"},
				"up": {"uv": [5, 3.375, 4, 3], "texture": "#1"},
				"down": {"uv": [5, 3.75, 4, 4.125], "texture": "#1"}
			}
		},
		{
			"from": [6.58495, 6.19377, 7.25],
			"to": [9.58495, 7.44377, 8.75],
			"rotation": {"angle": 0, "axis": "y", "origin": [8, 8, 8]},
			"faces": {
				"north": {"uv": [6.25, 3, 7, 3.3125], "texture": "#1"},
				"east": {"uv": [5.75, 10.25, 6.125, 10.5625], "texture": "#1"},
				"south": {"uv": [3.5, 6.25, 4.25, 6.5625], "texture": "#1"},
				"west": {"uv": [7.5, 10.25, 7.875, 10.5625], "texture": "#1"},
				"up": {"uv": [4.25, 5.875, 3.5, 5.5], "texture": "#1"},
				"down": {"uv": [5.25, 5.5, 4.5, 5.875], "texture": "#1"}
			}
		},
		{
			"from": [15.35478, 13.50039, 7.25],
			"to": [16.05478, 14.91339, 8.75],
			"rotation": {"angle": -45, "axis": "z", "origin": [8, 8, 8]},
			"faces": {
				"north": {"uv": [11.25, 8.75, 11.425, 9.10325], "texture": "#1"},
				"east": {"uv": [9.25, 8.75, 9.625, 9.10325], "texture": "#1"},
				"south": {"uv": [11.25, 10.75, 11.425, 11.10325], "texture": "#1"},
				"west": {"uv": [0, 9.5, 0.375, 9.85325], "texture": "#1"},
				"up": {"uv": [11.675, 3.875, 11.5, 3.5], "texture": "#1"},
				"down": {"uv": [4.425, 11.5, 4.25, 11.875], "texture": "#1"}
			}
		},
		{
			"from": [17.58495, 7.19377, 7.25],
			"to": [18.58495, 7.69377, 8.75],
			"rotation": {"angle": 0, "axis": "y", "origin": [8, 8, 8]},
			"faces": {
				"north": {"uv": [1.25, 12.75, 1.5, 12.875], "texture": "#1"},
				"east": {"uv": [12.25, 1, 12.625, 1.125], "texture": "#1"},
				"south": {"uv": [1.75, 12.75, 2, 12.875], "texture": "#1"},
				"west": {"uv": [1.75, 12.25, 2.125, 12.375], "texture": "#1"},
				"up": {"uv": [9.5, 11.125, 9.25, 10.75], "texture": "#1"},
				"down": {"uv": [10, 10.75, 9.75, 11.125], "texture": "#1"}
			}
		},
		{
			"from": [16.33844, 0.75839, 7.25],
			"to": [16.78844, 1.96139, 8.75],
			"rotation": {"angle": 45, "axis": "z", "origin": [8, 8, 8]},
			"faces": {
				"north": {"uv": [10.25, 12.25, 10.3625, 12.55075], "texture": "#1"},
				"east": {"uv": [1.5, 10.5, 1.875, 10.80075], "texture": "#1"},
				"south": {"uv": [10.75, 12.25, 10.8625, 12.55075], "texture": "#1"},
				"west": {"uv": [10.5, 1.5, 10.875, 1.80075], "texture": "#1"},
				"up": {"uv": [12.3625, 2.375, 12.25, 2], "texture": "#1"},
				"down": {"uv": [2.6125, 12.25, 2.5, 12.625], "texture": "#1"}
			}
		},
		{
			"from": [16.58592, 0.65354, 7.75],
			"to": [17.03592, 2.06654, 8.25],
			"rotation": {"angle": 45, "axis": "z", "origin": [8, 8, 8]},
			"faces": {
				"north": {"uv": [3, 12.25, 3.1125, 12.60325], "texture": "#1"},
				"east": {"uv": [3.5, 12.25, 3.625, 12.60325], "texture": "#1"},
				"south": {"uv": [4, 12.25, 4.1125, 12.60325], "texture": "#1"},
				"west": {"uv": [4.5, 12.25, 4.625, 12.60325], "texture": "#1"},
				"up": {"uv": [13.6125, 14.375, 13.5, 14.25], "texture": "#1"},
				"down": {"uv": [14.3625, 13.5, 14.25, 13.625], "texture": "#1"}
			}
		},
		{
			"from": [18.83495, 8.69377, 7.25],
			"to": [19.33495, 9.09377, 8.75],
			"rotation": {"angle": 0, "axis": "y", "origin": [8, 8, 8]},
			"faces": {
				"north": {"uv": [14, 14.25, 14.125, 14.35], "texture": "#1"},
				"east": {"uv": [12.25, 4.25, 12.625, 4.35], "texture": "#1"},
				"south": {"uv": [1.5, 14.5, 1.625, 14.6], "texture": "#1"},
				"west": {"uv": [5, 12.25, 5.375, 12.35], "texture": "#1"},
				"up": {"uv": [5.875, 12.625, 5.75, 12.25], "texture": "#1"},
				"down": {"uv": [6.375, 12.25, 6.25, 12.625], "texture": "#1"}
			}
		},
		{
			"from": [18.48495, 8.69377, 7.25],
			"to": [18.83495, 9.34377, 8.75],
			"rotation": {"angle": 0, "axis": "x", "origin": [8, 8, 8]},
			"faces": {
				"north": {"uv": [10.25, 14.5, 10.3375, 14.6625], "texture": "#1"},
				"east": {"uv": [11.25, 6.5, 11.625, 6.6625], "texture": "#1"},
				"south": {"uv": [14.5, 10.5, 14.5875, 10.6625], "texture": "#1"},
				"west": {"uv": [11.5, 0, 11.875, 0.1625], "texture": "#1"},
				"up": {"uv": [9.8375, 13.375, 9.75, 13], "texture": "#1"},
				"down": {"uv": [13.0875, 9.75, 13, 10.125], "texture": "#1"}
			}
		},
		{
			"from": [19.33495, 8.69377, 7.75],
			"to": [19.58495, 9.19377, 8.25],
			"rotation": {"angle": 0, "axis": "y", "origin": [8, 8, 8]},
			"faces": {
				"north": {"uv": [14.5, 14, 14.5625, 14.125], "texture": "#1"},
				"east": {"uv": [14.5, 2, 14.625, 2.125], "texture": "#1"},
				"south": {"uv": [14.5, 14.5, 14.5625, 14.625], "texture": "#1"},
				"west": {"uv": [2.5, 14.5, 2.625, 14.625], "texture": "#1"},
				"up": {"uv": [0.0625, 14.875, 0, 14.75], "texture": "#1"},
				"down": {"uv": [14.8125, 0, 14.75, 0.125], "texture": "#1"}
			}
		},
		{
			"from": [18.58495, 7.19377, 7.75],
			"to": [18.83495, 7.69377, 8.25],
			"rotation": {"angle": 0, "axis": "y", "origin": [8, 8, 8]},
			"faces": {
				"north": {"uv": [13.25, 14.75, 13.3125, 14.875], "texture": "#1"},
				"east": {"uv": [14.5, 7.5, 14.625, 7.625], "texture": "#1"},
				"south": {"uv": [14.75, 13.5, 14.8125, 13.625], "texture": "#1"},
				"west": {"uv": [7.75, 14.5, 7.875, 14.625], "texture": "#1"},
				"up": {"uv": [13.8125, 14.875, 13.75, 14.75], "texture": "#1"},
				"down": {"uv": [1.5625, 15, 1.5, 15.125], "texture": "#1"}
			}
		},
		{
			"from": [15.78156, 14.03072, 7.75],
			"to": [16.23156, 15.09072, 8.25],
			"rotation": {"angle": -45, "axis": "z", "origin": [8, 8, 8]},
			"faces": {
				"north": {"uv": [13, 4.5, 13.1125, 4.765], "texture": "#1"},
				"east": {"uv": [13, 5, 13.125, 5.265], "texture": "#1"},
				"south": {"uv": [13, 5.5, 13.1125, 5.765], "texture": "#1"},
				"west": {"uv": [5.75, 13, 5.875, 13.265], "texture": "#1"},
				"up": {"uv": [14.6125, 8.125, 14.5, 8], "texture": "#1"},
				"down": {"uv": [8.3625, 14.5, 8.25, 14.625], "texture": "#1"}
			}
		},
		{
			"from": [9.58495, 6.69377, 7.25],
			"to": [13.58495, 7.44377, 8.75],
			"rotation": {"angle": 0, "axis": "y", "origin": [8, 8, 8]},
			"faces": {
				"north": {"uv": [6.75, 5, 7.75, 5.1875], "texture": "#1"},
				"east": {"uv": [11.5, 2.25, 11.875, 2.4375], "texture": "#1"},
				"south": {"uv": [2.5, 7, 3.5, 7.1875], "texture": "#1"},
				"west": {"uv": [11.5, 4.25, 11.875, 4.4375], "texture": "#1"},
				"up": {"uv": [2.5, 4.875, 1.5, 4.5], "texture": "#1"},
				"down": {"uv": [3.75, 4.5, 2.75, 4.875], "texture": "#1"}
			}
		},
		{
			"from": [9.83495, 6.44377, 7.75],
			"to": [18.08495, 6.69377, 8.25],
			"rotation": {"angle": 0, "axis": "y", "origin": [8, 8, 8]},
			"faces": {
				"north": {"uv": [9.25, 9.5, 11.3125, 9.5625], "texture": "#1"},
				"east": {"uv": [0.5, 14.75, 0.625, 14.8125], "texture": "#1"},
				"south": {"uv": [9.75, 1, 11.8125, 1.0625], "texture": "#1"},
				"west": {"uv": [14.75, 0.5, 14.875, 0.5625], "texture": "#1"},
				"up": {"uv": [8.0625, 1.375, 6, 1.25], "texture": "#1"},
				"down": {"uv": [8.0625, 1.75, 6, 1.875], "texture": "#1"}
			}
		},
		{
			"from": [7.84354, 5.60207, 7.25],
			"to": [8.59354, 6.10207, 8.75],
			"rotation": {"angle": 45, "axis": "z", "origin": [8, 8, 8]},
			"faces": {
				"north": {"uv": [10.25, 13, 10.4375, 13.125], "texture": "#1"},
				"east": {"uv": [12.25, 5.25, 12.625, 5.375], "texture": "#1"},
				"south": {"uv": [13, 10.5, 13.1875, 10.625], "texture": "#1"},
				"west": {"uv": [6.75, 12.25, 7.125, 12.375], "texture": "#1"},
				"up": {"uv": [4.9375, 11.875, 4.75, 11.5], "texture": "#1"},
				"down": {"uv": [5.4375, 11.5, 5.25, 11.875], "texture": "#1"}
			}
		},
		{
			"from": [5.08495, 5.94377, 7.35],
			"to": [7.08495, 6.19377, 8.65],
			"rotation": {"angle": 0, "axis": "y", "origin": [8, 8, 8]},
			"faces": {
				"north": {"uv": [12.75, 2, 13.25, 2.0625], "texture": "#1"},
				"east": {"uv": [4.75, 13.25, 5.075, 13.3125], "texture": "#1"},
				"south": {"uv": [5, 12.75, 5.5, 12.8125], "texture": "#1"},
				"west": {"uv": [13.25, 7.5, 13.575, 7.5625], "texture": "#1"},
				"up": {"uv": [2, 9.325, 1.5, 9], "texture": "#1"},
				"down": {"uv": [2.75, 9, 2.25, 9.325], "texture": "#1"}
			}
		},
		{
			"from": [4.83495, 5.69377, 7.85],
			"to": [5.08495, 6.19377, 8.15],
			"rotation": {"angle": 0, "axis": "y", "origin": [8, 8, 8]},
			"faces": {
				"north": {"uv": [1, 14.75, 1.0625, 14.875], "texture": "#1"},
				"east": {"uv": [14.75, 1, 14.825, 1.125], "texture": "#1"},
				"south": {"uv": [14.75, 1.5, 14.8125, 1.625], "texture": "#1"},
				"west": {"uv": [2, 14.75, 2.075, 14.875], "texture": "#1"},
				"up": {"uv": [15.5625, 3.575, 15.5, 3.5], "texture": "#1"},
				"down": {"uv": [15.5625, 4, 15.5, 4.075], "texture": "#1"}
			}
		},
		{
			"from": [3.3556, 7.49635, 7.85],
			"to": [3.6056, 8.14635, 8.15],
			"rotation": {"angle": 22.5, "axis": "z", "origin": [8, 8, 8]},
			"faces": {
				"north": {"uv": [10.75, 14.5, 10.8125, 14.6625], "texture": "#1"},
				"east": {"uv": [11.25, 14.5, 11.325, 14.6625], "texture": "#1"},
				"south": {"uv": [14.5, 11.5, 14.5625, 11.6625], "texture": "#1"},
				"west": {"uv": [11.75, 14.5, 11.825, 14.6625], "texture": "#1"},
				"up": {"uv": [15.5625, 4.575, 15.5, 4.5], "texture": "#1"},
				"down": {"uv": [5.0625, 15.5, 5, 15.575], "texture": "#1"}
			}
		},
		{
			"from": [7.3195, 3.808, 7.85],
			"to": [7.5695, 4.308, 8.15],
			"rotation": {"angle": -45, "axis": "z", "origin": [8, 8, 8]},
			"faces": {
				"north": {"uv": [14.75, 3, 14.8125, 3.125], "texture": "#1"},
				"east": {"uv": [4, 14.75, 4.075, 14.875], "texture": "#1"},
				"south": {"uv": [4.5, 14.75, 4.5625, 14.875], "texture": "#1"},
				"west": {"uv": [9.25, 14.75, 9.325, 14.875], "texture": "#1"},
				"up": {"uv": [15.5625, 5.075, 15.5, 5], "texture": "#1"},
				"down": {"uv": [5.5625, 15.5, 5.5, 15.575], "texture": "#1"}
			}
		},
		{
			"from": [3.2314, 5.34022, 7.85],
			"to": [4.7314, 5.59022, 8.15],
			"rotation": {"angle": 0, "axis": "y", "origin": [8, 8, 8]},
			"faces": {
				"north": {"uv": [10.75, 13, 11.125, 13.0625], "texture": "#1"},
				"east": {"uv": [15.5, 5.5, 15.575, 5.5625], "texture": "#1"},
				"south": {"uv": [13, 11, 13.375, 11.0625], "texture": "#1"},
				"west": {"uv": [6, 15.5, 6.075, 15.5625], "texture": "#1"},
				"up": {"uv": [11.875, 13.075, 11.5, 13], "texture": "#1"},
				"down": {"uv": [13.375, 12.25, 13, 12.325], "texture": "#1"}
			}
		},
		{
			"from": [5.89899, 7.19306, 7.35],
			"to": [6.39899, 7.44306, 8.65],
			"rotation": {"angle": 45, "axis": "z", "origin": [8, 8, 8]},
			"faces": {
				"north": {"uv": [14.75, 11, 14.875, 11.0625], "texture": "#1"},
				"east": {"uv": [13.25, 8, 13.575, 8.0625], "texture": "#1"},
				"south": {"uv": [14.75, 12, 14.875, 12.0625], "texture": "#1"},
				"west": {"uv": [12.75, 13.25, 13.075, 13.3125], "texture": "#1"},
				"up": {"uv": [11.375, 12.575, 11.25, 12.25], "texture": "#1"},
				"down": {"uv": [11.875, 12.25, 11.75, 12.575], "texture": "#1"}
			}
		},
		{
			"from": [4.48478, 8.60727, 7.35],
			"to": [4.73478, 9.10727, 8.65],
			"rotation": {"angle": 45, "axis": "z", "origin": [8, 8, 8]},
			"faces": {
				"north": {"uv": [12.25, 14.75, 12.3125, 14.875], "texture": "#1"},
				"east": {"uv": [12.25, 12.25, 12.575, 12.375], "texture": "#1"},
				"south": {"uv": [12.75, 14.75, 12.8125, 14.875], "texture": "#1"},
				"west": {"uv": [0, 12.5, 0.325, 12.625], "texture": "#1"},
				"up": {"uv": [1.8125, 13.575, 1.75, 13.25], "texture": "#1"},
				"down": {"uv": [0.0625, 13.5, 0, 13.825], "texture": "#1"}
			}
		},
		{
			"from": [12.47636, 10.67197, 7.25],
			"to": [13.22636, 11.17197, 8.75],
			"rotation": {"angle": -45, "axis": "z", "origin": [8, 8, 8]},
			"faces": {
				"north": {"uv": [0.75, 13.25, 0.9375, 13.375], "texture": "#1"},
				"east": {"uv": [12.25, 6.75, 12.625, 6.875], "texture": "#1"},
				"south": {"uv": [1.25, 13.25, 1.4375, 13.375], "texture": "#1"},
				"west": {"uv": [12.25, 7.25, 12.625, 7.375], "texture": "#1"},
				"up": {"uv": [5.9375, 11.875, 5.75, 11.5], "texture": "#1"},
				"down": {"uv": [6.4375, 11.5, 6.25, 11.875], "texture": "#1"}
			}
		},
		{
			"from": [5.83495, 7.69377, 7],
			"to": [6.08495, 8.69377, 9],
			"rotation": {"angle": 0, "axis": "y", "origin": [8, 8, 8]},
			"faces": {
				"north": {"uv": [14.5, 2.5, 14.5625, 2.75], "texture": "#1"},
				"east": {"uv": [3.75, 7, 4.25, 7.25], "texture": "#1"},
				"south": {"uv": [3, 14.5, 3.0625, 14.75], "texture": "#1"},
				"west": {"uv": [5.25, 9.5, 5.75, 9.75], "texture": "#1"},
				"up": {"uv": [6.8125, 13.25, 6.75, 12.75], "texture": "#1"},
				"down": {"uv": [12.3125, 12.75, 12.25, 13.25], "texture": "#1"}
			}
		},
		{
			"from": [5.15528, 6.88643, 7],
			"to": [6.15528, 7.13643, 9],
			"rotation": {"angle": -45, "axis": "z", "origin": [8, 8, 8]},
			"faces": {
				"north": {"uv": [3.5, 14.5, 3.75, 14.5625], "texture": "#1"},
				"east": {"uv": [12.75, 11.75, 13.25, 11.8125], "texture": "#1"},
				"south": {"uv": [14.5, 3.5, 14.75, 3.5625], "texture": "#1"},
				"west": {"uv": [12.75, 12.75, 13.25, 12.8125], "texture": "#1"},
				"up": {"uv": [6.25, 10, 6, 9.5], "texture": "#1"},
				"down": {"uv": [6.75, 9.5, 6.5, 10], "texture": "#1"}
			}
		},
		{
			"from": [4.37785, 9.15088, 7],
			"to": [5.37785, 9.40088, 9],
			"rotation": {"angle": 0, "axis": "y", "origin": [8, 8, 8]},
			"faces": {
				"north": {"uv": [14.5, 4, 14.75, 4.0625], "texture": "#1"},
				"east": {"uv": [0, 13, 0.5, 13.0625], "texture": "#1"},
				"south": {"uv": [14.5, 4.5, 14.75, 4.5625], "texture": "#1"},
				"west": {"uv": [13, 0, 13.5, 0.0625], "texture": "#1"},
				"up": {"uv": [1.75, 10.25, 1.5, 9.75], "texture": "#1"},
				"down": {"uv": [2.25, 9.75, 2, 10.25], "texture": "#1"}
			}
		},
		{
			"from": [5.42932, 11.30182, 7],
			"to": [6.42932, 11.55182, 9],
			"rotation": {"angle": 45, "axis": "z", "origin": [8, 8, 8]},
			"faces": {
				"north": {"uv": [14.5, 5, 14.75, 5.0625], "texture": "#1"},
				"east": {"uv": [13, 0.5, 13.5, 0.5625], "texture": "#1"},
				"south": {"uv": [5.25, 14.5, 5.5, 14.5625], "texture": "#1"},
				"west": {"uv": [13, 1, 13.5, 1.0625], "texture": "#1"},
				"up": {"uv": [2.75, 10.25, 2.5, 9.75], "texture": "#1"},
				"down": {"uv": [7.25, 9.75, 7, 10.25], "texture": "#1"}
			}
		},
		{
			"from": [3.67074, 7.69377, 7],
			"to": [3.92074, 8.69377, 9],
			"rotation": {"angle": 0, "axis": "y", "origin": [8, 8, 8]},
			"faces": {
				"north": {"uv": [14.5, 5.5, 14.5625, 5.75], "texture": "#1"},
				"east": {"uv": [9.75, 7, 10.25, 7.25], "texture": "#1"},
				"south": {"uv": [5.75, 14.5, 5.8125, 14.75], "texture": "#1"},
				"west": {"uv": [7.5, 9.75, 8, 10], "texture": "#1"},
				"up": {"uv": [2.3125, 13.5, 2.25, 13], "texture": "#1"},
				"down": {"uv": [13.0625, 2.5, 13, 3], "texture": "#1"}
			}
		},
		{
			"from": [5.15529, 4.72221, 7],
			"to": [6.15529, 4.97221, 9],
			"rotation": {"angle": -45, "axis": "z", "origin": [8, 8, 8]},
			"faces": {
				"north": {"uv": [14.5, 6, 14.75, 6.0625], "texture": "#1"},
				"east": {"uv": [13, 1.5, 13.5, 1.5625], "texture": "#1"},
				"south": {"uv": [6.25, 14.5, 6.5, 14.5625], "texture": "#1"},
				"west": {"uv": [2.75, 13, 3.25, 13.0625], "texture": "#1"},
				"up": {"uv": [10.25, 2, 10, 1.5], "texture": "#1"},
				"down": {"uv": [5.5, 10, 5.25, 10.5], "texture": "#1"}
			}
		},
		{
			"from": [4.37785, 6.98666, 7],
			"to": [5.37785, 7.23666, 9],
			"shade": false,
			"rotation": {"angle": 0, "axis": "y", "origin": [8, 8, 8]},
			"faces": {
				"north": {"uv": [14.5, 6.5, 14.75, 6.5625], "texture": "#1"},
				"east": {"uv": [13, 3.25, 13.5, 3.3125], "texture": "#1"},
				"south": {"uv": [6.75, 14.5, 7, 14.5625], "texture": "#1"},
				"west": {"uv": [3.5, 13, 4, 13.0625], "texture": "#1"},
				"up": {"uv": [10.25, 5.75, 10, 5.25], "texture": "#1"},
				"down": {"uv": [10.25, 7.5, 10, 8], "texture": "#1"}
			}
		},
		{
			"from": [6.61239, 5.42933, 7],
			"to": [6.86239, 6.42933, 9],
			"rotation": {"angle": -45, "axis": "z", "origin": [8, 8, 8]},
			"faces": {
				"north": {"uv": [14.5, 7, 14.5625, 7.25], "texture": "#1"},
				"east": {"uv": [8.25, 10, 8.75, 10.25], "texture": "#1"},
				"south": {"uv": [7.25, 14.5, 7.3125, 14.75], "texture": "#1"},
				"west": {"uv": [10, 8.25, 10.5, 8.5], "texture": "#1"},
				"up": {"uv": [13.0625, 4.25, 13, 3.75], "texture": "#1"},
				"down": {"uv": [4.3125, 13, 4.25, 13.5], "texture": "#1"}
			}
		}
	],
	"gui_light": "front",
	"display": {
		"thirdperson_righthand": {
			"rotation": [110, 90, -110],
			"translation": [-1.75, -0.75, -3.25]
		},
		"thirdperson_lefthand": {
			"rotation": [110, -90, 110],
			"translation": [-1.75, -0.75, -3.25]
		},
		"firstperson_righthand": {
			"rotation": [0, 90, 0],
			"translation": [-5, 6, 5]
		},
		"firstperson_lefthand": {
			"rotation": [0, -90, 0],
			"translation": [-5, 6, 5]
		},
		"gui": {
			"rotation": [0, 0, 45],
			"translation": [0.5, 0.25, 0],
			"scale": [0.83555, 0.9, 0.9]
		},
		"fixed": {
			"rotation": [-90, -90, 0],
			"translation": [0, 0, -12.5],
			"scale": [3, 3, 3]
		}
	},
	"groups": [
		0,
		1,
		2,
		3,
		4,
		5,
		6,
		7,
		8,
		9,
		10,
		11,
		12,
		13,
		14,
		15,
		16,
		17,
		18,
		19,
		20,
		21,
		22,
		23,
		24,
		25,
		26,
		27,
		28,
		29,
		30,
		31,
		32,
		33,
		34,
		35,
		36,
		37,
		38,
		39,
		40,
		41,
		42,
		43,
		44,
		45,
		46,
		47,
		48,
		49,
		50,
		51,
		52,
		53,
		54,
		55,
		56,
		57,
		58,
		59,
		60,
		61,
		62,
		63,
		64,
		65,
		66,
		67,
		68,
		69,
		70,
		71,
		72,
		73,
		74,
		75,
		76,
		77,
		78,
		79,
		80,
		81,
		82,
		83,
		{
			"name": "ring",
			"origin": [2.946, 8.27053, 9],
			"color": 0,
			"nbt": "{}",
			"armAnimationEnabled": false,
			"children": [84, 85, 86, 87, 88, 89, 90, 91]
		}
	]
}