{
	"credit": "Made with Blockbench",
	"texture_size": [64, 64],
	"textures": {
		"2": "expansion:structures/portal_core_yellow",
		"particle": "expansion:structures/portal_core_yellow"
	},
	"elements": [
		{
			"from": [6.50008, 7.50015, 6.5],
			"to": [9.50008, 10.50015, 9.5],
			"rotation": {"angle": 0, "axis": "y", "origin": [7.50008, 16.50015, 1.5]},
			"faces": {
				"north": {"uv": [5.25, 2.25, 6, 3], "texture": "#2"},
				"east": {"uv": [5.25, 3.25, 6, 4], "texture": "#2"},
				"south": {"uv": [3.5, 5.25, 4.25, 6], "texture": "#2"},
				"west": {"uv": [5.25, 4.25, 6, 5], "texture": "#2"},
				"up": {"uv": [5.25, 6, 4.5, 5.25], "texture": "#2"},
				"down": {"uv": [6.25, 5.25, 5.5, 6], "texture": "#2"}
			}
		},
		{
			"from": [3.99993, 9.79289, 10.5],
			"to": [4.99993, 10.79289, 11.914],
			"rotation": {"angle": 45, "axis": "x", "origin": [4.49993, 10.29289, 11]},
			"faces": {
				"north": {"uv": [9.75, 11.75, 10, 12], "texture": "#2"},
				"east": {"uv": [7.25, 11, 7.625, 11.25], "texture": "#2"},
				"south": {"uv": [11.75, 9.75, 12, 10], "texture": "#2"},
				"west": {"uv": [11, 7.75, 11.375, 8], "texture": "#2"},
				"up": {"uv": [8.25, 11.375, 8, 11], "texture": "#2"},
				"down": {"uv": [11.25, 8.25, 11, 8.625], "texture": "#2"}
			}
		},
		{
			"from": [4.20734, 10.5, 5],
			"to": [5.20734, 11.914, 11],
			"rotation": {"angle": -45, "axis": "z", "origin": [4.70734, 11, 2]},
			"faces": {
				"north": {"uv": [2.5, 10, 2.75, 10.375], "texture": "#2"},
				"east": {"uv": [1.75, 3.5, 3.25, 3.875], "texture": "#2"},
				"south": {"uv": [3, 10, 3.25, 10.375], "texture": "#2"},
				"west": {"uv": [3.5, 2.25, 5, 2.625], "texture": "#2"},
				"up": {"uv": [0.25, 8.25, 0, 6.75], "texture": "#2"},
				"down": {"uv": [0.75, 6.75, 0.5, 8.25], "texture": "#2"}
			}
		},
		{
			"from": [3.99978, 10.00015, 5],
			"to": [4.99978, 11.00015, 11],
			"rotation": {"angle": 0, "axis": "y", "origin": [4.49978, 9.214, 8]},
			"faces": {
				"north": {"uv": [11.75, 10.75, 12, 11], "texture": "#2"},
				"east": {"uv": [8.25, 5.5, 9.75, 5.75], "texture": "#2"},
				"south": {"uv": [12, 0, 12.25, 0.25], "texture": "#2"},
				"west": {"uv": [7, 8.25, 8.5, 8.5], "texture": "#2"},
				"up": {"uv": [0.25, 10, 0, 8.5], "texture": "#2"},
				"down": {"uv": [0.75, 8.5, 0.5, 10], "texture": "#2"}
			}
		},
		{
			"from": [3.99993, 9.79289, 4.086],
			"to": [4.99993, 10.79289, 5.5],
			"rotation": {"angle": -45, "axis": "x", "origin": [4.49993, 10.29289, 5]},
			"faces": {
				"north": {"uv": [2, 12, 2.25, 12.25], "texture": "#2"},
				"east": {"uv": [11.25, 1.5, 11.625, 1.75], "texture": "#2"},
				"south": {"uv": [12, 2, 12.25, 2.25], "texture": "#2"},
				"west": {"uv": [11.25, 4.5, 11.625, 4.75], "texture": "#2"},
				"up": {"uv": [3, 11.625, 2.75, 11.25], "texture": "#2"},
				"down": {"uv": [5.25, 11.25, 5, 11.625], "texture": "#2"}
			}
		},
		{
			"from": [5.00008, 10.99985, 5],
			"to": [11.00008, 11.99985, 11],
			"rotation": {"angle": 0, "axis": "y", "origin": [0.00008, 1.99985, 0]},
			"faces": {
				"north": {"uv": [0, 5.75, 1.5, 6], "texture": "#2"},
				"east": {"uv": [1.75, 5.75, 3.25, 6], "texture": "#2"},
				"south": {"uv": [0, 6.25, 1.5, 6.5], "texture": "#2"},
				"west": {"uv": [1.75, 6.25, 3.25, 6.5], "texture": "#2"},
				"up": {"uv": [1.5, 1.5, 0, 0], "texture": "#2"},
				"down": {"uv": [1.5, 1.75, 0, 3.25], "texture": "#2"}
			}
		},
		{
			"from": [5.00008, 10.5, 4.20726],
			"to": [11.00008, 11.914, 5.20726],
			"rotation": {"angle": 45, "axis": "x", "origin": [8.00008, 11, 4.70726]},
			"faces": {
				"north": {"uv": [3.5, 0.75, 5, 1.125], "texture": "#2"},
				"east": {"uv": [1.5, 10, 1.75, 10.375], "texture": "#2"},
				"south": {"uv": [3.5, 1.5, 5, 1.875], "texture": "#2"},
				"west": {"uv": [2, 10, 2.25, 10.375], "texture": "#2"},
				"up": {"uv": [7.75, 5, 6.25, 4.75], "texture": "#2"},
				"down": {"uv": [6.75, 6.25, 5.25, 6.5], "texture": "#2"}
			}
		},
		{
			"from": [4.08608, 9.79274, 4],
			"to": [5.50008, 10.79274, 5],
			"rotation": {"angle": 45, "axis": "z", "origin": [5.00008, 10.29274, 4.5]},
			"faces": {
				"north": {"uv": [10.5, 1.5, 10.875, 1.75], "texture": "#2"},
				"east": {"uv": [11.5, 3, 11.75, 3.25], "texture": "#2"},
				"south": {"uv": [3.5, 10.5, 3.875, 10.75], "texture": "#2"},
				"west": {"uv": [3.25, 11.5, 3.5, 11.75], "texture": "#2"},
				"up": {"uv": [4.625, 10.75, 4.25, 10.5], "texture": "#2"},
				"down": {"uv": [10.875, 4.5, 10.5, 4.75], "texture": "#2"}
			}
		},
		{
			"from": [4.00023, 7.986, 4],
			"to": [5.00023, 10, 5],
			"rotation": {"angle": 0, "axis": "z", "origin": [4.50023, 9.293, 4.5]},
			"faces": {
				"north": {"uv": [9.25, 8.5, 9.5, 9], "texture": "#2"},
				"east": {"uv": [9.25, 9.25, 9.5, 9.75], "texture": "#2"},
				"south": {"uv": [8.75, 9.5, 9, 10], "texture": "#2"},
				"west": {"uv": [9.75, 0, 10, 0.5], "texture": "#2"},
				"up": {"uv": [2.75, 12.25, 2.5, 12], "texture": "#2"},
				"down": {"uv": [12.25, 2.5, 12, 2.75], "texture": "#2"}
			}
		},
		{
			"from": [4.00023, 7.986, 11],
			"to": [5.00023, 10, 12],
			"rotation": {"angle": 0, "axis": "z", "origin": [4.50023, 9.293, 4.5]},
			"faces": {
				"north": {"uv": [9.75, 0.75, 10, 1.25], "texture": "#2"},
				"east": {"uv": [9.75, 2, 10, 2.5], "texture": "#2"},
				"south": {"uv": [4, 9.75, 4.25, 10.25], "texture": "#2"},
				"west": {"uv": [4.5, 9.75, 4.75, 10.25], "texture": "#2"},
				"up": {"uv": [3.25, 12.25, 3, 12], "texture": "#2"},
				"down": {"uv": [12.25, 3, 12, 3.25], "texture": "#2"}
			}
		},
		{
			"from": [11.00023, 7.986, 11],
			"to": [12.00023, 10, 12],
			"rotation": {"angle": 0, "axis": "z", "origin": [4.50023, 9.293, 4.5]},
			"faces": {
				"north": {"uv": [9.75, 6.5, 10, 7], "texture": "#2"},
				"east": {"uv": [6.75, 9.75, 7, 10.25], "texture": "#2"},
				"south": {"uv": [7.25, 9.75, 7.5, 10.25], "texture": "#2"},
				"west": {"uv": [9.75, 7.25, 10, 7.75], "texture": "#2"},
				"up": {"uv": [12.25, 4.75, 12, 4.5], "texture": "#2"},
				"down": {"uv": [5, 12, 4.75, 12.25], "texture": "#2"}
			}
		},
		{
			"from": [11.00023, 7.986, 4],
			"to": [12.00023, 10, 5],
			"rotation": {"angle": 0, "axis": "z", "origin": [4.50023, 9.293, 4.5]},
			"faces": {
				"north": {"uv": [7.75, 9.75, 8, 10.25], "texture": "#2"},
				"east": {"uv": [9.75, 8, 10, 8.5], "texture": "#2"},
				"south": {"uv": [8.25, 9.75, 8.5, 10.25], "texture": "#2"},
				"west": {"uv": [9.75, 8.75, 10, 9.25], "texture": "#2"},
				"up": {"uv": [5.5, 12.25, 5.25, 12], "texture": "#2"},
				"down": {"uv": [12.25, 5.5, 12, 5.75], "texture": "#2"}
			}
		},
		{
			"from": [10.50008, 9.79274, 4],
			"to": [11.91408, 10.79274, 5],
			"rotation": {"angle": -45, "axis": "z", "origin": [11.00008, 10.29274, 4.5]},
			"faces": {
				"north": {"uv": [10, 5.5, 10.375, 5.75], "texture": "#2"},
				"east": {"uv": [11.25, 10.5, 11.5, 10.75], "texture": "#2"},
				"south": {"uv": [10.25, 3.5, 10.625, 3.75], "texture": "#2"},
				"west": {"uv": [11.5, 0, 11.75, 0.25], "texture": "#2"},
				"up": {"uv": [10.625, 4.25, 10.25, 4], "texture": "#2"},
				"down": {"uv": [6.375, 10.25, 6, 10.5], "texture": "#2"}
			}
		},
		{
			"from": [5.00008, 10, 4.00015],
			"to": [11.00008, 11, 5.00015],
			"rotation": {"angle": 0, "axis": "y", "origin": [8.00008, 9.21385, 4.50015]},
			"faces": {
				"north": {"uv": [7, 1.75, 8.5, 2], "texture": "#2"},
				"east": {"uv": [0, 11.75, 0.25, 12], "texture": "#2"},
				"south": {"uv": [7, 6.25, 8.5, 6.5], "texture": "#2"},
				"west": {"uv": [0.5, 11.75, 0.75, 12], "texture": "#2"},
				"up": {"uv": [8.5, 7, 7, 6.75], "texture": "#2"},
				"down": {"uv": [4.5, 7.25, 3, 7.5], "texture": "#2"}
			}
		},
		{
			"from": [10.79282, 10.5, 5],
			"to": [11.79282, 11.914, 11],
			"rotation": {"angle": 45, "axis": "z", "origin": [11.29282, 11, 2]},
			"faces": {
				"north": {"uv": [10, 4.75, 10.25, 5.125], "texture": "#2"},
				"east": {"uv": [3.5, 3, 5, 3.375], "texture": "#2"},
				"south": {"uv": [5, 10, 5.25, 10.375], "texture": "#2"},
				"west": {"uv": [3.5, 3.75, 5, 4.125], "texture": "#2"},
				"up": {"uv": [1.25, 8.25, 1, 6.75], "texture": "#2"},
				"down": {"uv": [1.75, 6.75, 1.5, 8.25], "texture": "#2"}
			}
		},
		{
			"from": [10.99993, 9.79289, 4.086],
			"to": [11.99993, 10.79289, 5.5],
			"rotation": {"angle": -45, "axis": "x", "origin": [11.49993, 10.29289, 5]},
			"faces": {
				"north": {"uv": [9.25, 11.75, 9.5, 12], "texture": "#2"},
				"east": {"uv": [11, 4, 11.375, 4.25], "texture": "#2"},
				"south": {"uv": [11.75, 9.25, 12, 9.5], "texture": "#2"},
				"west": {"uv": [11, 6.5, 11.375, 6.75], "texture": "#2"},
				"up": {"uv": [7, 11.375, 6.75, 11], "texture": "#2"},
				"down": {"uv": [11.25, 7, 11, 7.375], "texture": "#2"}
			}
		},
		{
			"from": [10.99978, 10.00015, 5],
			"to": [11.99978, 11.00015, 11],
			"rotation": {"angle": 0, "axis": "y", "origin": [11.49978, 9.214, 8]},
			"faces": {
				"north": {"uv": [11.75, 6.5, 12, 6.75], "texture": "#2"},
				"east": {"uv": [8, 2.25, 9.5, 2.5], "texture": "#2"},
				"south": {"uv": [11.75, 7.5, 12, 7.75], "texture": "#2"},
				"west": {"uv": [8, 2.75, 9.5, 3], "texture": "#2"},
				"up": {"uv": [8.25, 4.75, 8, 3.25], "texture": "#2"},
				"down": {"uv": [3.25, 8.25, 3, 9.75], "texture": "#2"}
			}
		},
		{
			"from": [10.99993, 9.79289, 10.5],
			"to": [11.99993, 10.79289, 11.914],
			"rotation": {"angle": 45, "axis": "x", "origin": [11.49993, 10.29289, 11]},
			"faces": {
				"north": {"uv": [11.75, 6, 12, 6.25], "texture": "#2"},
				"east": {"uv": [9, 10.75, 9.375, 11], "texture": "#2"},
				"south": {"uv": [6.5, 11.75, 6.75, 12], "texture": "#2"},
				"west": {"uv": [9.75, 10.75, 10.125, 11], "texture": "#2"},
				"up": {"uv": [0.25, 11.375, 0, 11], "texture": "#2"},
				"down": {"uv": [0.75, 11, 0.5, 11.375], "texture": "#2"}
			}
		},
		{
			"from": [10.50008, 9.79274, 11],
			"to": [11.91408, 10.79274, 12],
			"rotation": {"angle": -45, "axis": "z", "origin": [11.00008, 10.29274, 11.5]},
			"faces": {
				"north": {"uv": [10.75, 2, 11.125, 2.25], "texture": "#2"},
				"east": {"uv": [11, 11.5, 11.25, 11.75], "texture": "#2"},
				"south": {"uv": [2.5, 10.75, 2.875, 11], "texture": "#2"},
				"west": {"uv": [11.5, 11.5, 11.75, 11.75], "texture": "#2"},
				"up": {"uv": [11.125, 2.75, 10.75, 2.5], "texture": "#2"},
				"down": {"uv": [11.125, 3, 10.75, 3.25], "texture": "#2"}
			}
		},
		{
			"from": [5.00008, 10.5, 10.79274],
			"to": [11.00008, 11.914, 11.79274],
			"rotation": {"angle": -45, "axis": "x", "origin": [8.00008, 11, 11.29274]},
			"faces": {
				"north": {"uv": [0, 3.5, 1.5, 3.875], "texture": "#2"},
				"east": {"uv": [9.75, 9.5, 10, 9.875], "texture": "#2"},
				"south": {"uv": [3.5, 0, 5, 0.375], "texture": "#2"},
				"west": {"uv": [1, 10, 1.25, 10.375], "texture": "#2"},
				"up": {"uv": [7.75, 4, 6.25, 3.75], "texture": "#2"},
				"down": {"uv": [7.75, 4.25, 6.25, 4.5], "texture": "#2"}
			}
		},
		{
			"from": [5.00008, 10, 10.99985],
			"to": [11.00008, 11, 11.99985],
			"rotation": {"angle": 0, "axis": "y", "origin": [8.00008, 9.21385, 11.49985]},
			"faces": {
				"north": {"uv": [7.5, 1, 9, 1.25], "texture": "#2"},
				"east": {"uv": [3.75, 11.75, 4, 12], "texture": "#2"},
				"south": {"uv": [3, 7.75, 4.5, 8], "texture": "#2"},
				"west": {"uv": [11.75, 4, 12, 4.25], "texture": "#2"},
				"up": {"uv": [6.25, 8, 4.75, 7.75], "texture": "#2"},
				"down": {"uv": [8.5, 7.75, 7, 8], "texture": "#2"}
			}
		},
		{
			"from": [4.08608, 9.79274, 11],
			"to": [5.50008, 10.79274, 12],
			"rotation": {"angle": 45, "axis": "z", "origin": [5.00008, 10.29274, 11.5]},
			"faces": {
				"north": {"uv": [8.25, 10.5, 8.625, 10.75], "texture": "#2"},
				"east": {"uv": [6, 11.5, 6.25, 11.75], "texture": "#2"},
				"south": {"uv": [10.5, 10, 10.875, 10.25], "texture": "#2"},
				"west": {"uv": [11.5, 7, 11.75, 7.25], "texture": "#2"},
				"up": {"uv": [10.875, 10.75, 10.5, 10.5], "texture": "#2"},
				"down": {"uv": [11.125, 0, 10.75, 0.25], "texture": "#2"}
			}
		},
		{
			"from": [9.00008, 3.00015, 6],
			"to": [10.00008, 6.00015, 7],
			"rotation": {"angle": 0, "axis": "y", "origin": [0.00008, 3.00015, 0]},
			"faces": {
				"north": {"uv": [4, 8.75, 4.25, 9.5], "texture": "#2"},
				"east": {"uv": [4.5, 8.75, 4.75, 9.5], "texture": "#2"},
				"south": {"uv": [8.75, 6.5, 9, 7.25], "texture": "#2"},
				"west": {"uv": [6.75, 8.75, 7, 9.5], "texture": "#2"},
				"up": {"uv": [9.5, 1.25, 9.25, 1], "texture": "#2"},
				"down": {"uv": [10, 2.75, 9.75, 3], "texture": "#2"}
			}
		},
		{
			"from": [6.00008, 3.00015, 6],
			"to": [7.00008, 6.00015, 7],
			"rotation": {"angle": 0, "axis": "y", "origin": [0.00008, 3.00015, 0]},
			"faces": {
				"north": {"uv": [7.25, 8.75, 7.5, 9.5], "texture": "#2"},
				"east": {"uv": [8.75, 7.5, 9, 8.25], "texture": "#2"},
				"south": {"uv": [7.75, 8.75, 8, 9.5], "texture": "#2"},
				"west": {"uv": [8.25, 8.75, 8.5, 9.5], "texture": "#2"},
				"up": {"uv": [11.5, 5.25, 11.25, 5], "texture": "#2"},
				"down": {"uv": [11.5, 6, 11.25, 6.25], "texture": "#2"}
			}
		},
		{
			"from": [9.00008, 3.00015, 9],
			"to": [10.00008, 6.00015, 10],
			"rotation": {"angle": 0, "axis": "y", "origin": [0.00008, 3.00015, 0]},
			"faces": {
				"north": {"uv": [2.5, 9, 2.75, 9.75], "texture": "#2"},
				"east": {"uv": [9.25, 0, 9.5, 0.75], "texture": "#2"},
				"south": {"uv": [9.25, 6.5, 9.5, 7.25], "texture": "#2"},
				"west": {"uv": [9.25, 7.5, 9.5, 8.25], "texture": "#2"},
				"up": {"uv": [10.25, 11.5, 10, 11.25], "texture": "#2"},
				"down": {"uv": [11.5, 10, 11.25, 10.25], "texture": "#2"}
			}
		},
		{
			"from": [6.00008, 3.00015, 9],
			"to": [7.00008, 6.00015, 10],
			"rotation": {"angle": 0, "axis": "y", "origin": [0.00008, 3.00015, 0]},
			"faces": {
				"north": {"uv": [8.75, 8.5, 9, 9.25], "texture": "#2"},
				"east": {"uv": [1, 9, 1.25, 9.75], "texture": "#2"},
				"south": {"uv": [1.5, 9, 1.75, 9.75], "texture": "#2"},
				"west": {"uv": [2, 9, 2.25, 9.75], "texture": "#2"},
				"up": {"uv": [9.25, 11.5, 9, 11.25], "texture": "#2"},
				"down": {"uv": [9.75, 11.25, 9.5, 11.5], "texture": "#2"}
			}
		},
		{
			"from": [10.50008, 7.20726, 4],
			"to": [11.91408, 8.20726, 5],
			"rotation": {"angle": 45, "axis": "z", "origin": [11.00008, 7.70726, 4.5]},
			"faces": {
				"north": {"uv": [10.25, 6.5, 10.625, 6.75], "texture": "#2"},
				"east": {"uv": [11.5, 0.5, 11.75, 0.75], "texture": "#2"},
				"south": {"uv": [10.25, 7, 10.625, 7.25], "texture": "#2"},
				"west": {"uv": [11.5, 1, 11.75, 1.25], "texture": "#2"},
				"up": {"uv": [10.625, 7.75, 10.25, 7.5], "texture": "#2"},
				"down": {"uv": [10.625, 8, 10.25, 8.25], "texture": "#2"}
			}
		},
		{
			"from": [4.08608, 7.20726, 4],
			"to": [5.50008, 8.20726, 5],
			"rotation": {"angle": -45, "axis": "z", "origin": [5.00008, 7.70726, 4.5]},
			"faces": {
				"north": {"uv": [10.25, 8.5, 10.625, 8.75], "texture": "#2"},
				"east": {"uv": [11.5, 2, 11.75, 2.25], "texture": "#2"},
				"south": {"uv": [10.25, 9, 10.625, 9.25], "texture": "#2"},
				"west": {"uv": [11.5, 2.5, 11.75, 2.75], "texture": "#2"},
				"up": {"uv": [10.625, 9.75, 10.25, 9.5], "texture": "#2"},
				"down": {"uv": [10.125, 10.25, 9.75, 10.5], "texture": "#2"}
			}
		},
		{
			"from": [4.08608, 7.20726, 11],
			"to": [5.50008, 8.20726, 12],
			"rotation": {"angle": -45, "axis": "z", "origin": [5.00008, 7.70726, 11.5]},
			"faces": {
				"north": {"uv": [10.5, 5, 10.875, 5.25], "texture": "#2"},
				"east": {"uv": [5.5, 11.5, 5.75, 11.75], "texture": "#2"},
				"south": {"uv": [10.5, 6, 10.875, 6.25], "texture": "#2"},
				"west": {"uv": [11.5, 5.5, 11.75, 5.75], "texture": "#2"},
				"up": {"uv": [7.125, 10.75, 6.75, 10.5], "texture": "#2"},
				"down": {"uv": [7.875, 10.5, 7.5, 10.75], "texture": "#2"}
			}
		},
		{
			"from": [10.50008, 7.20726, 11],
			"to": [11.91408, 8.20726, 12],
			"rotation": {"angle": 45, "axis": "z", "origin": [11.00008, 7.70726, 11.5]},
			"faces": {
				"north": {"uv": [10.75, 0.5, 11.125, 0.75], "texture": "#2"},
				"east": {"uv": [7.25, 11.5, 7.5, 11.75], "texture": "#2"},
				"south": {"uv": [1, 10.75, 1.375, 11], "texture": "#2"},
				"west": {"uv": [11.5, 8.25, 11.75, 8.5], "texture": "#2"},
				"up": {"uv": [11.125, 1.25, 10.75, 1], "texture": "#2"},
				"down": {"uv": [2.125, 10.75, 1.75, 11], "texture": "#2"}
			}
		},
		{
			"from": [5.00008, 7, 4.00015],
			"to": [11.00008, 8, 5.00015],
			"rotation": {"angle": 0, "axis": "y", "origin": [8.00008, 8.50015, 4.50015]},
			"faces": {
				"north": {"uv": [4.75, 7.25, 6.25, 7.5], "texture": "#2"},
				"east": {"uv": [1, 11.75, 1.25, 12], "texture": "#2"},
				"south": {"uv": [7, 7.25, 8.5, 7.5], "texture": "#2"},
				"west": {"uv": [11.75, 3.5, 12, 3.75], "texture": "#2"},
				"up": {"uv": [9, 0.25, 7.5, 0], "texture": "#2"},
				"down": {"uv": [9, 0.5, 7.5, 0.75], "texture": "#2"}
			}
		},
		{
			"from": [10.99993, 7.20741, 4.086],
			"to": [11.99993, 8.20741, 5.5],
			"rotation": {"angle": 45, "axis": "x", "origin": [11.49993, 7.70741, 5]},
			"faces": {
				"north": {"uv": [8.75, 11.75, 9, 12], "texture": "#2"},
				"east": {"uv": [3.25, 11, 3.625, 11.25], "texture": "#2"},
				"south": {"uv": [11.75, 8.75, 12, 9], "texture": "#2"},
				"west": {"uv": [11, 3.5, 11.375, 3.75], "texture": "#2"},
				"up": {"uv": [4.25, 11.375, 4, 11], "texture": "#2"},
				"down": {"uv": [4.75, 11, 4.5, 11.375], "texture": "#2"}
			}
		},
		{
			"from": [10.99978, 7.00015, 5],
			"to": [11.99978, 8.00015, 11],
			"rotation": {"angle": 0, "axis": "y", "origin": [11.49978, 8.5003, 8]},
			"faces": {
				"north": {"uv": [7.75, 11.75, 8, 12], "texture": "#2"},
				"east": {"uv": [3.5, 8.25, 5, 8.5], "texture": "#2"},
				"south": {"uv": [8.25, 11.75, 8.5, 12], "texture": "#2"},
				"west": {"uv": [8.25, 5, 9.75, 5.25], "texture": "#2"},
				"up": {"uv": [5.5, 9.75, 5.25, 8.25], "texture": "#2"},
				"down": {"uv": [6, 8.25, 5.75, 9.75], "texture": "#2"}
			}
		},
		{
			"from": [10.99993, 7.20741, 10.5],
			"to": [11.99993, 8.20741, 11.914],
			"rotation": {"angle": -45, "axis": "x", "origin": [11.49993, 7.70741, 11]},
			"faces": {
				"north": {"uv": [4.25, 11.75, 4.5, 12], "texture": "#2"},
				"east": {"uv": [5, 10.75, 5.375, 11], "texture": "#2"},
				"south": {"uv": [11.75, 5, 12, 5.25], "texture": "#2"},
				"west": {"uv": [10.75, 5.5, 11.125, 5.75], "texture": "#2"},
				"up": {"uv": [6, 11.125, 5.75, 10.75], "texture": "#2"},
				"down": {"uv": [6.5, 10.75, 6.25, 11.125], "texture": "#2"}
			}
		},
		{
			"from": [3.99993, 7.20741, 4.086],
			"to": [4.99993, 8.20741, 5.5],
			"rotation": {"angle": 45, "axis": "x", "origin": [4.49993, 7.70741, 5]},
			"faces": {
				"north": {"uv": [1.5, 12, 1.75, 12.25], "texture": "#2"},
				"east": {"uv": [11, 11, 11.375, 11.25], "texture": "#2"},
				"south": {"uv": [12, 1.5, 12.25, 1.75], "texture": "#2"},
				"west": {"uv": [1, 11.25, 1.375, 11.5], "texture": "#2"},
				"up": {"uv": [2, 11.625, 1.75, 11.25], "texture": "#2"},
				"down": {"uv": [2.5, 11.25, 2.25, 11.625], "texture": "#2"}
			}
		},
		{
			"from": [3.99978, 7.00015, 5],
			"to": [4.99978, 8.00015, 11],
			"rotation": {"angle": 0, "axis": "y", "origin": [4.49978, 8.5003, 8]},
			"faces": {
				"north": {"uv": [12, 0.5, 12.25, 0.75], "texture": "#2"},
				"east": {"uv": [1, 8.5, 2.5, 8.75], "texture": "#2"},
				"south": {"uv": [12, 1, 12.25, 1.25], "texture": "#2"},
				"west": {"uv": [8.5, 3.25, 10, 3.5], "texture": "#2"},
				"up": {"uv": [6.5, 10, 6.25, 8.5], "texture": "#2"},
				"down": {"uv": [3.75, 8.75, 3.5, 10.25], "texture": "#2"}
			}
		},
		{
			"from": [3.99993, 7.20741, 10.5],
			"to": [4.99993, 8.20741, 11.914],
			"rotation": {"angle": -45, "axis": "x", "origin": [4.49993, 7.70741, 11]},
			"faces": {
				"north": {"uv": [10.25, 11.75, 10.5, 12], "texture": "#2"},
				"east": {"uv": [11, 9, 11.375, 9.25], "texture": "#2"},
				"south": {"uv": [11.75, 10.25, 12, 10.5], "texture": "#2"},
				"west": {"uv": [11, 9.5, 11.375, 9.75], "texture": "#2"},
				"up": {"uv": [8.75, 11.375, 8.5, 11], "texture": "#2"},
				"down": {"uv": [10.75, 11, 10.5, 11.375], "texture": "#2"}
			}
		},
		{
			"from": [5.00008, 7, 10.99985],
			"to": [11.00008, 8, 11.99985],
			"rotation": {"angle": 0, "axis": "y", "origin": [8.00008, 8.50015, 11.49985]},
			"faces": {
				"north": {"uv": [8.5, 3.75, 10, 4], "texture": "#2"},
				"east": {"uv": [5.75, 12, 6, 12.25], "texture": "#2"},
				"south": {"uv": [8.5, 4.25, 10, 4.5], "texture": "#2"},
				"west": {"uv": [7, 12, 7.25, 12.25], "texture": "#2"},
				"up": {"uv": [10.25, 1.75, 8.75, 1.5], "texture": "#2"},
				"down": {"uv": [10.25, 6, 8.75, 6.25], "texture": "#2"}
			}
		},
		{
			"from": [4.20734, 6.086, 5],
			"to": [5.20734, 7.5, 11],
			"rotation": {"angle": 45, "axis": "z", "origin": [4.70734, 7, 2]},
			"faces": {
				"north": {"uv": [10.25, 2, 10.5, 2.375], "texture": "#2"},
				"east": {"uv": [5.25, 0.75, 6.75, 1.125], "texture": "#2"},
				"south": {"uv": [10.25, 2.75, 10.5, 3.125], "texture": "#2"},
				"west": {"uv": [5.25, 1.5, 6.75, 1.875], "texture": "#2"},
				"up": {"uv": [6.75, 8.25, 6.5, 6.75], "texture": "#2"},
				"down": {"uv": [7.25, 0, 7, 1.5], "texture": "#2"}
			}
		},
		{
			"from": [5.00008, 6.086, 4.20726],
			"to": [11.00008, 7.5, 5.20726],
			"rotation": {"angle": -45, "axis": "x", "origin": [8.00008, 7, 4.70726]},
			"faces": {
				"north": {"uv": [1.75, 5, 3.25, 5.375], "texture": "#2"},
				"east": {"uv": [0.5, 10.25, 0.75, 10.625], "texture": "#2"},
				"south": {"uv": [5.25, 0, 6.75, 0.375], "texture": "#2"},
				"west": {"uv": [10.25, 0.75, 10.5, 1.125], "texture": "#2"},
				"up": {"uv": [4.5, 7, 3, 6.75], "texture": "#2"},
				"down": {"uv": [6.25, 6.75, 4.75, 7], "texture": "#2"}
			}
		},
		{
			"from": [10.79282, 6.086, 5],
			"to": [11.79282, 7.5, 11],
			"rotation": {"angle": -45, "axis": "z", "origin": [11.29282, 7, 2]},
			"faces": {
				"north": {"uv": [0, 10.25, 0.25, 10.625], "texture": "#2"},
				"east": {"uv": [3.5, 4.5, 5, 4.875], "texture": "#2"},
				"south": {"uv": [10.25, 0, 10.5, 0.375], "texture": "#2"},
				"west": {"uv": [0, 5, 1.5, 5.375], "texture": "#2"},
				"up": {"uv": [2.25, 8.25, 2, 6.75], "texture": "#2"},
				"down": {"uv": [2.75, 6.75, 2.5, 8.25], "texture": "#2"}
			}
		},
		{
			"from": [5.00008, 6.086, 10.79274],
			"to": [11.00008, 7.5, 11.79274],
			"rotation": {"angle": 45, "axis": "x", "origin": [8.00008, 7, 11.29274]},
			"faces": {
				"north": {"uv": [0, 4.25, 1.5, 4.625], "texture": "#2"},
				"east": {"uv": [5.5, 10, 5.75, 10.375], "texture": "#2"},
				"south": {"uv": [1.75, 4.25, 3.25, 4.625], "texture": "#2"},
				"west": {"uv": [9.25, 10, 9.5, 10.375], "texture": "#2"},
				"up": {"uv": [8, 5.5, 6.5, 5.25], "texture": "#2"},
				"down": {"uv": [8, 5.75, 6.5, 6], "texture": "#2"}
			}
		},
		{
			"from": [5.00008, 6.00015, 5],
			"to": [11.00008, 7.00015, 11],
			"rotation": {"angle": 0, "axis": "y", "origin": [0.00008, 1.00015, 0]},
			"faces": {
				"north": {"uv": [6.25, 2.25, 7.75, 2.5], "texture": "#2"},
				"east": {"uv": [6.25, 2.75, 7.75, 3], "texture": "#2"},
				"south": {"uv": [6.25, 3.25, 7.75, 3.5], "texture": "#2"},
				"west": {"uv": [3.5, 6.25, 5, 6.5], "texture": "#2"},
				"up": {"uv": [3.25, 1.5, 1.75, 0], "texture": "#2"},
				"down": {"uv": [3.25, 1.75, 1.75, 3.25], "texture": "#2"}
			}
		}
	],
	"gui_light": "front",
	"display": {
		"thirdperson_righthand": {
			"rotation": [90, 0, 0],
			"translation": [0, 3.5, 0]
		},
		"thirdperson_lefthand": {
			"rotation": [90, 0, 0],
			"translation": [0, 3.5, 0]
		},
		"firstperson_righthand": {
			"rotation": [-110, 0, -180],
			"translation": [2, 2, -6],
			"scale": [1.6, 1.6, 1.6]
		},
		"firstperson_lefthand": {
			"rotation": [-110, 0, -180],
			"translation": [2, 2, -6],
			"scale": [1.6, 1.6, 1.6]
		},
		"gui": {
			"rotation": [-90, 0, -180],
			"scale": [2, 2, 2]
		},
		"head": {
			"rotation": [-90, 0, 0],
			"translation": [0, 0, -6.25],
			"scale": [0.8, 0.8, 0.8]
		},
		"fixed": {
			"rotation": [-90, 0, 0],
			"scale": [2, 2, 2]
		}
	},
	"groups": [
		0,
		{
			"name": "top",
			"origin": [5, 5.29259, 11.5],
			"color": 0,
			"nbt": "{}",
			"armAnimationEnabled": false,
			"children": [1, 2, 3, 4, 5, 6, 7, 8, 9, 10, 11, 12, 13, 14, 15, 16, 17, 18, 19, 20, 21]
		},
		{
			"name": "bottom",
			"origin": [0, -2, 0],
			"color": 0,
			"nbt": "{}",
			"armAnimationEnabled": false,
			"children": [22, 23, 24, 25, 26, 27, 28, 29, 30, 31, 32, 33, 34, 35, 36, 37, 38, 39, 40, 41, 42]
		}
	]
}