{
	"credit": "Made with Blockbench",
	"texture_size": [64, 64],
	"textures": {
		"0": "expansion:mobs/pet_drone",
		"1": "expansion:mobs/drone_face",
		"particle": "expansion:mobs/pet_drone"
	},
	"elements": [
		{
			"from": [4, 4, 4],
			"to": [12, 12, 14],
			"rotation": {"angle": 0, "axis": "y", "origin": [4, 7, 4]},
			"faces": {
				"north": {"uv": [0, 0, 8, 8], "texture": "#1"},
				"east": {"uv": [0, 5.5, 2.5, 7.5], "texture": "#0"},
				"south": {"uv": [8.25, 0, 10.25, 2], "texture": "#0"},
				"west": {"uv": [5.5, 0, 8, 2], "texture": "#0"},
				"up": {"uv": [7.5, 4.75, 5.5, 2.25], "texture": "#0"},
				"down": {"uv": [4.75, 5.5, 2.75, 8], "texture": "#0"}
			}
		},
		{
			"from": [3, 3, 3],
			"to": [4, 13, 13],
			"rotation": {"angle": 0, "axis": "y", "origin": [4, 7, 4]},
			"faces": {
				"north": {"uv": [2.5, 11, 2.75, 13.5], "texture": "#0"},
				"east": {"uv": [0, 0, 2.5, 2.5], "texture": "#0"},
				"south": {"uv": [3, 11, 3.25, 13.5], "texture": "#0"},
				"west": {"uv": [0, 2.75, 2.5, 5.25], "texture": "#0"},
				"up": {"uv": [3.75, 13.5, 3.5, 11], "texture": "#0"},
				"down": {"uv": [4.25, 11, 4, 13.5], "texture": "#0"}
			}
		},
		{
			"from": [0, 1, 7],
			"to": [3, 5, 11],
			"rotation": {"angle": -22.5, "axis": "z", "origin": [3, -3, 4]},
			"faces": {
				"north": {"uv": [6.5, 10, 7.25, 11], "texture": "#0"},
				"east": {"uv": [2.25, 9.75, 3.25, 10.75], "texture": "#0"},
				"south": {"uv": [7.5, 10, 8.25, 11], "texture": "#0"},
				"west": {"uv": [3.5, 9.75, 4.5, 10.75], "texture": "#0"},
				"up": {"uv": [9.25, 11, 8.5, 10], "texture": "#0"},
				"down": {"uv": [0.75, 10.5, 0, 11.5], "texture": "#0"}
			}
		},
		{
			"from": [13, 1, 7],
			"to": [16, 5, 11],
			"rotation": {"angle": 22.5, "axis": "z", "origin": [13, -3, 4]},
			"faces": {
				"north": {"uv": [10.5, 0, 11.25, 1], "texture": "#0"},
				"east": {"uv": [10, 2.25, 11, 3.25], "texture": "#0"},
				"south": {"uv": [1, 10.5, 1.75, 11.5], "texture": "#0"},
				"west": {"uv": [10, 3.5, 11, 4.5], "texture": "#0"},
				"up": {"uv": [10.25, 11.5, 9.5, 10.5], "texture": "#0"},
				"down": {"uv": [11.25, 10.5, 10.5, 11.5], "texture": "#0"}
			}
		},
		{
			"from": [1, 7, 7],
			"to": [2, 9, 18],
			"rotation": {"angle": -45, "axis": "x", "origin": [1.5, 8, 8]},
			"faces": {
				"north": {"uv": [4.5, 12.75, 4.75, 13.25], "texture": "#0"},
				"east": {"uv": [9.5, 5, 12.25, 5.5], "texture": "#0"},
				"south": {"uv": [8.75, 12.75, 9, 13.25], "texture": "#0"},
				"west": {"uv": [9.5, 5.75, 12.25, 6.25], "texture": "#0"},
				"up": {"uv": [5, 12.5, 4.75, 9.75], "texture": "#0"},
				"down": {"uv": [5.5, 10.75, 5.25, 13.5], "texture": "#0"}
			}
		},
		{
			"from": [14, 7, 7],
			"to": [15, 9, 18],
			"rotation": {"angle": -45, "axis": "x", "origin": [1.5, 8, 8]},
			"faces": {
				"north": {"uv": [12.75, 12.5, 13, 13], "texture": "#0"},
				"east": {"uv": [9.5, 6.5, 12.25, 7], "texture": "#0"},
				"south": {"uv": [0.5, 13, 0.75, 13.5], "texture": "#0"},
				"west": {"uv": [9.5, 7.25, 12.25, 7.75], "texture": "#0"},
				"up": {"uv": [6, 13.5, 5.75, 10.75], "texture": "#0"},
				"down": {"uv": [2.25, 11, 2, 13.75], "texture": "#0"}
			}
		},
		{
			"from": [2, 6, 6],
			"to": [3, 10, 10],
			"rotation": {"angle": 0, "axis": "y", "origin": [4, 7, 4]},
			"faces": {
				"north": {"uv": [11.75, 2.25, 12, 3.25], "texture": "#0"},
				"east": {"uv": [9.5, 8, 10.5, 9], "texture": "#0"},
				"south": {"uv": [9.25, 11.75, 9.5, 12.75], "texture": "#0"},
				"west": {"uv": [9.5, 9.25, 10.5, 10.25], "texture": "#0"},
				"up": {"uv": [10, 12.75, 9.75, 11.75], "texture": "#0"},
				"down": {"uv": [10.5, 11.75, 10.25, 12.75], "texture": "#0"}
			}
		},
		{
			"from": [13, 6, 6],
			"to": [14, 10, 10],
			"rotation": {"angle": 0, "axis": "y", "origin": [4, 7, 4]},
			"faces": {
				"north": {"uv": [0.5, 11.75, 0.75, 12.75], "texture": "#0"},
				"east": {"uv": [5.25, 8.25, 6.25, 9.25], "texture": "#0"},
				"south": {"uv": [1, 11.75, 1.25, 12.75], "texture": "#0"},
				"west": {"uv": [5.25, 9.5, 6.25, 10.5], "texture": "#0"},
				"up": {"uv": [12, 2, 11.75, 1], "texture": "#0"},
				"down": {"uv": [1.75, 11.75, 1.5, 12.75], "texture": "#0"}
			}
		},
		{
			"from": [12, 3, 3],
			"to": [13, 13, 13],
			"rotation": {"angle": 0, "axis": "y", "origin": [4, 7, 4]},
			"faces": {
				"north": {"uv": [11.25, 1.25, 11.5, 3.75], "texture": "#0"},
				"east": {"uv": [2.75, 0, 5.25, 2.5], "texture": "#0"},
				"south": {"uv": [6.25, 11.25, 6.5, 13.75], "texture": "#0"},
				"west": {"uv": [2.75, 2.75, 5.25, 5.25], "texture": "#0"},
				"up": {"uv": [7, 13.75, 6.75, 11.25], "texture": "#0"},
				"down": {"uv": [7.5, 11.25, 7.25, 13.75], "texture": "#0"}
			}
		},
		{
			"from": [4, 12, 3],
			"to": [12, 13, 13],
			"rotation": {"angle": 0, "axis": "z", "origin": [12.5, 8, 7.5]},
			"faces": {
				"north": {"uv": [10.75, 10, 12.75, 10.25], "texture": "#0"},
				"east": {"uv": [10.75, 8, 13.25, 8.25], "texture": "#0"},
				"south": {"uv": [11.5, 0, 13.5, 0.25], "texture": "#0"},
				"west": {"uv": [10.75, 8.5, 13.25, 8.75], "texture": "#0"},
				"up": {"uv": [7, 8, 5, 5.5], "texture": "#0"},
				"down": {"uv": [9.25, 5, 7.25, 7.5], "texture": "#0"}
			}
		},
		{
			"from": [7.5, 14, 7.5],
			"to": [8.5, 16.5, 8.5],
			"rotation": {"angle": 0, "axis": "z", "origin": [10, 8, 11]},
			"faces": {
				"north": {"uv": [12.5, 6, 12.75, 6.75], "texture": "#0"},
				"east": {"uv": [12.5, 7, 12.75, 7.75], "texture": "#0"},
				"south": {"uv": [10.75, 12.5, 11, 13.25], "texture": "#0"},
				"west": {"uv": [11.25, 12.5, 11.5, 13.25], "texture": "#0"},
				"up": {"uv": [13.25, 5.75, 13, 5.5], "texture": "#0"},
				"down": {"uv": [13.25, 6, 13, 6.25], "texture": "#0"}
			}
		},
		{
			"from": [6.5, 13, 6.5],
			"to": [9.5, 14, 9.5],
			"rotation": {"angle": 0, "axis": "z", "origin": [10, 8, 11]},
			"faces": {
				"north": {"uv": [12.75, 4, 13.5, 4.25], "texture": "#0"},
				"east": {"uv": [12.75, 4.5, 13.5, 4.75], "texture": "#0"},
				"south": {"uv": [11.75, 12.75, 12.5, 13], "texture": "#0"},
				"west": {"uv": [12.75, 12, 13.5, 12.25], "texture": "#0"},
				"up": {"uv": [12, 4.75, 11.25, 4], "texture": "#0"},
				"down": {"uv": [8.5, 11.25, 7.75, 12], "texture": "#0"}
			}
		},
		{
			"from": [5.5, 13, 10.5],
			"to": [6.5, 14.5, 11.5],
			"rotation": {"angle": 0, "axis": "z", "origin": [8, 8, 14]},
			"faces": {
				"north": {"uv": [1, 13, 1.25, 13.5], "texture": "#0"},
				"east": {"uv": [13, 1, 13.25, 1.5], "texture": "#0"},
				"south": {"uv": [1.5, 13, 1.75, 13.5], "texture": "#0"},
				"west": {"uv": [13, 1.75, 13.25, 2.25], "texture": "#0"},
				"up": {"uv": [13.25, 3.75, 13, 3.5], "texture": "#0"},
				"down": {"uv": [13.25, 5, 13, 5.25], "texture": "#0"}
			}
		},
		{
			"from": [4.23223, 13.26777, 8.5],
			"to": [5.23223, 18.26777, 13.5],
			"rotation": {"angle": -45, "axis": "z", "origin": [4.73223, 16.26777, 11]},
			"faces": {
				"north": {"uv": [6.5, 8.25, 6.75, 9.5], "texture": "#0"},
				"east": {"uv": [2.25, 8.25, 3.5, 9.5], "texture": "#0"},
				"south": {"uv": [8.75, 11.25, 9, 12.5], "texture": "#0"},
				"west": {"uv": [3.75, 8.25, 5, 9.5], "texture": "#0"},
				"up": {"uv": [11.75, 12.25, 11.5, 11], "texture": "#0"},
				"down": {"uv": [0.25, 11.75, 0, 13], "texture": "#0"}
			}
		},
		{
			"from": [3.23223, 15.26777, 10.5],
			"to": [7.23223, 16.26777, 11.5],
			"rotation": {"angle": -45, "axis": "z", "origin": [4.73223, 16.26777, 11]},
			"faces": {
				"north": {"uv": [5.5, 5, 6.5, 5.25], "texture": "#0"},
				"east": {"uv": [13, 2.5, 13.25, 2.75], "texture": "#0"},
				"south": {"uv": [11.75, 3.5, 12.75, 3.75], "texture": "#0"},
				"west": {"uv": [13, 3, 13.25, 3.25], "texture": "#0"},
				"up": {"uv": [13, 11.25, 12, 11], "texture": "#0"},
				"down": {"uv": [13, 11.5, 12, 11.75], "texture": "#0"}
			}
		},
		{
			"from": [4, 3, 3],
			"to": [12, 4, 13],
			"rotation": {"angle": 0, "axis": "z", "origin": [12.5, 8, 7.5]},
			"faces": {
				"north": {"uv": [11.5, 0.5, 13.5, 0.75], "texture": "#0"},
				"east": {"uv": [10.75, 9, 13.25, 9.25], "texture": "#0"},
				"south": {"uv": [11.5, 10.5, 13.5, 10.75], "texture": "#0"},
				"west": {"uv": [10.75, 9.5, 13.25, 9.75], "texture": "#0"},
				"up": {"uv": [2, 10.25, 0, 7.75], "texture": "#0"},
				"down": {"uv": [9.75, 2.25, 7.75, 4.75], "texture": "#0"}
			}
		}
	],
	"display": {
		"thirdperson_righthand": {
			"rotation": [75, 45, 0],
			"translation": [0, 2.5, 0],
			"scale": [0.375, 0.375, 0.375]
		},
		"thirdperson_lefthand": {
			"rotation": [75, 45, 0],
			"translation": [0, 2.5, 0],
			"scale": [0.375, 0.375, 0.375]
		},
		"firstperson_righthand": {
			"rotation": [0, 123, 0],
			"translation": [0, 3, 0],
			"scale": [0.4, 0.4, 0.4]
		},
		"firstperson_lefthand": {
			"rotation": [0, 124, 0],
			"translation": [0, 3, 0],
			"scale": [0.4, 0.4, 0.4]
		},
		"ground": {
			"translation": [0, 2, 0],
			"scale": [0.5, 0.5, 0.5]
		},
		"gui": {
			"rotation": [30, 135, 0],
			"translation": [-0.75, -1.25, 0],
			"scale": [0.8, 0.8, 0.8]
		},
		"head": {
			"translation": [0, -24, 0],
			"scale": [1.5, 1.5, 1.5]
		}
	}
}