{
	"textures": {
		"0": "expansion:blocks/fabricator/fabricator"
	},
	"elements": [
		{
			"from": [
				4.081632653061225,
				31.020408163265305,
				3.1020408163265305
			],
			"to": [
				5.061224489795919,
				32,
				12.89795918367347
			],
			"rotation": {
				"angle": 0,
				"axis": "y",
				"origin": [
					8,
					8,
					8
				]
			},
			"faces": {
				"north": {
					"uv": [
						7.75,
						1.25,
						7.875,
						1.375
					],
					"texture": "#0"
				},
				"east": {
					"uv": [
						6.875,
						6.75,
						8.125,
						6.875
					],
					"texture": "#0"
				},
				"south": {
					"uv": [
						7.75,
						1.375,
						7.875,
						1.5
					],
					"texture": "#0"
				},
				"west": {
					"uv": [
						6.875,
						6.875,
						8.125,
						7
					],
					"texture": "#0"
				},
				"up": {
					"uv": [
						3.5,
						8.125,
						3.375,
						6.875
					],
					"texture": "#0"
				},
				"down": {
					"uv": [
						6.625,
						6.875,
						6.5,
						8.125
					],
					"texture": "#0"
				}
			}
		}
	],
	"display": {
		"head": {
			"rotation": [
				0,
				180,
				0
			]
		}
	}
}