{
	"textures": {
		"0": "expansion:blocks/fabricator/fabricator"
	},
	"elements": [
		{
			"from": [
				3.846153846153846,
				28.76923076923077,
				9.384615384615385
			],
			"to": [
				5.692307692307692,
				31.53846153846154,
				11.23076923076923
			],
			"rotation": {
				"angle": 0,
				"axis": "y",
				"origin": [
					8,
					8,
					8
				]
			},
			"faces": {
				"north": {
					"uv": [
						0,
						7.25,
						0.25,
						7.625
					],
					"texture": "#0"
				},
				"east": {
					"uv": [
						0.25,
						7.25,
						0.5,
						7.625
					],
					"texture": "#0"
				},
				"south": {
					"uv": [
						0.5,
						7.25,
						0.75,
						7.625
					],
					"texture": "#0"
				},
				"west": {
					"uv": [
						0.75,
						7.25,
						1,
						7.625
					],
					"texture": "#0"
				},
				"up": {
					"uv": [
						2.875,
						7.625,
						2.625,
						7.375
					],
					"texture": "#0"
				},
				"down": {
					"uv": [
						7.625,
						4.25,
						7.375,
						4.5
					],
					"texture": "#0"
				}
			}
		},
		{
			"from": [
				4.076923076923077,
				31.53846153846154,
				9.615384615384615
			],
			"to": [
				5.461538461538462,
				32,
				11
			],
			"rotation": {
				"angle": 0,
				"axis": "y",
				"origin": [
					8,
					8,
					8
				]
			},
			"faces": {
				"north": {
					"uv": [
						7.25,
						4.75,
						7.5,
						4.875
					],
					"texture": "#0"
				},
				"east": {
					"uv": [
						7.5,
						4.75,
						7.75,
						4.875
					],
					"texture": "#0"
				},
				"south": {
					"uv": [
						7.625,
						3.375,
						7.875,
						3.5
					],
					"texture": "#0"
				},
				"west": {
					"uv": [
						7.625,
						3.5,
						7.875,
						3.625
					],
					"texture": "#0"
				},
				"up": {
					"uv": [
						7.625,
						4.75,
						7.375,
						4.5
					],
					"texture": "#0"
				},
				"down": {
					"uv": [
						7.625,
						7.125,
						7.375,
						7.375
					],
					"texture": "#0"
				}
			}
		},
		{
			"from": [
				4.3076923076923075,
				27.846153846153847,
				9.846153846153847
			],
			"to": [
				5.230769230769231,
				28.76923076923077,
				10.76923076923077
			],
			"rotation": {
				"angle": 0,
				"axis": "y",
				"origin": [
					8,
					8,
					8
				]
			},
			"faces": {
				"north": {
					"uv": [
						7.75,
						1.5,
						7.875,
						1.625
					],
					"texture": "#0"
				},
				"east": {
					"uv": [
						7.75,
						1.625,
						7.875,
						1.75
					],
					"texture": "#0"
				},
				"south": {
					"uv": [
						7.75,
						1.75,
						7.875,
						1.875
					],
					"texture": "#0"
				},
				"west": {
					"uv": [
						7.75,
						1.875,
						7.875,
						2
					],
					"texture": "#0"
				},
				"up": {
					"uv": [
						2.25,
						7.875,
						2.125,
						7.75
					],
					"texture": "#0"
				},
				"down": {
					"uv": [
						2.375,
						7.75,
						2.25,
						7.875
					],
					"texture": "#0"
				}
			}
		}
	],
	"display": {
		"head": {
			"rotation": [
				0,
				180,
				0
			]
		}
	}
}