{
	"textures": {
		"0": "animated_java:item/assembler/assembler"
	},
	"elements": [
		{
			"from": [10, 20.94454, 11.84911],
			"to": [12, 22.94454, 18.84911],
			"rotation": {
				"angle": -45,
				"axis": "x",
				"origin": [23.25, 11.5, 26.25]
			},
			"faces": {
				"north": {
					"uv": [11.25, 11, 11.375, 11.125],
					"texture": "#0"
				},
				"east": {
					"uv": [9.4375, 9.625, 9.875, 9.75],
					"texture": "#0"
				},
				"south": {
					"uv": [11.25, 11.1875, 11.375, 11.3125],
					"texture": "#0"
				},
				"west": {
					"uv": [1.1875, 9.6875, 1.625, 9.8125],
					"texture": "#0"
				},
				"up": {
					"uv": [7.0625, 9.9375, 6.9375, 9.5],
					"texture": "#0"
				},
				"down": {
					"uv": [6.75, 9.5625, 6.625, 10],
					"texture": "#0"
				}
			}
		},
		{
			"from": [9.5, 15.52434, 8.37433],
			"to": [12.5, 17.02434, 9.37433],
			"rotation": {
				"angle": -22.5,
				"axis": "x",
				"origin": [23.25, 11.5, 26.25]
			},
			"faces": {
				"north": {
					"uv": [11.0625, 1.25, 11.25, 1.375],
					"texture": "#0"
				},
				"east": {
					"uv": [12.125, 1.75, 12.1875, 1.875],
					"texture": "#0"
				},
				"south": {
					"uv": [11.0625, 1.4375, 11.25, 1.5625],
					"texture": "#0"
				},
				"west": {
					"uv": [12.125, 2.1875, 12.1875, 2.3125],
					"texture": "#0"
				},
				"up": {
					"uv": [11.875, 1.25, 11.6875, 1.1875],
					"texture": "#0"
				},
				"down": {
					"uv": [11.875, 3.0625, 11.6875, 3.125],
					"texture": "#0"
				}
			}
		},
		{
			"from": [9.5, 20.44454, 7.84911],
			"to": [12.5, 23.44454, 11.84911],
			"rotation": {
				"angle": -45,
				"axis": "x",
				"origin": [23.25, 11.5, 26.25]
			},
			"faces": {
				"north": {
					"uv": [1.3125, 10.625, 1.5, 10.8125],
					"texture": "#0"
				},
				"east": {
					"uv": [7.375, 9.875, 7.625, 10.0625],
					"texture": "#0"
				},
				"south": {
					"uv": [3.625, 10.625, 3.8125, 10.8125],
					"texture": "#0"
				},
				"west": {
					"uv": [8.75, 9.875, 9, 10.0625],
					"texture": "#0"
				},
				"up": {
					"uv": [0.625, 10.1875, 0.4375, 9.9375],
					"texture": "#0"
				},
				"down": {
					"uv": [0.875, 9.9375, 0.6875, 10.1875],
					"texture": "#0"
				}
			}
		},
		{
			"from": [10.5, 8.05599, 5.49964],
			"to": [11.5, 9.05599, 6.99964],
			"rotation": {
				"angle": 0,
				"axis": "y",
				"origin": [23.25, 11.5, 26.25]
			},
			"faces": {
				"north": {
					"uv": [12.1875, 10.8125, 12.25, 10.875],
					"texture": "#0"
				},
				"east": {
					"uv": [2.625, 12.125, 2.75, 12.1875],
					"texture": "#0"
				},
				"south": {
					"uv": [12.1875, 10.9375, 12.25, 11],
					"texture": "#0"
				},
				"west": {
					"uv": [3.1875, 12.125, 3.3125, 12.1875],
					"texture": "#0"
				},
				"up": {
					"uv": [2.4375, 12.25, 2.375, 12.125],
					"texture": "#0"
				},
				"down": {
					"uv": [12.1875, 3.25, 12.125, 3.375],
					"texture": "#0"
				}
			}
		},
		{
			"from": [10.5, 23.44454, 6.84911],
			"to": [11.5, 24.44454, 9.84911],
			"rotation": {
				"angle": -45,
				"axis": "x",
				"origin": [23.25, 11.5, 26.25]
			},
			"faces": {
				"north": {
					"uv": [11.5, 1.3125, 11.5625, 1.375],
					"texture": "#0"
				},
				"east": {
					"uv": [11.6875, 4.5, 11.875, 4.5625],
					"texture": "#0"
				},
				"south": {
					"uv": [3.0625, 11.5, 3.125, 11.5625],
					"texture": "#0"
				},
				"west": {
					"uv": [11.6875, 4.625, 11.875, 4.6875],
					"texture": "#0"
				},
				"up": {
					"uv": [1.3125, 11.875, 1.25, 11.6875],
					"texture": "#0"
				},
				"down": {
					"uv": [2.5625, 11.6875, 2.5, 11.875],
					"texture": "#0"
				}
			}
		},
		{
			"from": [10.5, 21.44454, 6.84911],
			"to": [11.5, 22.44454, 7.84911],
			"rotation": {
				"angle": -45,
				"axis": "x",
				"origin": [23.25, 11.5, 26.25]
			},
			"faces": {
				"north": {
					"uv": [2.25, 12.1875, 2.3125, 12.25],
					"texture": "#0"
				},
				"east": {
					"uv": [2.5, 12.1875, 2.5625, 12.25],
					"texture": "#0"
				},
				"south": {
					"uv": [8.5, 12.1875, 8.5625, 12.25],
					"texture": "#0"
				},
				"west": {
					"uv": [9.8125, 12.1875, 9.875, 12.25],
					"texture": "#0"
				},
				"up": {
					"uv": [12.25, 10.625, 12.1875, 10.5625],
					"texture": "#0"
				},
				"down": {
					"uv": [12.25, 10.6875, 12.1875, 10.75],
					"texture": "#0"
				}
			}
		},
		{
			"from": [9.5, 7.89073, 8.49072],
			"to": [12.5, 8.89073, 9.99072],
			"rotation": {
				"angle": 22.5,
				"axis": "x",
				"origin": [11, 8.39073, 9.24072]
			},
			"faces": {
				"north": {
					"uv": [3.625, 11.6875, 3.8125, 11.75],
					"texture": "#0"
				},
				"east": {
					"uv": [12.125, 2.375, 12.25, 2.4375],
					"texture": "#0"
				},
				"south": {
					"uv": [4.125, 11.6875, 4.3125, 11.75],
					"texture": "#0"
				},
				"west": {
					"uv": [12.125, 2.5, 12.25, 2.5625],
					"texture": "#0"
				},
				"up": {
					"uv": [11.25, 3.0625, 11.0625, 2.9375],
					"texture": "#0"
				},
				"down": {
					"uv": [11.25, 4.75, 11.0625, 4.875],
					"texture": "#0"
				}
			}
		}
	],
	"display": {
		"head": {
			"rotation": [0, 180, 0]
		}
	}
}