{
	"textures": {
		"0": "animated_java:item/assembler/assembler"
	},
	"elements": [
		{
			"from": [6.69302, 26.86104, -2.5],
			"to": [9.64952, 28.86104, 7.5],
			"rotation": {
				"angle": 22.5,
				"axis": "z",
				"origin": [10.25, 8, -3.5]
			},
			"faces": {
				"north": {
					"uv": [8.625, 11.125, 8.8125, 11.25],
					"texture": "#0"
				},
				"east": {
					"uv": [5.375, 8.8125, 6, 8.9375],
					"texture": "#0"
				},
				"south": {
					"uv": [11.125, 8.6875, 11.3125, 8.8125],
					"texture": "#0"
				},
				"west": {
					"uv": [7.6875, 8.8125, 8.3125, 8.9375],
					"texture": "#0"
				},
				"up": {
					"uv": [0.9375, 7.625, 0.75, 7],
					"texture": "#0"
				},
				"down": {
					"uv": [1.1875, 7, 1, 7.625],
					"texture": "#0"
				}
			}
		}
	],
	"display": {
		"head": {
			"rotation": [0, 180, 0]
		}
	}
}