{
	"textures": {
		"0": "animated_java:item/assembler/assembler"
	},
	"elements": [
		{
			"from": [7, 15.02728, 16.96536],
			"to": [9, 15.85571, 18.96536],
			"rotation": {
				"angle": 45,
				"axis": "x",
				"origin": [-9, 23.75, 4]
			},
			"faces": {
				"north": {
					"uv": [12.125, 6.8125, 12.25, 6.875],
					"texture": "#0"
				},
				"east": {
					"uv": [12.125, 6.9375, 12.25, 7],
					"texture": "#0"
				},
				"south": {
					"uv": [7, 12.125, 7.125, 12.1875],
					"texture": "#0"
				},
				"west": {
					"uv": [12.125, 7.0625, 12.25, 7.125],
					"texture": "#0"
				},
				"up": {
					"uv": [4.4375, 11.4375, 4.3125, 11.3125],
					"texture": "#0"
				},
				"down": {
					"uv": [11.4375, 4.5, 11.3125, 4.625],
					"texture": "#0"
				}
			}
		},
		{
			"from": [7, 7.58579, 7],
			"to": [9, 8.41421, 9],
			"rotation": {
				"angle": 0,
				"axis": "y",
				"origin": [-9, 23.75, 4]
			},
			"faces": {
				"north": {
					"uv": [12.125, 7.1875, 12.25, 7.25],
					"texture": "#0"
				},
				"east": {
					"uv": [7.5, 12.125, 7.625, 12.1875],
					"texture": "#0"
				},
				"south": {
					"uv": [8.125, 12.125, 8.25, 12.1875],
					"texture": "#0"
				},
				"west": {
					"uv": [12.125, 8.5, 12.25, 8.5625],
					"texture": "#0"
				},
				"up": {
					"uv": [11.4375, 4.8125, 11.3125, 4.6875],
					"texture": "#0"
				},
				"down": {
					"uv": [4.9375, 11.3125, 4.8125, 11.4375],
					"texture": "#0"
				}
			}
		},
		{
			"from": [7, 14.4415, 17.55115],
			"to": [9, 16.4415, 18.37957],
			"rotation": {
				"angle": 45,
				"axis": "x",
				"origin": [-9, 23.75, 4]
			},
			"faces": {
				"north": {
					"uv": [5, 11.3125, 5.125, 11.4375],
					"texture": "#0"
				},
				"east": {
					"uv": [8.75, 12.125, 8.8125, 12.25],
					"texture": "#0"
				},
				"south": {
					"uv": [5.5, 11.3125, 5.625, 11.4375],
					"texture": "#0"
				},
				"west": {
					"uv": [12.125, 8.75, 12.1875, 8.875],
					"texture": "#0"
				},
				"up": {
					"uv": [12.25, 9, 12.125, 8.9375],
					"texture": "#0"
				},
				"down": {
					"uv": [12.25, 9.0625, 12.125, 9.125],
					"texture": "#0"
				}
			}
		},
		{
			"from": [7, 7, 7.58579],
			"to": [9, 9, 8.41421],
			"rotation": {
				"angle": 0,
				"axis": "y",
				"origin": [-9, 23.75, 4]
			},
			"faces": {
				"north": {
					"uv": [5.6875, 11.3125, 5.8125, 11.4375],
					"texture": "#0"
				},
				"east": {
					"uv": [9.9375, 12.125, 10, 12.25],
					"texture": "#0"
				},
				"south": {
					"uv": [11.3125, 6.3125, 11.4375, 6.4375],
					"texture": "#0"
				},
				"west": {
					"uv": [10.0625, 12.125, 10.125, 12.25],
					"texture": "#0"
				},
				"up": {
					"uv": [12.25, 9.25, 12.125, 9.1875],
					"texture": "#0"
				},
				"down": {
					"uv": [10.3125, 12.125, 10.1875, 12.1875],
					"texture": "#0"
				}
			}
		}
	],
	"display": {
		"head": {
			"rotation": [0, 180, 0]
		}
	}
}