{
	"credit": "Made with Blockbench",
	"textures": {
		"1": "expansion:items/cooling_element",
		"particle": "expansion:items/cooling_element"
	},
	"elements": [
		{
			"name": "cooling_element_0",
			"from": [6, 1, 7.5],
			"to": [10, 15, 8.5],
			"faces": {
				"north": {"uv": [6, 15, 10, 1], "rotation": 180, "texture": "#1"},
				"east": {"uv": [9, 1, 10, 15], "texture": "#1"},
				"south": {"uv": [6, 1, 10, 15], "texture": "#1"},
				"west": {"uv": [6, 1, 7, 15], "texture": "#1"},
				"up": {"uv": [10, 1, 6, 2], "rotation": 180, "texture": "#1"},
				"down": {"uv": [6, 14, 10, 15], "texture": "#1"}
			}
		},
		{
			"name": "cooling_element_1",
			"from": [4, 2, 7.5],
			"to": [6, 14, 8.5],
			"faces": {
				"north": {"uv": [4, 14, 6, 2], "rotation": 180, "texture": "#1"},
				"east": {"uv": [5, 2, 6, 14], "texture": "#1"},
				"south": {"uv": [4, 2, 6, 14], "texture": "#1"},
				"west": {"uv": [4, 2, 5, 14], "texture": "#1"},
				"up": {"uv": [6, 2, 4, 3], "rotation": 180, "texture": "#1"},
				"down": {"uv": [4, 13, 6, 14], "texture": "#1"}
			}
		},
		{
			"name": "cooling_element_2",
			"from": [10, 2, 7.5],
			"to": [12, 14, 8.5],
			"faces": {
				"north": {"uv": [10, 14, 12, 2], "rotation": 180, "texture": "#1"},
				"east": {"uv": [11, 2, 12, 14], "texture": "#1"},
				"south": {"uv": [10, 2, 12, 14], "texture": "#1"},
				"west": {"uv": [10, 2, 11, 14], "texture": "#1"},
				"up": {"uv": [12, 2, 10, 3], "rotation": 180, "texture": "#1"},
				"down": {"uv": [10, 13, 12, 14], "texture": "#1"}
			}
		},
		{
			"name": "cooling_element_3",
			"from": [3, 3, 7.5],
			"to": [4, 13, 8.5],
			"faces": {
				"north": {"uv": [3, 13, 4, 3], "rotation": 180, "texture": "#1"},
				"east": {"uv": [3, 3, 4, 13], "texture": "#1"},
				"south": {"uv": [3, 3, 4, 13], "texture": "#1"},
				"west": {"uv": [3, 3, 4, 13], "texture": "#1"},
				"up": {"uv": [4, 3, 3, 4], "rotation": 180, "texture": "#1"},
				"down": {"uv": [3, 12, 4, 13], "texture": "#1"}
			}
		},
		{
			"name": "cooling_element_4",
			"from": [12, 3, 7.5],
			"to": [13, 13, 8.5],
			"faces": {
				"north": {"uv": [12, 13, 13, 3], "rotation": 180, "texture": "#1"},
				"east": {"uv": [12, 3, 13, 13], "texture": "#1"},
				"south": {"uv": [12, 3, 13, 13], "texture": "#1"},
				"west": {"uv": [12, 3, 13, 13], "texture": "#1"},
				"up": {"uv": [13, 3, 12, 4], "rotation": 180, "texture": "#1"},
				"down": {"uv": [12, 12, 13, 13], "texture": "#1"}
			}
		},
		{
			"name": "cooling_element_5",
			"from": [2, 4, 7.5],
			"to": [3, 12, 8.5],
			"faces": {
				"north": {"uv": [2, 12, 3, 4], "rotation": 180, "texture": "#1"},
				"east": {"uv": [2, 4, 3, 12], "texture": "#1"},
				"south": {"uv": [2, 4, 3, 12], "texture": "#1"},
				"west": {"uv": [2, 4, 3, 12], "texture": "#1"},
				"up": {"uv": [3, 4, 2, 5], "rotation": 180, "texture": "#1"},
				"down": {"uv": [2, 11, 3, 12], "texture": "#1"}
			}
		},
		{
			"name": "cooling_element_6",
			"from": [13, 4, 7.5],
			"to": [14, 12, 8.5],
			"faces": {
				"north": {"uv": [13, 12, 14, 4], "rotation": 180, "texture": "#1"},
				"east": {"uv": [13, 4, 14, 12], "texture": "#1"},
				"south": {"uv": [13, 4, 14, 12], "texture": "#1"},
				"west": {"uv": [13, 4, 14, 12], "texture": "#1"},
				"up": {"uv": [14, 4, 13, 5], "rotation": 180, "texture": "#1"},
				"down": {"uv": [13, 11, 14, 12], "texture": "#1"}
			}
		},
		{
			"name": "cooling_element_7",
			"from": [1, 6, 7.5],
			"to": [2, 10, 8.5],
			"faces": {
				"north": {"uv": [1, 10, 2, 6], "rotation": 180, "texture": "#1"},
				"east": {"uv": [1, 6, 2, 10], "texture": "#1"},
				"south": {"uv": [1, 6, 2, 10], "texture": "#1"},
				"west": {"uv": [1, 6, 2, 10], "texture": "#1"},
				"up": {"uv": [2, 6, 1, 7], "rotation": 180, "texture": "#1"},
				"down": {"uv": [1, 9, 2, 10], "texture": "#1"}
			}
		},
		{
			"name": "cooling_element_8",
			"from": [14, 6, 7.5],
			"to": [15, 10, 8.5],
			"faces": {
				"north": {"uv": [14, 10, 15, 6], "rotation": 180, "texture": "#1"},
				"east": {"uv": [14, 6, 15, 10], "texture": "#1"},
				"south": {"uv": [14, 6, 15, 10], "texture": "#1"},
				"west": {"uv": [14, 6, 15, 10], "texture": "#1"},
				"up": {"uv": [15, 6, 14, 7], "rotation": 180, "texture": "#1"},
				"down": {"uv": [14, 9, 15, 10], "texture": "#1"}
			}
		}
	],
	"gui_light": "front",
	"display": {
		"thirdperson_righthand": {
			"translation": [0, 3, 1],
			"scale": [0.55, 0.55, 0.55]
		},
		"thirdperson_lefthand": {
			"translation": [0, 3, 1],
			"scale": [0.55, 0.55, 0.55]
		},
		"firstperson_righthand": {
			"rotation": [0, -90, 25],
			"translation": [1.13, 3.2, 1.13],
			"scale": [0.68, 0.68, 0.68]
		},
		"firstperson_lefthand": {
			"rotation": [0, -90, 25],
			"translation": [1.13, 3.2, 1.13],
			"scale": [0.68, 0.68, 0.68]
		},
		"ground": {
			"translation": [0, 2, 0],
			"scale": [0.5, 0.5, 0.5]
		},
		"head": {
			"rotation": [90, 0, 0],
			"translation": [0, -42.4, 0],
			"scale": [1.6, 1.6, 1.6]
		},
		"fixed": {
			"rotation": [0, 180, 0]
		}
	},
	"groups": [
		{
			"name": "cooling_element",
			"origin": [8, 8, 8],
			"color": 0,
			"nbt": "{}",
			"armAnimationEnabled": false,
			"children": [0, 1, 2, 3, 4, 5, 6, 7, 8]
		}
	]
}