{
	"credit": "Made with Blockbench",
	"texture_size": [32, 32],
	"textures": {
		"1": "expansion:items/processing_unit"
	},
	"elements": [
		{
			"from": [2, 2, 7.75],
			"to": [14, 14, 9.25],
			"faces": {
				"north": {"uv": [6, 6.5, 0, 12.5], "rotation": 180, "texture": "#1"},
				"east": {"uv": [6.5, 1.5, 12.5, 2.25], "rotation": 270, "texture": "#1"},
				"south": {"uv": [6, 6, 0, 0], "texture": "#1"},
				"west": {"uv": [6.5, 4.5, 12.5, 5.25], "rotation": 90, "texture": "#1"},
				"up": {"uv": [6.5, 0, 12.5, 0.75], "rotation": 180, "texture": "#1"},
				"down": {"uv": [6.5, 3, 12.5, 3.75], "texture": "#1"}
			}
		},
		{
			"from": [2.5, 14, 8],
			"to": [3.5, 16, 9],
			"faces": {
				"north": {"uv": [7, 8, 6.5, 9], "rotation": 180, "texture": "#1"},
				"east": {"uv": [6.5, 6, 7.5, 6.5], "rotation": 270, "texture": "#1"},
				"south": {"uv": [8.5, 7, 8, 6], "texture": "#1"},
				"west": {"uv": [6.5, 7, 7.5, 7.5], "rotation": 90, "texture": "#1"},
				"up": {"uv": [12, 6, 12.5, 6.5], "rotation": 180, "texture": "#1"},
				"down": {"uv": [7.5, 12, 8, 12.5], "texture": "#1"}
			}
		},
		{
			"from": [2.5, 0, 8],
			"to": [3.5, 2, 9],
			"rotation": {"angle": 0, "axis": "y", "origin": [0, -16, 0]},
			"faces": {
				"north": {"uv": [7, 9, 6.5, 8], "rotation": 180, "texture": "#1"},
				"east": {"uv": [7.5, 6, 6.5, 6.5], "rotation": 270, "texture": "#1"},
				"south": {"uv": [8.5, 6, 8, 7], "texture": "#1"},
				"west": {"uv": [7.5, 7, 6.5, 7.5], "rotation": 90, "texture": "#1"},
				"up": {"uv": [8, 12, 7.5, 12.5], "rotation": 180, "texture": "#1"},
				"down": {"uv": [12.5, 6, 12, 6.5], "texture": "#1"}
			}
		},
		{
			"from": [0, 12.5, 8],
			"to": [2, 13.5, 9],
			"rotation": {"angle": 0, "axis": "y", "origin": [0, -16, 0]},
			"faces": {
				"north": {"uv": [7, 9, 6.5, 8], "rotation": 90, "texture": "#1"},
				"east": {"uv": [8, 12, 7.5, 12.5], "rotation": 270, "texture": "#1"},
				"south": {"uv": [8.5, 6, 8, 7], "rotation": 90, "texture": "#1"},
				"west": {"uv": [12.5, 6, 12, 6.5], "rotation": 90, "texture": "#1"},
				"up": {"uv": [7.5, 7, 6.5, 7.5], "rotation": 180, "texture": "#1"},
				"down": {"uv": [7.5, 6, 6.5, 6.5], "texture": "#1"}
			}
		},
		{
			"from": [14, 12.5, 8],
			"to": [16, 13.5, 9],
			"rotation": {"angle": 0, "axis": "y", "origin": [16, -16, 0]},
			"faces": {
				"north": {"uv": [7, 8, 6.5, 9], "rotation": 90, "texture": "#1"},
				"east": {"uv": [12, 6, 12.5, 6.5], "rotation": 270, "texture": "#1"},
				"south": {"uv": [8.5, 7, 8, 6], "rotation": 90, "texture": "#1"},
				"west": {"uv": [7.5, 12, 8, 12.5], "rotation": 90, "texture": "#1"},
				"up": {"uv": [6.5, 7, 7.5, 7.5], "rotation": 180, "texture": "#1"},
				"down": {"uv": [6.5, 6, 7.5, 6.5], "texture": "#1"}
			}
		},
		{
			"from": [4.5, 14, 8],
			"to": [5.5, 16, 9],
			"faces": {
				"north": {"uv": [8, 9, 7.5, 10], "rotation": 180, "texture": "#1"},
				"east": {"uv": [7.5, 8, 8.5, 8.5], "rotation": 270, "texture": "#1"},
				"south": {"uv": [9.5, 8, 9, 7], "texture": "#1"},
				"west": {"uv": [9, 6, 10, 6.5], "rotation": 90, "texture": "#1"},
				"up": {"uv": [9.5, 12, 10, 12.5], "rotation": 180, "texture": "#1"},
				"down": {"uv": [12, 11.5, 12.5, 12], "texture": "#1"}
			}
		},
		{
			"from": [4.5, 0, 8],
			"to": [5.5, 2, 9],
			"rotation": {"angle": 0, "axis": "y", "origin": [0, -16, 0]},
			"faces": {
				"north": {"uv": [8, 10, 7.5, 9], "rotation": 180, "texture": "#1"},
				"east": {"uv": [8.5, 8, 7.5, 8.5], "rotation": 270, "texture": "#1"},
				"south": {"uv": [9.5, 7, 9, 8], "texture": "#1"},
				"west": {"uv": [10, 6, 9, 6.5], "rotation": 90, "texture": "#1"},
				"up": {"uv": [12.5, 11.5, 12, 12], "rotation": 180, "texture": "#1"},
				"down": {"uv": [10, 12, 9.5, 12.5], "texture": "#1"}
			}
		},
		{
			"from": [0, 10.5, 8],
			"to": [2, 11.5, 9],
			"rotation": {"angle": 0, "axis": "y", "origin": [0, -16, 0]},
			"faces": {
				"north": {"uv": [8, 10, 7.5, 9], "rotation": 90, "texture": "#1"},
				"east": {"uv": [12.5, 11.5, 12, 12], "rotation": 270, "texture": "#1"},
				"south": {"uv": [9.5, 7, 9, 8], "rotation": 90, "texture": "#1"},
				"west": {"uv": [10, 12, 9.5, 12.5], "rotation": 90, "texture": "#1"},
				"up": {"uv": [10, 6, 9, 6.5], "rotation": 180, "texture": "#1"},
				"down": {"uv": [8.5, 8, 7.5, 8.5], "texture": "#1"}
			}
		},
		{
			"from": [14, 10.5, 8],
			"to": [16, 11.5, 9],
			"rotation": {"angle": 0, "axis": "y", "origin": [16, -16, 0]},
			"faces": {
				"north": {"uv": [8, 9, 7.5, 10], "rotation": 90, "texture": "#1"},
				"east": {"uv": [9.5, 12, 10, 12.5], "rotation": 270, "texture": "#1"},
				"south": {"uv": [9.5, 8, 9, 7], "rotation": 90, "texture": "#1"},
				"west": {"uv": [12, 11.5, 12.5, 12], "rotation": 90, "texture": "#1"},
				"up": {"uv": [9, 6, 10, 6.5], "rotation": 180, "texture": "#1"},
				"down": {"uv": [7.5, 8, 8.5, 8.5], "texture": "#1"}
			}
		},
		{
			"from": [6.5, 14, 8],
			"to": [7.5, 16, 9],
			"faces": {
				"north": {"uv": [10.5, 8, 10, 9], "rotation": 180, "texture": "#1"},
				"east": {"uv": [8.5, 9, 9.5, 9.5], "rotation": 270, "texture": "#1"},
				"south": {"uv": [7, 10.5, 6.5, 9.5], "texture": "#1"},
				"west": {"uv": [10, 7, 11, 7.5], "rotation": 90, "texture": "#1"},
				"up": {"uv": [6.5, 12.5, 7, 13], "rotation": 180, "texture": "#1"},
				"down": {"uv": [12.5, 8, 13, 8.5], "texture": "#1"}
			}
		},
		{
			"from": [6.5, 0, 8],
			"to": [7.5, 2, 9],
			"rotation": {"angle": 0, "axis": "y", "origin": [0, -16, 0]},
			"faces": {
				"north": {"uv": [10.5, 9, 10, 8], "rotation": 180, "texture": "#1"},
				"east": {"uv": [9.5, 9, 8.5, 9.5], "rotation": 270, "texture": "#1"},
				"south": {"uv": [7, 9.5, 6.5, 10.5], "texture": "#1"},
				"west": {"uv": [11, 7, 10, 7.5], "rotation": 90, "texture": "#1"},
				"up": {"uv": [13, 8, 12.5, 8.5], "rotation": 180, "texture": "#1"},
				"down": {"uv": [7, 12.5, 6.5, 13], "texture": "#1"}
			}
		},
		{
			"from": [0, 8.5, 8],
			"to": [2, 9.5, 9],
			"rotation": {"angle": 0, "axis": "y", "origin": [0, -16, 0]},
			"faces": {
				"north": {"uv": [10.5, 9, 10, 8], "rotation": 90, "texture": "#1"},
				"east": {"uv": [13, 8, 12.5, 8.5], "rotation": 270, "texture": "#1"},
				"south": {"uv": [7, 9.5, 6.5, 10.5], "rotation": 90, "texture": "#1"},
				"west": {"uv": [7, 12.5, 6.5, 13], "rotation": 90, "texture": "#1"},
				"up": {"uv": [11, 7, 10, 7.5], "rotation": 180, "texture": "#1"},
				"down": {"uv": [9.5, 9, 8.5, 9.5], "texture": "#1"}
			}
		},
		{
			"from": [14, 8.5, 8],
			"to": [16, 9.5, 9],
			"rotation": {"angle": 0, "axis": "y", "origin": [16, -16, 0]},
			"faces": {
				"north": {"uv": [10.5, 8, 10, 9], "rotation": 90, "texture": "#1"},
				"east": {"uv": [6.5, 12.5, 7, 13], "rotation": 270, "texture": "#1"},
				"south": {"uv": [7, 10.5, 6.5, 9.5], "rotation": 90, "texture": "#1"},
				"west": {"uv": [12.5, 8, 13, 8.5], "rotation": 90, "texture": "#1"},
				"up": {"uv": [10, 7, 11, 7.5], "rotation": 180, "texture": "#1"},
				"down": {"uv": [8.5, 9, 9.5, 9.5], "texture": "#1"}
			}
		},
		{
			"from": [8.5, 14, 8],
			"to": [9.5, 16, 9],
			"faces": {
				"north": {"uv": [10.5, 10.5, 10, 11.5], "rotation": 180, "texture": "#1"},
				"east": {"uv": [8.5, 10, 9.5, 10.5], "rotation": 270, "texture": "#1"},
				"south": {"uv": [8, 11.5, 7.5, 10.5], "texture": "#1"},
				"west": {"uv": [10, 9.5, 11, 10], "rotation": 90, "texture": "#1"},
				"up": {"uv": [8.5, 12.5, 9, 13], "rotation": 180, "texture": "#1"},
				"down": {"uv": [12.5, 9, 13, 9.5], "texture": "#1"}
			}
		},
		{
			"from": [8.5, 0, 8],
			"to": [9.5, 2, 9],
			"rotation": {"angle": 0, "axis": "y", "origin": [0, -16, 0]},
			"faces": {
				"north": {"uv": [10.5, 11.5, 10, 10.5], "rotation": 180, "texture": "#1"},
				"east": {"uv": [9.5, 10, 8.5, 10.5], "rotation": 270, "texture": "#1"},
				"south": {"uv": [8, 10.5, 7.5, 11.5], "texture": "#1"},
				"west": {"uv": [11, 9.5, 10, 10], "rotation": 90, "texture": "#1"},
				"up": {"uv": [13, 9, 12.5, 9.5], "rotation": 180, "texture": "#1"},
				"down": {"uv": [9, 12.5, 8.5, 13], "texture": "#1"}
			}
		},
		{
			"from": [0, 6.5, 8],
			"to": [2, 7.5, 9],
			"rotation": {"angle": 0, "axis": "y", "origin": [0, -16, 0]},
			"faces": {
				"north": {"uv": [10.5, 11.5, 10, 10.5], "rotation": 90, "texture": "#1"},
				"east": {"uv": [13, 9, 12.5, 9.5], "rotation": 270, "texture": "#1"},
				"south": {"uv": [8, 10.5, 7.5, 11.5], "rotation": 90, "texture": "#1"},
				"west": {"uv": [9, 12.5, 8.5, 13], "rotation": 90, "texture": "#1"},
				"up": {"uv": [11, 9.5, 10, 10], "rotation": 180, "texture": "#1"},
				"down": {"uv": [9.5, 10, 8.5, 10.5], "texture": "#1"}
			}
		},
		{
			"from": [14, 6.5, 8],
			"to": [16, 7.5, 9],
			"rotation": {"angle": 0, "axis": "y", "origin": [16, -16, 0]},
			"faces": {
				"north": {"uv": [10.5, 10.5, 10, 11.5], "rotation": 90, "texture": "#1"},
				"east": {"uv": [8.5, 12.5, 9, 13], "rotation": 270, "texture": "#1"},
				"south": {"uv": [8, 11.5, 7.5, 10.5], "rotation": 90, "texture": "#1"},
				"west": {"uv": [12.5, 9, 13, 9.5], "rotation": 90, "texture": "#1"},
				"up": {"uv": [10, 9.5, 11, 10], "rotation": 180, "texture": "#1"},
				"down": {"uv": [8.5, 10, 9.5, 10.5], "texture": "#1"}
			}
		},
		{
			"from": [10.5, 14, 8],
			"to": [11.5, 16, 9],
			"faces": {
				"north": {"uv": [9, 11, 8.5, 12], "rotation": 180, "texture": "#1"},
				"east": {"uv": [10.5, 6, 11.5, 6.5], "rotation": 270, "texture": "#1"},
				"south": {"uv": [7, 12, 6.5, 11], "texture": "#1"},
				"west": {"uv": [11, 8, 12, 8.5], "rotation": 90, "texture": "#1"},
				"up": {"uv": [12.5, 10, 13, 10.5], "rotation": 180, "texture": "#1"},
				"down": {"uv": [12, 12.5, 12.5, 13], "texture": "#1"}
			}
		},
		{
			"from": [10.5, 0, 8],
			"to": [11.5, 2, 9],
			"rotation": {"angle": 0, "axis": "y", "origin": [0, -16, 0]},
			"faces": {
				"north": {"uv": [9, 12, 8.5, 11], "rotation": 180, "texture": "#1"},
				"east": {"uv": [11.5, 6, 10.5, 6.5], "rotation": 270, "texture": "#1"},
				"south": {"uv": [7, 11, 6.5, 12], "texture": "#1"},
				"west": {"uv": [12, 8, 11, 8.5], "rotation": 90, "texture": "#1"},
				"up": {"uv": [12.5, 12.5, 12, 13], "rotation": 180, "texture": "#1"},
				"down": {"uv": [13, 10, 12.5, 10.5], "texture": "#1"}
			}
		},
		{
			"from": [0, 4.5, 8],
			"to": [2, 5.5, 9],
			"rotation": {"angle": 0, "axis": "y", "origin": [0, -16, 0]},
			"faces": {
				"north": {"uv": [9, 12, 8.5, 11], "rotation": 90, "texture": "#1"},
				"east": {"uv": [12.5, 12.5, 12, 13], "rotation": 270, "texture": "#1"},
				"south": {"uv": [7, 11, 6.5, 12], "rotation": 90, "texture": "#1"},
				"west": {"uv": [13, 10, 12.5, 10.5], "rotation": 90, "texture": "#1"},
				"up": {"uv": [12, 8, 11, 8.5], "rotation": 180, "texture": "#1"},
				"down": {"uv": [11.5, 6, 10.5, 6.5], "texture": "#1"}
			}
		},
		{
			"from": [14, 4.5, 8],
			"to": [16, 5.5, 9],
			"rotation": {"angle": 0, "axis": "y", "origin": [16, -16, 0]},
			"faces": {
				"north": {"uv": [9, 11, 8.5, 12], "rotation": 90, "texture": "#1"},
				"east": {"uv": [12.5, 10, 13, 10.5], "rotation": 270, "texture": "#1"},
				"south": {"uv": [7, 12, 6.5, 11], "rotation": 90, "texture": "#1"},
				"west": {"uv": [12, 12.5, 12.5, 13], "rotation": 90, "texture": "#1"},
				"up": {"uv": [11, 8, 12, 8.5], "rotation": 180, "texture": "#1"},
				"down": {"uv": [10.5, 6, 11.5, 6.5], "texture": "#1"}
			}
		},
		{
			"from": [12.5, 14, 8],
			"to": [13.5, 16, 9],
			"faces": {
				"north": {"uv": [11.5, 11.5, 11, 12.5], "rotation": 180, "texture": "#1"},
				"east": {"uv": [11, 10.5, 12, 11], "rotation": 270, "texture": "#1"},
				"south": {"uv": [12, 10, 11.5, 9], "texture": "#1"},
				"west": {"uv": [11.5, 7, 12.5, 7.5], "rotation": 90, "texture": "#1"},
				"up": {"uv": [0, 13, 0.5, 13.5], "rotation": 180, "texture": "#1"},
				"down": {"uv": [13, 0, 13.5, 0.5], "texture": "#1"}
			}
		},
		{
			"from": [12.5, 0, 8],
			"to": [13.5, 2, 9],
			"rotation": {"angle": 0, "axis": "y", "origin": [0, -16, 0]},
			"faces": {
				"north": {"uv": [11.5, 12.5, 11, 11.5], "rotation": 180, "texture": "#1"},
				"east": {"uv": [12, 10.5, 11, 11], "rotation": 270, "texture": "#1"},
				"south": {"uv": [12, 9, 11.5, 10], "texture": "#1"},
				"west": {"uv": [12.5, 7, 11.5, 7.5], "rotation": 90, "texture": "#1"},
				"up": {"uv": [13.5, 0, 13, 0.5], "rotation": 180, "texture": "#1"},
				"down": {"uv": [0.5, 13, 0, 13.5], "texture": "#1"}
			}
		},
		{
			"from": [0, 2.5, 8],
			"to": [2, 3.5, 9],
			"rotation": {"angle": 0, "axis": "y", "origin": [0, -16, 0]},
			"faces": {
				"north": {"uv": [11.5, 12.5, 11, 11.5], "rotation": 90, "texture": "#1"},
				"east": {"uv": [13.5, 0, 13, 0.5], "rotation": 270, "texture": "#1"},
				"south": {"uv": [12, 9, 11.5, 10], "rotation": 90, "texture": "#1"},
				"west": {"uv": [0.5, 13, 0, 13.5], "rotation": 90, "texture": "#1"},
				"up": {"uv": [12.5, 7, 11.5, 7.5], "rotation": 180, "texture": "#1"},
				"down": {"uv": [12, 10.5, 11, 11], "texture": "#1"}
			}
		},
		{
			"from": [14, 2.5, 8],
			"to": [16, 3.5, 9],
			"rotation": {"angle": 0, "axis": "y", "origin": [16, -16, 0]},
			"faces": {
				"north": {"uv": [11.5, 11.5, 11, 12.5], "rotation": 90, "texture": "#1"},
				"east": {"uv": [0, 13, 0.5, 13.5], "rotation": 270, "texture": "#1"},
				"south": {"uv": [12, 10, 11.5, 9], "rotation": 90, "texture": "#1"},
				"west": {"uv": [13, 0, 13.5, 0.5], "rotation": 90, "texture": "#1"},
				"up": {"uv": [11.5, 7, 12.5, 7.5], "rotation": 180, "texture": "#1"},
				"down": {"uv": [11, 10.5, 12, 11], "texture": "#1"}
			}
		}
	],
	"gui_light": "front",
	"display": {
		"thirdperson_righthand": {
			"translation": [0, 1, 0.25],
			"scale": [0.3, 0.3, 0.3]
		},
		"thirdperson_lefthand": {
			"translation": [0, 1, 0.25],
			"scale": [0.3, 0.3, 0.3]
		},
		"firstperson_righthand": {
			"rotation": [0, -90, 25],
			"translation": [1.13, 3.2, 2.13],
			"scale": [0.3, 0.3, 0.3]
		},
		"firstperson_lefthand": {
			"rotation": [0, -90, 25],
			"translation": [1.13, 3.2, 2.13],
			"scale": [0.3, 0.3, 0.3]
		},
		"ground": {
			"translation": [0, 2, 0],
			"scale": [0.3, 0.3, 0.3]
		},
		"gui": {
			"scale": [0.9, 0.9, 0.9]
		},
		"head": {
			"rotation": [-90, 0, 0],
			"translation": [0, -0.5, 0]
		},
		"fixed": {
			"rotation": [0, 180, 0]
		}
	}
}