{
	"credit": "Made with Blockbench",
	"texture_size": [48, 48],
	"textures": {
		"1": "expansion:tools/fleet_finder"
	},
	"elements": [
		{
			"from": [4, 2, 8.5],
			"to": [12, 13.9, 8.75],
			"rotation": {"angle": 0, "axis": "y", "origin": [0, 16, 8]},
			"faces": {
				"north": {"uv": [5.66667, 0, 3, 4], "rotation": 180, "texture": "#1"},
				"east": {"uv": [6, 1.33333, 10, 1.41667], "rotation": 270, "texture": "#1"},
				"south": {"uv": [2.66667, 4, 0, 0], "texture": "#1"},
				"west": {"uv": [6, 2, 10, 2.08333], "rotation": 90, "texture": "#1"},
				"up": {"uv": [6, 4.66667, 8.66667, 4.75], "rotation": 180, "texture": "#1"},
				"down": {"uv": [2.66667, 6.66667, 5.33333, 6.75], "texture": "#1"}
			}
		},
		{
			"from": [4.25, 1.75, 8.25],
			"to": [11.75, 3.25, 9],
			"rotation": {"angle": 0, "axis": "y", "origin": [0, 16, 8]},
			"faces": {
				"north": {"uv": [5.5, 4.33333, 3, 4.83333], "rotation": 180, "texture": "#1"},
				"east": {"uv": [4.66667, 8, 5.16667, 8.25], "rotation": 270, "texture": "#1"},
				"south": {"uv": [2.5, 4.83333, 0, 4.33333], "texture": "#1"},
				"west": {"uv": [5.66667, 8, 6.16667, 8.25], "rotation": 90, "texture": "#1"},
				"up": {"uv": [2.66667, 5.33333, 5.16667, 5.58333], "rotation": 180, "texture": "#1"},
				"down": {"uv": [5.66667, 5.33333, 8.16667, 5.58333], "texture": "#1"}
			}
		},
		{
			"from": [11.75, 3.9, 8.45],
			"to": [12.25, 4.4, 8.8],
			"rotation": {"angle": 0, "axis": "y", "origin": [0, 15.95, 8]},
			"faces": {
				"north": {"uv": [8.5, 0.66667, 6, 0.83333], "rotation": 180, "texture": "#1"},
				"east": {"uv": [2, 12.33333, 2.16667, 12.41667], "rotation": 270, "texture": "#1"},
				"south": {"uv": [8.5, 0.16667, 6, 0], "texture": "#1"},
				"west": {"uv": [2.66667, 12.33333, 2.83333, 12.41667], "rotation": 90, "texture": "#1"},
				"up": {"uv": [5.66667, 6.66667, 8.16667, 6.75], "rotation": 180, "texture": "#1"},
				"down": {"uv": [7, 6, 9.5, 6.08333], "texture": "#1"}
			}
		},
		{
			"from": [3.75, 3.9, 8.45],
			"to": [4.25, 4.4, 8.8],
			"rotation": {"angle": 0, "axis": "y", "origin": [0, 15.95, 8]},
			"faces": {
				"north": {"uv": [8.5, 0.66667, 6, 0.83333], "rotation": 180, "texture": "#1"},
				"east": {"uv": [2, 12.33333, 2.16667, 12.41667], "rotation": 270, "texture": "#1"},
				"south": {"uv": [8.5, 0.16667, 6, 0], "texture": "#1"},
				"west": {"uv": [2.66667, 12.33333, 2.83333, 12.41667], "rotation": 90, "texture": "#1"},
				"up": {"uv": [5.66667, 6.66667, 8.16667, 6.75], "rotation": 180, "texture": "#1"},
				"down": {"uv": [7, 6, 9.5, 6.08333], "texture": "#1"}
			}
		},
		{
			"from": [11.75, 3.97803, 8.70555],
			"to": [12.25, 4.32803, 8.90555],
			"rotation": {"angle": -45, "axis": "x", "origin": [12, 4.15303, 8.80555]},
			"faces": {
				"north": {"uv": [11.83333, 5.33333, 11.66667, 5.41667], "rotation": 180, "texture": "#1"},
				"east": {"uv": [8, 12.33333, 8.08333, 12.41667], "rotation": 270, "texture": "#1"},
				"south": {"uv": [5.5, 11.75, 5.33333, 11.66667], "texture": "#1"},
				"west": {"uv": [12.33333, 8, 12.41667, 8.08333], "rotation": 90, "texture": "#1"},
				"up": {"uv": [4.66667, 11.66667, 4.83333, 11.75], "rotation": 180, "texture": "#1"},
				"down": {"uv": [11.66667, 4.66667, 11.83333, 4.75], "texture": "#1"}
			}
		},
		{
			"from": [11.75, 2.25, 8.8],
			"to": [12.25, 4.1, 9],
			"rotation": {"angle": 0, "axis": "y", "origin": [0, 0, 8]},
			"faces": {
				"north": {"uv": [3.5, 8.66667, 3.33333, 9.25], "rotation": 180, "texture": "#1"},
				"east": {"uv": [10, 6, 10.58333, 6.08333], "rotation": 270, "texture": "#1"},
				"south": {"uv": [2.83333, 9.25, 2.66667, 8.66667], "texture": "#1"},
				"west": {"uv": [10, 6.66667, 10.58333, 6.75], "rotation": 90, "texture": "#1"},
				"up": {"uv": [6, 11.66667, 6.16667, 11.75], "rotation": 180, "texture": "#1"},
				"down": {"uv": [11.66667, 6, 11.83333, 6.08333], "texture": "#1"}
			}
		},
		{
			"from": [10.25, 1.5, 8.25],
			"to": [12, 1.75, 9],
			"rotation": {"angle": 0, "axis": "y", "origin": [0, 0, 8]},
			"faces": {
				"north": {"uv": [10.58333, 7.33333, 10, 7.41667], "rotation": 180, "texture": "#1"},
				"east": {"uv": [11, 4.33333, 11.08333, 4.58333], "rotation": 270, "texture": "#1"},
				"south": {"uv": [7.91667, 10.08333, 7.33333, 10], "texture": "#1"},
				"west": {"uv": [5, 11, 5.08333, 11.25], "rotation": 90, "texture": "#1"},
				"up": {"uv": [2.66667, 7.33333, 3.25, 7.58333], "rotation": 180, "texture": "#1"},
				"down": {"uv": [3.66667, 7.33333, 4.25, 7.58333], "texture": "#1"}
			}
		},
		{
			"from": [9.15793, 3.63649, 8.26],
			"to": [9.40793, 4.13649, 8.99],
			"rotation": {"angle": 45, "axis": "z", "origin": [12.28293, 3.88649, 8.625]},
			"faces": {
				"north": {"uv": [8.41667, 11.66667, 8.33333, 11.83333], "rotation": 180, "texture": "#1"},
				"east": {"uv": [10.33333, 3, 10.5, 3.25], "rotation": 270, "texture": "#1"},
				"south": {"uv": [11.75, 6.83333, 11.66667, 6.66667], "texture": "#1"},
				"west": {"uv": [3.66667, 10.33333, 3.83333, 10.58333], "rotation": 90, "texture": "#1"},
				"up": {"uv": [11, 5, 11.08333, 5.25], "rotation": 180, "texture": "#1"},
				"down": {"uv": [5.66667, 11, 5.75, 11.25], "texture": "#1"}
			}
		},
		{
			"from": [12.05178, 1.47855, 8.25],
			"to": [12.30178, 2.18855, 9],
			"rotation": {"angle": -45, "axis": "z", "origin": [12.17678, 1.85355, 8.625]},
			"faces": {
				"north": {"uv": [11.08333, 7, 11, 7.25], "rotation": 180, "texture": "#1"},
				"east": {"uv": [8.66667, 9.33333, 8.91667, 9.58333], "rotation": 270, "texture": "#1"},
				"south": {"uv": [11.08333, 6.58333, 11, 6.33333], "texture": "#1"},
				"west": {"uv": [9.33333, 9, 9.58333, 9.25], "rotation": 90, "texture": "#1"},
				"up": {"uv": [11, 5.66667, 11.08333, 5.91667], "rotation": 180, "texture": "#1"},
				"down": {"uv": [6.33333, 11, 6.41667, 11.25], "texture": "#1"}
			}
		},
		{
			"from": [11.55178, 1.47855, 8.3],
			"to": [12.05178, 2.18855, 8.95],
			"rotation": {"angle": -45, "axis": "z", "origin": [12.17678, 1.85355, 8.625]},
			"faces": {
				"north": {"uv": [3.16667, 11, 3, 11.25], "rotation": 180, "texture": "#1"},
				"east": {"uv": [4, 9.66667, 4.25, 9.91667], "rotation": 270, "texture": "#1"},
				"south": {"uv": [2.5, 11.25, 2.33333, 11], "texture": "#1"},
				"west": {"uv": [4.66667, 9.66667, 4.91667, 9.91667], "rotation": 90, "texture": "#1"},
				"up": {"uv": [11, 0.66667, 11.16667, 0.91667], "rotation": 180, "texture": "#1"},
				"down": {"uv": [1.66667, 11, 1.83333, 11.25], "texture": "#1"}
			}
		},
		{
			"from": [3.94822, 1.47855, 8.3],
			"to": [4.44822, 2.18855, 8.95],
			"rotation": {"angle": 45, "axis": "z", "origin": [3.82322, 1.85355, 8.625]},
			"faces": {
				"north": {"uv": [4.5, 11, 4.33333, 11.25], "rotation": 180, "texture": "#1"},
				"east": {"uv": [5.33333, 9.66667, 5.58333, 9.91667], "rotation": 270, "texture": "#1"},
				"south": {"uv": [11.16667, 3.91667, 11, 3.66667], "texture": "#1"},
				"west": {"uv": [6, 9.66667, 6.25, 9.91667], "rotation": 90, "texture": "#1"},
				"up": {"uv": [11, 3, 11.16667, 3.25], "rotation": 180, "texture": "#1"},
				"down": {"uv": [3.66667, 11, 3.83333, 11.25], "texture": "#1"}
			}
		},
		{
			"from": [12.25, 2, 8.25],
			"to": [12.5, 3.75, 9],
			"rotation": {"angle": 0, "axis": "y", "origin": [0, 0, 8]},
			"faces": {
				"north": {"uv": [8.41667, 10, 8.33333, 10.58333], "rotation": 180, "texture": "#1"},
				"east": {"uv": [4.66667, 7.33333, 5.25, 7.58333], "rotation": 270, "texture": "#1"},
				"south": {"uv": [10.08333, 8.58333, 10, 8], "texture": "#1"},
				"west": {"uv": [5.66667, 7.33333, 6.25, 7.58333], "rotation": 90, "texture": "#1"},
				"up": {"uv": [8.33333, 11, 8.41667, 11.25], "rotation": 180, "texture": "#1"},
				"down": {"uv": [11, 8.66667, 11.08333, 8.91667], "texture": "#1"}
			}
		},
		{
			"from": [12.10983, 3.58839, 8.26],
			"to": [12.35983, 4.08839, 8.99],
			"rotation": {"angle": 45, "axis": "z", "origin": [12.23483, 3.83839, 8.625]},
			"faces": {
				"north": {"uv": [9.08333, 11.66667, 9, 11.83333], "rotation": 180, "texture": "#1"},
				"east": {"uv": [10.33333, 3.66667, 10.5, 3.91667], "rotation": 270, "texture": "#1"},
				"south": {"uv": [11.75, 8.5, 11.66667, 8.33333], "texture": "#1"},
				"west": {"uv": [4.33333, 10.33333, 4.5, 10.58333], "rotation": 90, "texture": "#1"},
				"up": {"uv": [9, 11, 9.08333, 11.25], "rotation": 180, "texture": "#1"},
				"down": {"uv": [11, 9.33333, 11.08333, 9.58333], "texture": "#1"}
			}
		},
		{
			"from": [11.75, 4.05303, 8.26945],
			"to": [12.25, 4.25303, 8.61945],
			"rotation": {"angle": -45, "axis": "x", "origin": [12, 4.15303, 8.44445]},
			"faces": {
				"north": {"uv": [10.5, 11.66667, 10.33333, 11.75], "rotation": 180, "texture": "#1"},
				"east": {"uv": [8.66667, 12.33333, 8.75, 12.41667], "rotation": 270, "texture": "#1"},
				"south": {"uv": [11.83333, 9.75, 11.66667, 9.66667], "texture": "#1"},
				"west": {"uv": [12.33333, 8.66667, 12.41667, 8.75], "rotation": 90, "texture": "#1"},
				"up": {"uv": [11.66667, 9, 11.83333, 9.08333], "rotation": 180, "texture": "#1"},
				"down": {"uv": [9.66667, 11.66667, 9.83333, 11.75], "texture": "#1"}
			}
		},
		{
			"from": [11.75, 2.25, 8.25],
			"to": [12.25, 4.1, 8.45],
			"rotation": {"angle": 0, "axis": "y", "origin": [0, 0, 8]},
			"faces": {
				"north": {"uv": [4.83333, 8.66667, 4.66667, 9.25], "rotation": 180, "texture": "#1"},
				"east": {"uv": [10, 9, 10.58333, 9.08333], "rotation": 270, "texture": "#1"},
				"south": {"uv": [4.16667, 9.25, 4, 8.66667], "texture": "#1"},
				"west": {"uv": [10, 9.66667, 10.58333, 9.75], "rotation": 90, "texture": "#1"},
				"up": {"uv": [11.66667, 10.33333, 11.83333, 10.41667], "rotation": 180, "texture": "#1"},
				"down": {"uv": [11.66667, 11, 11.83333, 11.08333], "texture": "#1"}
			}
		},
		{
			"from": [3.75, 3.97803, 8.70555],
			"to": [4.25, 4.32803, 8.90555],
			"rotation": {"angle": -45, "axis": "x", "origin": [4, 4.15303, 8.80555]},
			"faces": {
				"north": {"uv": [12.16667, 1.33333, 12, 1.41667], "rotation": 180, "texture": "#1"},
				"east": {"uv": [9.33333, 12.33333, 9.41667, 12.41667], "rotation": 270, "texture": "#1"},
				"south": {"uv": [0.83333, 12.08333, 0.66667, 12], "texture": "#1"},
				"west": {"uv": [12.33333, 9.33333, 12.41667, 9.41667], "rotation": 90, "texture": "#1"},
				"up": {"uv": [11.66667, 11.66667, 11.83333, 11.75], "rotation": 180, "texture": "#1"},
				"down": {"uv": [12, 0, 12.16667, 0.08333], "texture": "#1"}
			}
		},
		{
			"from": [3.75, 2.25, 8.8],
			"to": [4.25, 4.1, 9],
			"rotation": {"angle": 0, "axis": "y", "origin": [16, 0, 8]},
			"faces": {
				"north": {"uv": [8.83333, 6.66667, 8.66667, 7.25], "rotation": 180, "texture": "#1"},
				"east": {"uv": [10.33333, 2.33333, 10.91667, 2.41667], "rotation": 270, "texture": "#1"},
				"south": {"uv": [6.83333, 9.25, 6.66667, 8.66667], "texture": "#1"},
				"west": {"uv": [2.66667, 10.33333, 3.25, 10.41667], "rotation": 90, "texture": "#1"},
				"up": {"uv": [12.33333, 6, 12.5, 6.08333], "rotation": 180, "texture": "#1"},
				"down": {"uv": [12.33333, 6.66667, 12.5, 6.75], "texture": "#1"}
			}
		},
		{
			"from": [3.43388, 2.51256, 8.26],
			"to": [4.51388, 3.26256, 8.99],
			"rotation": {"angle": -45, "axis": "z", "origin": [4.38388, 2.51256, 8.625]},
			"faces": {
				"north": {"uv": [8.33333, 8.66667, 8, 8.91667], "rotation": 180, "texture": "#1"},
				"east": {"uv": [0, 9.66667, 0.25, 9.91667], "rotation": 270, "texture": "#1"},
				"south": {"uv": [9, 7.91667, 8.66667, 7.66667], "texture": "#1"},
				"west": {"uv": [9.66667, 0, 9.91667, 0.25], "rotation": 90, "texture": "#1"},
				"up": {"uv": [8.66667, 5.33333, 9, 5.58333], "rotation": 180, "texture": "#1"},
				"down": {"uv": [7.33333, 8.66667, 7.66667, 8.91667], "texture": "#1"}
			}
		},
		{
			"from": [11.48612, 2.51256, 8.26],
			"to": [12.56612, 3.26256, 8.99],
			"rotation": {"angle": 45, "axis": "z", "origin": [11.61612, 2.51256, 8.625]},
			"faces": {
				"north": {"uv": [9.66667, 8.33333, 9.33333, 8.58333], "rotation": 180, "texture": "#1"},
				"east": {"uv": [6.66667, 9.66667, 6.91667, 9.91667], "rotation": 270, "texture": "#1"},
				"south": {"uv": [8.33333, 9.58333, 8, 9.33333], "texture": "#1"},
				"west": {"uv": [9.33333, 9.66667, 9.58333, 9.91667], "rotation": 90, "texture": "#1"},
				"up": {"uv": [7.33333, 9.33333, 7.66667, 9.58333], "rotation": 180, "texture": "#1"},
				"down": {"uv": [9.33333, 7.66667, 9.66667, 7.91667], "texture": "#1"}
			}
		},
		{
			"from": [4, 1.5, 8.25],
			"to": [5.75, 1.75, 9],
			"rotation": {"angle": 0, "axis": "y", "origin": [16, 0, 8]},
			"faces": {
				"north": {"uv": [10.91667, 0, 10.33333, 0.08333], "rotation": 180, "texture": "#1"},
				"east": {"uv": [9.66667, 11, 9.75, 11.25], "rotation": 270, "texture": "#1"},
				"south": {"uv": [0.58333, 10.41667, 0, 10.33333], "texture": "#1"},
				"west": {"uv": [11, 10, 11.08333, 10.25], "rotation": 90, "texture": "#1"},
				"up": {"uv": [6.66667, 7.33333, 7.25, 7.58333], "rotation": 180, "texture": "#1"},
				"down": {"uv": [7.66667, 7.33333, 8.25, 7.58333], "texture": "#1"}
			}
		},
		{
			"from": [6.59207, 3.63649, 8.26],
			"to": [6.84207, 4.13649, 8.99],
			"rotation": {"angle": -45, "axis": "z", "origin": [3.71707, 3.88649, 8.625]},
			"faces": {
				"north": {"uv": [6.75, 12, 6.66667, 12.16667], "rotation": 180, "texture": "#1"},
				"east": {"uv": [5, 10.33333, 5.16667, 10.58333], "rotation": 270, "texture": "#1"},
				"south": {"uv": [12.08333, 2.16667, 12, 2], "texture": "#1"},
				"west": {"uv": [5.66667, 10.33333, 5.83333, 10.58333], "rotation": 90, "texture": "#1"},
				"up": {"uv": [10.33333, 11, 10.41667, 11.25], "rotation": 180, "texture": "#1"},
				"down": {"uv": [11, 10.66667, 11.08333, 10.91667], "texture": "#1"}
			}
		},
		{
			"from": [3.69822, 1.47855, 8.25],
			"to": [3.94822, 2.18855, 9],
			"rotation": {"angle": 45, "axis": "z", "origin": [3.82322, 1.85355, 8.625]},
			"faces": {
				"north": {"uv": [11.41667, 2, 11.33333, 2.25], "rotation": 180, "texture": "#1"},
				"east": {"uv": [0.66667, 9.66667, 0.91667, 9.91667], "rotation": 270, "texture": "#1"},
				"south": {"uv": [11.41667, 1.58333, 11.33333, 1.33333], "texture": "#1"},
				"west": {"uv": [9.66667, 0.66667, 9.91667, 0.91667], "rotation": 90, "texture": "#1"},
				"up": {"uv": [11.33333, 0, 11.41667, 0.25], "rotation": 180, "texture": "#1"},
				"down": {"uv": [0.66667, 11.33333, 0.75, 11.58333], "texture": "#1"}
			}
		},
		{
			"from": [3.5, 2, 8.25],
			"to": [3.75, 3.75, 9],
			"rotation": {"angle": 0, "axis": "y", "origin": [16, 0, 8]},
			"faces": {
				"north": {"uv": [1.08333, 10.33333, 1, 10.91667], "rotation": 180, "texture": "#1"},
				"east": {"uv": [2.66667, 8, 3.25, 8.25], "rotation": 270, "texture": "#1"},
				"south": {"uv": [10.41667, 1.25, 10.33333, 0.66667], "texture": "#1"},
				"west": {"uv": [3.66667, 8, 4.25, 8.25], "rotation": 90, "texture": "#1"},
				"up": {"uv": [7, 11.33333, 7.08333, 11.58333], "rotation": 180, "texture": "#1"},
				"down": {"uv": [7.66667, 11.33333, 7.75, 11.58333], "texture": "#1"}
			}
		},
		{
			"from": [3.64017, 3.58839, 8.26],
			"to": [3.89017, 4.08839, 8.99],
			"rotation": {"angle": -45, "axis": "z", "origin": [3.76517, 3.83839, 8.625]},
			"faces": {
				"north": {"uv": [5.41667, 12.33333, 5.33333, 12.5], "rotation": 180, "texture": "#1"},
				"east": {"uv": [10.66667, 8, 10.83333, 8.25], "rotation": 270, "texture": "#1"},
				"south": {"uv": [12.41667, 4.83333, 12.33333, 4.66667], "texture": "#1"},
				"west": {"uv": [0, 11, 0.16667, 11.25], "rotation": 90, "texture": "#1"},
				"up": {"uv": [3.33333, 11.66667, 3.41667, 11.91667], "rotation": 180, "texture": "#1"},
				"down": {"uv": [11.66667, 3.33333, 11.75, 3.58333], "texture": "#1"}
			}
		},
		{
			"from": [3.75, 4.05303, 8.26945],
			"to": [4.25, 4.25303, 8.61945],
			"rotation": {"angle": -45, "axis": "x", "origin": [4, 4.15303, 8.44445]},
			"faces": {
				"north": {"uv": [0.16667, 12.33333, 0, 12.41667], "rotation": 180, "texture": "#1"},
				"east": {"uv": [10, 12.33333, 10.08333, 12.41667], "rotation": 270, "texture": "#1"},
				"south": {"uv": [11.16667, 12.08333, 11, 12], "texture": "#1"},
				"west": {"uv": [12.33333, 10, 12.41667, 10.08333], "rotation": 90, "texture": "#1"},
				"up": {"uv": [7.33333, 12, 7.5, 12.08333], "rotation": 180, "texture": "#1"},
				"down": {"uv": [12, 7.33333, 12.16667, 7.41667], "texture": "#1"}
			}
		},
		{
			"from": [3.75, 2.25, 8.25],
			"to": [4.25, 4.1, 8.45],
			"rotation": {"angle": 0, "axis": "y", "origin": [16, 0, 8]},
			"faces": {
				"north": {"uv": [6.16667, 8.66667, 6, 9.25], "rotation": 180, "texture": "#1"},
				"east": {"uv": [1.66667, 10.33333, 2.25, 10.41667], "rotation": 270, "texture": "#1"},
				"south": {"uv": [5.5, 9.25, 5.33333, 8.66667], "texture": "#1"},
				"west": {"uv": [10.33333, 1.66667, 10.91667, 1.75], "rotation": 90, "texture": "#1"},
				"up": {"uv": [12.33333, 0.66667, 12.5, 0.75], "rotation": 180, "texture": "#1"},
				"down": {"uv": [1.33333, 12.33333, 1.5, 12.41667], "texture": "#1"}
			}
		}
	],
	"gui_light": "front",
	"display": {
		"thirdperson_righthand": {
			"translation": [0, 3, 1],
			"scale": [0.55, 0.55, 0.55]
		},
		"thirdperson_lefthand": {
			"translation": [0, 3, 1],
			"scale": [0.55, 0.55, 0.55]
		},
		"firstperson_righthand": {
			"rotation": [-10, 0, 0],
			"translation": [0, 4, 0],
			"scale": [0.68, 0.68, 0.68]
		},
		"firstperson_lefthand": {
			"rotation": [-10, 0, 0],
			"translation": [0, 4, 0],
			"scale": [0.68, 0.68, 0.68]
		},
		"ground": {
			"rotation": [90, 0, 0],
			"scale": [0.5, 0.5, 0.5]
		},
		"gui": {
			"scale": [1.2, 1.2, 1.2]
		},
		"head": {
			"rotation": [0, 180, 0],
			"translation": [0, 13, 7]
		},
		"fixed": {
			"rotation": [0, 180, 0],
			"scale": [1.5, 1.5, 1.5]
		}
	},
	"groups": [0, 1, 2, 3,
		{
			"name": "corner",
			"origin": [10.33598, 0.625, 2],
			"children": [4, 5, 6, 7, 8, 9, 10, 11, 12, 13, 14]
		},
		{
			"name": "corner",
			"origin": [10.33598, 0.625, 2],
			"children": [15, 16, 17, 18, 19, 20, 21, 22, 23, 24, 25]
		}
	]
}