{
	"credit": "Made with Blockbench",
	"textures": {
		"1": "expansion:tools/steel_axe",
		"particle": "expansion:tools/steel_axe"
	},
	"elements": [
		{
			"name": "steel_axe_0",
			"from": [6.75, 10, 7.5],
			"to": [9.75, 16, 8.5],
			"rotation": {"angle": 0, "axis": "y", "origin": [-0.25, 0, 7.5]},
			"faces": {
				"north": {"uv": [10, 0, 7, 6], "texture": "#1"},
				"east": {"uv": [9, 0, 10, 6], "texture": "#1"},
				"south": {"uv": [7, 0, 10, 6], "texture": "#1"},
				"west": {"uv": [7, 0, 8, 6], "texture": "#1"},
				"up": {"uv": [7, 0, 10, 1], "texture": "#1"},
				"down": {"uv": [7, 5, 10, 6], "texture": "#1"}
			}
		},
		{
			"name": "steel_axe_1",
			"from": [5.75, 10, 7.5],
			"to": [6.75, 15, 8.5],
			"rotation": {"angle": 0, "axis": "y", "origin": [-0.25, 0, 7.5]},
			"faces": {
				"north": {"uv": [7, 1, 6, 6], "texture": "#1"},
				"east": {"uv": [6, 1, 7, 6], "texture": "#1"},
				"south": {"uv": [6, 1, 7, 6], "texture": "#1"},
				"west": {"uv": [6, 1, 7, 6], "texture": "#1"},
				"up": {"uv": [6, 1, 7, 2], "texture": "#1"},
				"down": {"uv": [6, 5, 7, 6], "texture": "#1"}
			}
		},
		{
			"name": "steel_axe_2",
			"from": [9.75, 14, 7.5],
			"to": [10.75, 15, 8.5],
			"rotation": {"angle": 0, "axis": "y", "origin": [-0.25, 0, 7.5]},
			"faces": {
				"north": {"uv": [11, 1, 10, 2], "texture": "#1"},
				"east": {"uv": [10, 1, 11, 2], "texture": "#1"},
				"south": {"uv": [10, 1, 11, 2], "texture": "#1"},
				"west": {"uv": [10, 1, 11, 2], "texture": "#1"},
				"up": {"uv": [10, 1, 11, 2], "texture": "#1"},
				"down": {"uv": [10, 1, 11, 2], "texture": "#1"}
			}
		},
		{
			"name": "steel_axe_3",
			"from": [4.75, 9, 7.5],
			"to": [5.75, 14, 8.5],
			"rotation": {"angle": 0, "axis": "y", "origin": [-0.25, 0, 7.5]},
			"faces": {
				"north": {"uv": [6, 2, 5, 7], "texture": "#1"},
				"east": {"uv": [5, 2, 6, 7], "texture": "#1"},
				"south": {"uv": [5, 2, 6, 7], "texture": "#1"},
				"west": {"uv": [5, 2, 6, 7], "texture": "#1"},
				"up": {"uv": [5, 2, 6, 3], "texture": "#1"},
				"down": {"uv": [5, 6, 6, 7], "texture": "#1"}
			}
		},
		{
			"name": "steel_axe_4",
			"from": [3.75, 8, 7.5],
			"to": [4.75, 13, 8.5],
			"rotation": {"angle": 0, "axis": "y", "origin": [-0.25, 0, 7.5]},
			"faces": {
				"north": {"uv": [5, 3, 4, 8], "texture": "#1"},
				"east": {"uv": [4, 3, 5, 8], "texture": "#1"},
				"south": {"uv": [4, 3, 5, 8], "texture": "#1"},
				"west": {"uv": [4, 3, 5, 8], "texture": "#1"},
				"up": {"uv": [4, 3, 5, 4], "texture": "#1"},
				"down": {"uv": [4, 7, 5, 8], "texture": "#1"}
			}
		},
		{
			"name": "steel_axe_5",
			"from": [9.75, 7, 7.5],
			"to": [10.75, 13, 8.5],
			"rotation": {"angle": 0, "axis": "y", "origin": [-0.25, 0, 7.5]},
			"faces": {
				"north": {"uv": [11, 3, 10, 9], "texture": "#1"},
				"east": {"uv": [10, 3, 11, 9], "texture": "#1"},
				"south": {"uv": [10, 3, 11, 9], "texture": "#1"},
				"west": {"uv": [10, 3, 11, 9], "texture": "#1"},
				"up": {"uv": [10, 3, 11, 4], "texture": "#1"},
				"down": {"uv": [10, 8, 11, 9], "texture": "#1"}
			}
		},
		{
			"name": "steel_axe_6",
			"from": [11.75, 6, 7.5],
			"to": [13.75, 13, 8.5],
			"rotation": {"angle": 0, "axis": "y", "origin": [-0.25, 0, 7.5]},
			"faces": {
				"north": {"uv": [14, 3, 12, 10], "texture": "#1"},
				"east": {"uv": [13, 3, 14, 10], "texture": "#1"},
				"south": {"uv": [12, 3, 14, 10], "texture": "#1"},
				"west": {"uv": [12, 3, 13, 10], "texture": "#1"},
				"up": {"uv": [12, 3, 14, 4], "texture": "#1"},
				"down": {"uv": [12, 9, 14, 10], "texture": "#1"}
			}
		},
		{
			"name": "steel_axe_7",
			"from": [2.75, 7, 7.5],
			"to": [3.75, 12, 8.5],
			"rotation": {"angle": 0, "axis": "y", "origin": [-0.25, 0, 7.5]},
			"faces": {
				"north": {"uv": [4, 4, 3, 9], "texture": "#1"},
				"east": {"uv": [3, 4, 4, 9], "texture": "#1"},
				"south": {"uv": [3, 4, 4, 9], "texture": "#1"},
				"west": {"uv": [3, 4, 4, 9], "texture": "#1"},
				"up": {"uv": [3, 4, 4, 5], "texture": "#1"},
				"down": {"uv": [3, 8, 4, 9], "texture": "#1"}
			}
		},
		{
			"name": "steel_axe_8",
			"from": [10.75, 6, 7.5],
			"to": [11.75, 12, 8.5],
			"rotation": {"angle": 0, "axis": "y", "origin": [-0.25, 0, 7.5]},
			"faces": {
				"north": {"uv": [12, 4, 11, 10], "texture": "#1"},
				"east": {"uv": [11, 4, 12, 10], "texture": "#1"},
				"south": {"uv": [11, 4, 12, 10], "texture": "#1"},
				"west": {"uv": [11, 4, 12, 10], "texture": "#1"},
				"up": {"uv": [11, 4, 12, 5], "texture": "#1"},
				"down": {"uv": [11, 9, 12, 10], "texture": "#1"}
			}
		},
		{
			"name": "steel_axe_9",
			"from": [1.75, 8, 7.5],
			"to": [2.75, 11, 8.5],
			"rotation": {"angle": 0, "axis": "y", "origin": [-0.25, 0, 7.5]},
			"faces": {
				"north": {"uv": [3, 5, 2, 8], "texture": "#1"},
				"east": {"uv": [2, 5, 3, 8], "texture": "#1"},
				"south": {"uv": [2, 5, 3, 8], "texture": "#1"},
				"west": {"uv": [2, 5, 3, 8], "texture": "#1"},
				"up": {"uv": [2, 5, 3, 6], "texture": "#1"},
				"down": {"uv": [2, 7, 3, 8], "texture": "#1"}
			}
		},
		{
			"name": "steel_axe_10",
			"from": [8.75, 7, 7.5],
			"to": [9.75, 10, 8.5],
			"rotation": {"angle": 0, "axis": "y", "origin": [-0.25, 0, 7.5]},
			"faces": {
				"north": {"uv": [10, 6, 9, 9], "texture": "#1"},
				"east": {"uv": [9, 6, 10, 9], "texture": "#1"},
				"south": {"uv": [9, 6, 10, 9], "texture": "#1"},
				"west": {"uv": [9, 6, 10, 9], "texture": "#1"},
				"up": {"uv": [9, 6, 10, 7], "texture": "#1"},
				"down": {"uv": [9, 8, 10, 9], "texture": "#1"}
			}
		},
		{
			"name": "steel_axe_11",
			"from": [13.75, 7, 7.5],
			"to": [14.75, 10, 8.5],
			"rotation": {"angle": 0, "axis": "y", "origin": [-0.25, 0, 7.5]},
			"faces": {
				"north": {"uv": [15, 6, 14, 9], "texture": "#1"},
				"east": {"uv": [14, 6, 15, 9], "texture": "#1"},
				"south": {"uv": [14, 6, 15, 9], "texture": "#1"},
				"west": {"uv": [14, 6, 15, 9], "texture": "#1"},
				"up": {"uv": [14, 6, 15, 7], "texture": "#1"},
				"down": {"uv": [14, 8, 15, 9], "texture": "#1"}
			}
		},
		{
			"name": "steel_axe_12",
			"from": [7.75, 6, 7.5],
			"to": [8.75, 9, 8.5],
			"rotation": {"angle": 0, "axis": "y", "origin": [-0.25, 0, 7.5]},
			"faces": {
				"north": {"uv": [9, 7, 8, 10], "texture": "#1"},
				"east": {"uv": [8, 7, 9, 10], "texture": "#1"},
				"south": {"uv": [8, 7, 9, 10], "texture": "#1"},
				"west": {"uv": [8, 7, 9, 10], "texture": "#1"},
				"up": {"uv": [8, 7, 9, 8], "texture": "#1"},
				"down": {"uv": [8, 9, 9, 10], "texture": "#1"}
			}
		},
		{
			"name": "steel_axe_13",
			"from": [6.75, 5, 7.5],
			"to": [7.75, 8, 8.5],
			"rotation": {"angle": 0, "axis": "y", "origin": [-0.25, 0, 7.5]},
			"faces": {
				"north": {"uv": [8, 8, 7, 11], "texture": "#1"},
				"east": {"uv": [7, 8, 8, 11], "texture": "#1"},
				"south": {"uv": [7, 8, 8, 11], "texture": "#1"},
				"west": {"uv": [7, 8, 8, 11], "texture": "#1"},
				"up": {"uv": [7, 8, 8, 9], "texture": "#1"},
				"down": {"uv": [7, 10, 8, 11], "texture": "#1"}
			}
		},
		{
			"name": "steel_axe_14",
			"from": [5.75, 4, 7.5],
			"to": [6.75, 7, 8.5],
			"rotation": {"angle": 0, "axis": "y", "origin": [-0.25, 0, 7.5]},
			"faces": {
				"north": {"uv": [7, 9, 6, 12], "texture": "#1"},
				"east": {"uv": [6, 9, 7, 12], "texture": "#1"},
				"south": {"uv": [6, 9, 7, 12], "texture": "#1"},
				"west": {"uv": [6, 9, 7, 12], "texture": "#1"},
				"up": {"uv": [6, 9, 7, 10], "texture": "#1"},
				"down": {"uv": [6, 11, 7, 12], "texture": "#1"}
			}
		},
		{
			"name": "steel_axe_15",
			"from": [4.75, 3, 7.5],
			"to": [5.75, 6, 8.5],
			"rotation": {"angle": 0, "axis": "y", "origin": [-0.25, 0, 7.5]},
			"faces": {
				"north": {"uv": [6, 10, 5, 13], "texture": "#1"},
				"east": {"uv": [5, 10, 6, 13], "texture": "#1"},
				"south": {"uv": [5, 10, 6, 13], "texture": "#1"},
				"west": {"uv": [5, 10, 6, 13], "texture": "#1"},
				"up": {"uv": [5, 10, 6, 11], "texture": "#1"},
				"down": {"uv": [5, 12, 6, 13], "texture": "#1"}
			}
		},
		{
			"name": "steel_axe_16",
			"from": [3.75, 2, 7.5],
			"to": [4.75, 5, 8.5],
			"rotation": {"angle": 0, "axis": "y", "origin": [-0.25, 0, 7.5]},
			"faces": {
				"north": {"uv": [5, 11, 4, 14], "texture": "#1"},
				"east": {"uv": [4, 11, 5, 14], "texture": "#1"},
				"south": {"uv": [4, 11, 5, 14], "texture": "#1"},
				"west": {"uv": [4, 11, 5, 14], "texture": "#1"},
				"up": {"uv": [4, 11, 5, 12], "texture": "#1"},
				"down": {"uv": [4, 13, 5, 14], "texture": "#1"}
			}
		},
		{
			"name": "steel_axe_17",
			"from": [2.75, 0, 7.5],
			"to": [3.75, 4, 8.5],
			"rotation": {"angle": 0, "axis": "y", "origin": [-0.25, 0, 7.5]},
			"faces": {
				"north": {"uv": [4, 12, 3, 16], "texture": "#1"},
				"east": {"uv": [3, 12, 4, 16], "texture": "#1"},
				"south": {"uv": [3, 12, 4, 16], "texture": "#1"},
				"west": {"uv": [3, 12, 4, 16], "texture": "#1"},
				"up": {"uv": [3, 12, 4, 13], "texture": "#1"},
				"down": {"uv": [3, 15, 4, 16], "texture": "#1"}
			}
		},
		{
			"name": "steel_axe_18",
			"from": [0.75, 0, 7.5],
			"to": [2.75, 3, 8.5],
			"rotation": {"angle": 0, "axis": "y", "origin": [-0.25, 0, 7.5]},
			"faces": {
				"north": {"uv": [3, 13, 1, 16], "texture": "#1"},
				"east": {"uv": [2, 13, 3, 16], "texture": "#1"},
				"south": {"uv": [1, 13, 3, 16], "texture": "#1"},
				"west": {"uv": [1, 13, 2, 16], "texture": "#1"},
				"up": {"uv": [1, 13, 3, 14], "texture": "#1"},
				"down": {"uv": [1, 15, 3, 16], "texture": "#1"}
			}
		}
	],
	"gui_light": "front",
	"display": {
		"thirdperson_righthand": {
			"rotation": [0, -90, 55],
			"translation": [0, 4, 0.5],
			"scale": [0.85, 0.85, 0.85]
		},
		"thirdperson_lefthand": {
			"rotation": [0, 90, -55],
			"translation": [0, 4, 0.5],
			"scale": [0.85, 0.85, 0.85]
		},
		"firstperson_righthand": {
			"rotation": [0, -90, 25],
			"translation": [1.13, 3.2, 1.13],
			"scale": [0.68, 0.68, 0.68]
		},
		"firstperson_lefthand": {
			"rotation": [0, 90, -25],
			"translation": [1.13, 3.2, 1.13],
			"scale": [0.68, 0.68, 0.68]
		},
		"ground": {
			"translation": [0, 2, 0],
			"scale": [0.5, 0.5, 0.5]
		},
		"head": {
			"rotation": [90, 0, 0]
		}
	},
	"groups": [
		{
			"name": "steel_axe",
			"origin": [8, 8, 8],
			"color": 0,
			"nbt": "{}",
			"armAnimationEnabled": false,
			"children": [0, 1, 2, 3, 4, 5, 6, 7, 8, 9, 10, 11, 12, 13, 14, 15, 16, 17, 18]
		}
	]
}