{
	"credit": "Made with Blockbench",
	"textures": {
		"0": "expansion:armor/rocket_boots",
		"particle": "expansion:armor/rocket_boots"
	},
	"elements": [
		{
			"name": "rocket_boots_0",
			"from": [4, 5, 7.5],
			"to": [7, 16, 8.5],
			"rotation": {"angle": 0, "axis": "y", "origin": [0, 0, 7.5]},
			"faces": {
				"north": {"uv": [7, 0, 4, 11], "texture": "#0"},
				"east": {"uv": [6, 0, 7, 11], "texture": "#0"},
				"south": {"uv": [4, 0, 7, 11], "texture": "#0"},
				"west": {"uv": [4, 0, 5, 11], "texture": "#0"},
				"up": {"uv": [4, 0, 7, 1], "texture": "#0"},
				"down": {"uv": [4, 10, 7, 11], "texture": "#0"}
			}
		},
		{
			"name": "rocket_boots_1",
			"from": [9, 4, 7.5],
			"to": [12, 16, 8.5],
			"rotation": {"angle": 0, "axis": "y", "origin": [0, 0, 7.5]},
			"faces": {
				"north": {"uv": [12, 0, 9, 12], "texture": "#0"},
				"east": {"uv": [11, 0, 12, 12], "texture": "#0"},
				"south": {"uv": [9, 0, 12, 12], "texture": "#0"},
				"west": {"uv": [9, 0, 10, 12], "texture": "#0"},
				"up": {"uv": [9, 0, 12, 1], "texture": "#0"},
				"down": {"uv": [9, 11, 12, 12], "texture": "#0"}
			}
		},
		{
			"name": "rocket_boots_2",
			"from": [3, 2, 7.5],
			"to": [4, 15, 8.5],
			"rotation": {"angle": 0, "axis": "y", "origin": [0, 0, 7.5]},
			"faces": {
				"north": {"uv": [4, 1, 3, 14], "texture": "#0"},
				"east": {"uv": [3, 1, 4, 14], "texture": "#0"},
				"south": {"uv": [3, 1, 4, 14], "texture": "#0"},
				"west": {"uv": [3, 1, 4, 14], "texture": "#0"},
				"up": {"uv": [3, 1, 4, 2], "texture": "#0"},
				"down": {"uv": [3, 13, 4, 14], "texture": "#0"}
			}
		},
		{
			"name": "rocket_boots_3",
			"from": [12, 2, 7.5],
			"to": [13, 15, 8.5],
			"rotation": {"angle": 0, "axis": "y", "origin": [0, 0, 7.5]},
			"faces": {
				"north": {"uv": [13, 1, 12, 14], "texture": "#0"},
				"east": {"uv": [12, 1, 13, 14], "texture": "#0"},
				"south": {"uv": [12, 1, 13, 14], "texture": "#0"},
				"west": {"uv": [12, 1, 13, 14], "texture": "#0"},
				"up": {"uv": [12, 1, 13, 2], "texture": "#0"},
				"down": {"uv": [12, 13, 13, 14], "texture": "#0"}
			}
		},
		{
			"name": "rocket_boots_4",
			"from": [2, 3, 7.5],
			"to": [3, 10, 8.5],
			"rotation": {"angle": 0, "axis": "y", "origin": [0, 0, 7.5]},
			"faces": {
				"north": {"uv": [3, 6, 2, 13], "texture": "#0"},
				"east": {"uv": [2, 6, 3, 13], "texture": "#0"},
				"south": {"uv": [2, 6, 3, 13], "texture": "#0"},
				"west": {"uv": [2, 6, 3, 13], "texture": "#0"},
				"up": {"uv": [2, 6, 3, 7], "texture": "#0"},
				"down": {"uv": [2, 12, 3, 13], "texture": "#0"}
			}
		},
		{
			"name": "rocket_boots_5",
			"from": [13, 4, 7.5],
			"to": [14, 10, 8.5],
			"rotation": {"angle": 0, "axis": "y", "origin": [0, 0, 7.5]},
			"faces": {
				"north": {"uv": [14, 6, 13, 12], "texture": "#0"},
				"east": {"uv": [13, 6, 14, 12], "texture": "#0"},
				"south": {"uv": [13, 6, 14, 12], "texture": "#0"},
				"west": {"uv": [13, 6, 14, 12], "texture": "#0"},
				"up": {"uv": [13, 6, 14, 7], "texture": "#0"},
				"down": {"uv": [13, 11, 14, 12], "texture": "#0"}
			}
		},
		{
			"name": "rocket_boots_6",
			"from": [1, 6, 7.5],
			"to": [2, 9, 8.5],
			"rotation": {"angle": 0, "axis": "y", "origin": [0, 0, 7.5]},
			"faces": {
				"north": {"uv": [2, 7, 1, 10], "texture": "#0"},
				"east": {"uv": [1, 7, 2, 10], "texture": "#0"},
				"south": {"uv": [1, 7, 2, 10], "texture": "#0"},
				"west": {"uv": [1, 7, 2, 10], "texture": "#0"},
				"up": {"uv": [1, 7, 2, 8], "texture": "#0"},
				"down": {"uv": [1, 9, 2, 10], "texture": "#0"}
			}
		},
		{
			"name": "rocket_boots_7",
			"from": [14, 6, 7.5],
			"to": [15, 9, 8.5],
			"rotation": {"angle": 0, "axis": "y", "origin": [0, 0, 7.5]},
			"faces": {
				"north": {"uv": [15, 7, 14, 10], "texture": "#0"},
				"east": {"uv": [14, 7, 15, 10], "texture": "#0"},
				"south": {"uv": [14, 7, 15, 10], "texture": "#0"},
				"west": {"uv": [14, 7, 15, 10], "texture": "#0"},
				"up": {"uv": [14, 7, 15, 8], "texture": "#0"},
				"down": {"uv": [14, 9, 15, 10], "texture": "#0"}
			}
		},
		{
			"name": "rocket_boots_8",
			"from": [4, 3, 7.5],
			"to": [6, 5, 8.5],
			"rotation": {"angle": 0, "axis": "y", "origin": [0, 0, 7.5]},
			"faces": {
				"north": {"uv": [6, 11, 4, 13], "texture": "#0"},
				"east": {"uv": [5, 11, 6, 13], "texture": "#0"},
				"south": {"uv": [4, 11, 6, 13], "texture": "#0"},
				"west": {"uv": [4, 11, 5, 13], "texture": "#0"},
				"up": {"uv": [4, 11, 6, 12], "texture": "#0"},
				"down": {"uv": [4, 12, 6, 13], "texture": "#0"}
			}
		},
		{
			"name": "rocket_boots_9",
			"from": [10, 2, 7.5],
			"to": [12, 4, 8.5],
			"rotation": {"angle": 0, "axis": "y", "origin": [0, 0, 7.5]},
			"faces": {
				"north": {"uv": [12, 12, 10, 14], "texture": "#0"},
				"east": {"uv": [11, 12, 12, 14], "texture": "#0"},
				"south": {"uv": [10, 12, 12, 14], "texture": "#0"},
				"west": {"uv": [10, 12, 11, 14], "texture": "#0"},
				"up": {"uv": [10, 12, 12, 13], "texture": "#0"},
				"down": {"uv": [10, 13, 12, 14], "texture": "#0"}
			}
		},
		{
			"name": "rocket_boots_10",
			"from": [4, 1, 7.5],
			"to": [5, 3, 8.5],
			"rotation": {"angle": 0, "axis": "y", "origin": [0, 0, 7.5]},
			"faces": {
				"north": {"uv": [5, 13, 4, 15], "texture": "#0"},
				"east": {"uv": [4, 13, 5, 15], "texture": "#0"},
				"south": {"uv": [4, 13, 5, 15], "texture": "#0"},
				"west": {"uv": [4, 13, 5, 15], "texture": "#0"},
				"up": {"uv": [4, 13, 5, 14], "texture": "#0"},
				"down": {"uv": [4, 14, 5, 15], "texture": "#0"}
			}
		},
		{
			"name": "rocket_boots_11",
			"from": [11, 1, 7.5],
			"to": [12, 2, 8.5],
			"rotation": {"angle": 0, "axis": "y", "origin": [0, 0, 7.5]},
			"faces": {
				"north": {"uv": [12, 14, 11, 15], "texture": "#0"},
				"east": {"uv": [11, 14, 12, 15], "texture": "#0"},
				"south": {"uv": [11, 14, 12, 15], "texture": "#0"},
				"west": {"uv": [11, 14, 12, 15], "texture": "#0"},
				"up": {"uv": [11, 14, 12, 15], "texture": "#0"},
				"down": {"uv": [11, 14, 12, 15], "texture": "#0"}
			}
		}
	],
	"gui_light": "front",
	"display": {
		"thirdperson_righthand": {
			"translation": [0, 3, 1],
			"scale": [0.55, 0.55, 0.55]
		},
		"thirdperson_lefthand": {
			"translation": [0, 3, 1],
			"scale": [0.55, 0.55, 0.55]
		},
		"firstperson_righthand": {
			"rotation": [0, -90, 25],
			"translation": [1.13, 3.2, 1.13],
			"scale": [0.68, 0.68, 0.68]
		},
		"firstperson_lefthand": {
			"rotation": [0, -90, 25],
			"translation": [1.13, 3.2, 1.13],
			"scale": [0.68, 0.68, 0.68]
		},
		"ground": {
			"translation": [0, 2, 0],
			"scale": [0.5, 0.5, 0.5]
		},
		"gui": {
			"translation": [0, -0.5, 0]
		},
		"head": {
			"rotation": [90, 0, 0],
			"translation": [0, -42.4, 0],
			"scale": [1.6, 1.6, 1.6]
		},
		"fixed": {
			"rotation": [0, 180, 0]
		}
	},
	"groups": [
		{
			"name": "rocket_boots",
			"origin": [8, 8, 8],
			"color": 0,
			"nbt": "{}",
			"armAnimationEnabled": false,
			"children": [0, 1, 2, 3, 4, 5, 6, 7, 8, 9, 10, 11]
		}
	]
}